TimeQuest Timing Analyzer report for FPGA
Tue Jul 28 16:58:23 2026
Quartus II 64-Bit Version 13.1.0 Build 162 10/23/2013 SJ Full Version


---------------------
; Table of Contents ;
---------------------
  1. Legal Notice
  2. TimeQuest Timing Analyzer Summary
  3. Parallel Compilation
  4. Clocks
  5. Slow 1200mV 85C Model Fmax Summary
  6. Timing Closure Recommendations
  7. Slow 1200mV 85C Model Setup Summary
  8. Slow 1200mV 85C Model Hold Summary
  9. Slow 1200mV 85C Model Recovery Summary
 10. Slow 1200mV 85C Model Removal Summary
 11. Slow 1200mV 85C Model Minimum Pulse Width Summary
 12. Slow 1200mV 85C Model Setup: 'CLK50M'
 13. Slow 1200mV 85C Model Hold: 'CLK50M'
 14. Slow 1200mV 85C Model Recovery: 'CLK50M'
 15. Slow 1200mV 85C Model Removal: 'CLK50M'
 16. Slow 1200mV 85C Model Minimum Pulse Width: 'CLK50M'
 17. Setup Times
 18. Hold Times
 19. Clock to Output Times
 20. Minimum Clock to Output Times
 21. Slow 1200mV 85C Model Metastability Report
 22. Slow 1200mV 0C Model Fmax Summary
 23. Slow 1200mV 0C Model Setup Summary
 24. Slow 1200mV 0C Model Hold Summary
 25. Slow 1200mV 0C Model Recovery Summary
 26. Slow 1200mV 0C Model Removal Summary
 27. Slow 1200mV 0C Model Minimum Pulse Width Summary
 28. Slow 1200mV 0C Model Setup: 'CLK50M'
 29. Slow 1200mV 0C Model Hold: 'CLK50M'
 30. Slow 1200mV 0C Model Recovery: 'CLK50M'
 31. Slow 1200mV 0C Model Removal: 'CLK50M'
 32. Slow 1200mV 0C Model Minimum Pulse Width: 'CLK50M'
 33. Setup Times
 34. Hold Times
 35. Clock to Output Times
 36. Minimum Clock to Output Times
 37. Slow 1200mV 0C Model Metastability Report
 38. Fast 1200mV 0C Model Setup Summary
 39. Fast 1200mV 0C Model Hold Summary
 40. Fast 1200mV 0C Model Recovery Summary
 41. Fast 1200mV 0C Model Removal Summary
 42. Fast 1200mV 0C Model Minimum Pulse Width Summary
 43. Fast 1200mV 0C Model Setup: 'CLK50M'
 44. Fast 1200mV 0C Model Hold: 'CLK50M'
 45. Fast 1200mV 0C Model Recovery: 'CLK50M'
 46. Fast 1200mV 0C Model Removal: 'CLK50M'
 47. Fast 1200mV 0C Model Minimum Pulse Width: 'CLK50M'
 48. Setup Times
 49. Hold Times
 50. Clock to Output Times
 51. Minimum Clock to Output Times
 52. Fast 1200mV 0C Model Metastability Report
 53. Multicorner Timing Analysis Summary
 54. Setup Times
 55. Hold Times
 56. Clock to Output Times
 57. Minimum Clock to Output Times
 58. Board Trace Model Assignments
 59. Input Transition Times
 60. Signal Integrity Metrics (Slow 1200mv 0c Model)
 61. Signal Integrity Metrics (Slow 1200mv 85c Model)
 62. Signal Integrity Metrics (Fast 1200mv 0c Model)
 63. Setup Transfers
 64. Hold Transfers
 65. Recovery Transfers
 66. Removal Transfers
 67. Report TCCS
 68. Report RSKM
 69. Unconstrained Paths
 70. TimeQuest Timing Analyzer Messages



----------------
; Legal Notice ;
----------------
Copyright (C) 1991-2013 Altera Corporation
Your use of Altera Corporation's design tools, logic functions 
and other software and tools, and its AMPP partner logic 
functions, and any output files from any of the foregoing 
(including device programming or simulation files), and any 
associated documentation or information are expressly subject 
to the terms and conditions of the Altera Program License 
Subscription Agreement, Altera MegaCore Function License 
Agreement, or other applicable license agreement, including, 
without limitation, that your use is for the sole purpose of 
programming logic devices manufactured by Altera and sold by 
Altera or its authorized distributors.  Please refer to the 
applicable agreement for further details.



+--------------------------------------------------------------------------+
; TimeQuest Timing Analyzer Summary                                        ;
+--------------------+-----------------------------------------------------+
; Quartus II Version ; Version 13.1.0 Build 162 10/23/2013 SJ Full Version ;
; Revision Name      ; FPGA                                                ;
; Device Family      ; Cyclone IV GX                                       ;
; Device Name        ; EP4CGX15BF14C6                                      ;
; Timing Models      ; Final                                               ;
; Delay Model        ; Combined                                            ;
; Rise/Fall Delays   ; Enabled                                             ;
+--------------------+-----------------------------------------------------+


+------------------------------------------+
; Parallel Compilation                     ;
+----------------------------+-------------+
; Processors                 ; Number      ;
+----------------------------+-------------+
; Number detected on machine ; 20          ;
; Maximum allowed            ; 16          ;
;                            ;             ;
; Average used               ; 1.00        ;
; Maximum used               ; 16          ;
;                            ;             ;
; Usage by Processor         ; % Time Used ;
;     Processor 1            ; 100.0%      ;
;     Processors 2-16        ; < 0.1%      ;
;     Processors 17-20       ;   0.0%      ;
+----------------------------+-------------+


+------------------------------------------------------------------------------------------------------------------------------------------------------------------------------------+
; Clocks                                                                                                                                                                             ;
+------------+------+--------+------------+-------+-------+------------+-----------+-------------+-------+--------+-----------+------------+----------+--------+--------+------------+
; Clock Name ; Type ; Period ; Frequency  ; Rise  ; Fall  ; Duty Cycle ; Divide by ; Multiply by ; Phase ; Offset ; Edge List ; Edge Shift ; Inverted ; Master ; Source ; Targets    ;
+------------+------+--------+------------+-------+-------+------------+-----------+-------------+-------+--------+-----------+------------+----------+--------+--------+------------+
; CLK50M     ; Base ; 1.000  ; 1000.0 MHz ; 0.000 ; 0.500 ;            ;           ;             ;       ;        ;           ;            ;          ;        ;        ; { CLK50M } ;
+------------+------+--------+------------+-------+-------+------------+-----------+-------------+-------+--------+-----------+------------+----------+--------+--------+------------+


+-------------------------------------------------+
; Slow 1200mV 85C Model Fmax Summary              ;
+-----------+-----------------+------------+------+
; Fmax      ; Restricted Fmax ; Clock Name ; Note ;
+-----------+-----------------+------------+------+
; 83.22 MHz ; 83.22 MHz       ; CLK50M     ;      ;
+-----------+-----------------+------------+------+
This panel reports FMAX for every clock in the design, regardless of the user-specified clock periods.  FMAX is only computed for paths where the source and destination registers or ports are driven by the same clock.  Paths of different clocks, including generated clocks, are ignored.  For paths between a clock and its inversion, FMAX is computed as if the rising and falling edges are scaled along with FMAX, such that the duty cycle (in terms of a percentage) is maintained. Altera recommends that you always use clock constraints and other slack reports for sign-off analysis.


----------------------------------
; Timing Closure Recommendations ;
----------------------------------
HTML report is unavailable in plain text report export.


+-------------------------------------+
; Slow 1200mV 85C Model Setup Summary ;
+--------+---------+------------------+
; Clock  ; Slack   ; End Point TNS    ;
+--------+---------+------------------+
; CLK50M ; -11.017 ; -2901.982        ;
+--------+---------+------------------+


+------------------------------------+
; Slow 1200mV 85C Model Hold Summary ;
+--------+-------+-------------------+
; Clock  ; Slack ; End Point TNS     ;
+--------+-------+-------------------+
; CLK50M ; 0.207 ; 0.000             ;
+--------+-------+-------------------+


+----------------------------------------+
; Slow 1200mV 85C Model Recovery Summary ;
+--------+--------+----------------------+
; Clock  ; Slack  ; End Point TNS        ;
+--------+--------+----------------------+
; CLK50M ; -1.577 ; -1065.407            ;
+--------+--------+----------------------+


+---------------------------------------+
; Slow 1200mV 85C Model Removal Summary ;
+--------+-------+----------------------+
; Clock  ; Slack ; End Point TNS        ;
+--------+-------+----------------------+
; CLK50M ; 1.745 ; 0.000                ;
+--------+-------+----------------------+


+---------------------------------------------------+
; Slow 1200mV 85C Model Minimum Pulse Width Summary ;
+--------+--------+---------------------------------+
; Clock  ; Slack  ; End Point TNS                   ;
+--------+--------+---------------------------------+
; CLK50M ; -3.000 ; -874.568                        ;
+--------+--------+---------------------------------+


+-------------------------------------------------------------------------------------------------------------------+
; Slow 1200mV 85C Model Setup: 'CLK50M'                                                                             ;
+---------+-----------------+-----------------+--------------+-------------+--------------+------------+------------+
; Slack   ; From Node       ; To Node         ; Launch Clock ; Latch Clock ; Relationship ; Clock Skew ; Data Delay ;
+---------+-----------------+-----------------+--------------+-------------+--------------+------------+------------+
; -11.017 ; can_tx_data[7]  ; can_tx_data[63] ; CLK50M       ; CLK50M      ; 1.000        ; -0.072     ; 11.940     ;
; -10.953 ; can_tx_data[1]  ; can_tx_data[63] ; CLK50M       ; CLK50M      ; 1.000        ; 0.283      ; 12.231     ;
; -10.943 ; can_tx_data[6]  ; can_tx_data[63] ; CLK50M       ; CLK50M      ; 1.000        ; -0.072     ; 11.866     ;
; -10.903 ; can_tx_data[9]  ; can_tx_data[63] ; CLK50M       ; CLK50M      ; 1.000        ; -0.072     ; 11.826     ;
; -10.901 ; can_tx_data[7]  ; can_tx_data[61] ; CLK50M       ; CLK50M      ; 1.000        ; -0.072     ; 11.824     ;
; -10.898 ; can_tx_data[3]  ; can_tx_data[63] ; CLK50M       ; CLK50M      ; 1.000        ; 0.283      ; 12.176     ;
; -10.895 ; can_tx_data[7]  ; can_tx_data[62] ; CLK50M       ; CLK50M      ; 1.000        ; -0.072     ; 11.818     ;
; -10.837 ; can_tx_data[1]  ; can_tx_data[61] ; CLK50M       ; CLK50M      ; 1.000        ; 0.283      ; 12.115     ;
; -10.831 ; can_tx_data[1]  ; can_tx_data[62] ; CLK50M       ; CLK50M      ; 1.000        ; 0.283      ; 12.109     ;
; -10.829 ; can_tx_data[8]  ; can_tx_data[63] ; CLK50M       ; CLK50M      ; 1.000        ; -0.072     ; 11.752     ;
; -10.827 ; can_tx_data[6]  ; can_tx_data[61] ; CLK50M       ; CLK50M      ; 1.000        ; -0.072     ; 11.750     ;
; -10.821 ; can_tx_data[6]  ; can_tx_data[62] ; CLK50M       ; CLK50M      ; 1.000        ; -0.072     ; 11.744     ;
; -10.820 ; can_tx_data[2]  ; can_tx_data[63] ; CLK50M       ; CLK50M      ; 1.000        ; 0.283      ; 12.098     ;
; -10.790 ; can_tx_data[11] ; can_tx_data[63] ; CLK50M       ; CLK50M      ; 1.000        ; -0.072     ; 11.713     ;
; -10.787 ; can_tx_data[9]  ; can_tx_data[61] ; CLK50M       ; CLK50M      ; 1.000        ; -0.072     ; 11.710     ;
; -10.785 ; can_tx_data[7]  ; can_tx_data[59] ; CLK50M       ; CLK50M      ; 1.000        ; -0.072     ; 11.708     ;
; -10.783 ; can_tx_data[5]  ; can_tx_data[63] ; CLK50M       ; CLK50M      ; 1.000        ; 0.283      ; 12.061     ;
; -10.782 ; can_tx_data[3]  ; can_tx_data[61] ; CLK50M       ; CLK50M      ; 1.000        ; 0.283      ; 12.060     ;
; -10.781 ; can_tx_data[9]  ; can_tx_data[62] ; CLK50M       ; CLK50M      ; 1.000        ; -0.072     ; 11.704     ;
; -10.779 ; can_tx_data[7]  ; can_tx_data[60] ; CLK50M       ; CLK50M      ; 1.000        ; -0.072     ; 11.702     ;
; -10.776 ; can_tx_data[3]  ; can_tx_data[62] ; CLK50M       ; CLK50M      ; 1.000        ; 0.283      ; 12.054     ;
; -10.721 ; can_tx_data[1]  ; can_tx_data[59] ; CLK50M       ; CLK50M      ; 1.000        ; 0.283      ; 11.999     ;
; -10.715 ; can_tx_data[1]  ; can_tx_data[60] ; CLK50M       ; CLK50M      ; 1.000        ; 0.283      ; 11.993     ;
; -10.713 ; can_tx_data[10] ; can_tx_data[63] ; CLK50M       ; CLK50M      ; 1.000        ; -0.072     ; 11.636     ;
; -10.713 ; can_tx_data[8]  ; can_tx_data[61] ; CLK50M       ; CLK50M      ; 1.000        ; -0.072     ; 11.636     ;
; -10.711 ; can_tx_data[6]  ; can_tx_data[59] ; CLK50M       ; CLK50M      ; 1.000        ; -0.072     ; 11.634     ;
; -10.707 ; can_tx_data[8]  ; can_tx_data[62] ; CLK50M       ; CLK50M      ; 1.000        ; -0.072     ; 11.630     ;
; -10.705 ; can_tx_data[6]  ; can_tx_data[60] ; CLK50M       ; CLK50M      ; 1.000        ; -0.072     ; 11.628     ;
; -10.704 ; can_tx_data[4]  ; can_tx_data[63] ; CLK50M       ; CLK50M      ; 1.000        ; 0.283      ; 11.982     ;
; -10.704 ; can_tx_data[2]  ; can_tx_data[61] ; CLK50M       ; CLK50M      ; 1.000        ; 0.283      ; 11.982     ;
; -10.698 ; can_tx_data[2]  ; can_tx_data[62] ; CLK50M       ; CLK50M      ; 1.000        ; 0.283      ; 11.976     ;
; -10.674 ; can_tx_data[11] ; can_tx_data[61] ; CLK50M       ; CLK50M      ; 1.000        ; -0.072     ; 11.597     ;
; -10.671 ; can_tx_data[9]  ; can_tx_data[59] ; CLK50M       ; CLK50M      ; 1.000        ; -0.072     ; 11.594     ;
; -10.670 ; can_tx_data[13] ; can_tx_data[63] ; CLK50M       ; CLK50M      ; 1.000        ; -0.072     ; 11.593     ;
; -10.669 ; can_tx_data[7]  ; can_tx_data[57] ; CLK50M       ; CLK50M      ; 1.000        ; -0.072     ; 11.592     ;
; -10.668 ; can_tx_data[11] ; can_tx_data[62] ; CLK50M       ; CLK50M      ; 1.000        ; -0.072     ; 11.591     ;
; -10.667 ; can_tx_data[5]  ; can_tx_data[61] ; CLK50M       ; CLK50M      ; 1.000        ; 0.283      ; 11.945     ;
; -10.666 ; can_tx_data[3]  ; can_tx_data[59] ; CLK50M       ; CLK50M      ; 1.000        ; 0.283      ; 11.944     ;
; -10.665 ; can_tx_data[9]  ; can_tx_data[60] ; CLK50M       ; CLK50M      ; 1.000        ; -0.072     ; 11.588     ;
; -10.663 ; can_tx_data[7]  ; can_tx_data[58] ; CLK50M       ; CLK50M      ; 1.000        ; -0.072     ; 11.586     ;
; -10.661 ; can_tx_data[5]  ; can_tx_data[62] ; CLK50M       ; CLK50M      ; 1.000        ; 0.283      ; 11.939     ;
; -10.660 ; can_tx_data[3]  ; can_tx_data[60] ; CLK50M       ; CLK50M      ; 1.000        ; 0.283      ; 11.938     ;
; -10.605 ; can_tx_data[1]  ; can_tx_data[57] ; CLK50M       ; CLK50M      ; 1.000        ; 0.283      ; 11.883     ;
; -10.599 ; can_tx_data[1]  ; can_tx_data[58] ; CLK50M       ; CLK50M      ; 1.000        ; 0.283      ; 11.877     ;
; -10.597 ; can_tx_data[10] ; can_tx_data[61] ; CLK50M       ; CLK50M      ; 1.000        ; -0.072     ; 11.520     ;
; -10.597 ; can_tx_data[8]  ; can_tx_data[59] ; CLK50M       ; CLK50M      ; 1.000        ; -0.072     ; 11.520     ;
; -10.596 ; can_tx_data[12] ; can_tx_data[63] ; CLK50M       ; CLK50M      ; 1.000        ; -0.072     ; 11.519     ;
; -10.595 ; can_tx_data[6]  ; can_tx_data[57] ; CLK50M       ; CLK50M      ; 1.000        ; -0.072     ; 11.518     ;
; -10.591 ; can_tx_data[10] ; can_tx_data[62] ; CLK50M       ; CLK50M      ; 1.000        ; -0.072     ; 11.514     ;
; -10.591 ; can_tx_data[8]  ; can_tx_data[60] ; CLK50M       ; CLK50M      ; 1.000        ; -0.072     ; 11.514     ;
; -10.589 ; can_tx_data[6]  ; can_tx_data[58] ; CLK50M       ; CLK50M      ; 1.000        ; -0.072     ; 11.512     ;
; -10.588 ; can_tx_data[4]  ; can_tx_data[61] ; CLK50M       ; CLK50M      ; 1.000        ; 0.283      ; 11.866     ;
; -10.588 ; can_tx_data[2]  ; can_tx_data[59] ; CLK50M       ; CLK50M      ; 1.000        ; 0.283      ; 11.866     ;
; -10.582 ; can_tx_data[4]  ; can_tx_data[62] ; CLK50M       ; CLK50M      ; 1.000        ; 0.283      ; 11.860     ;
; -10.582 ; can_tx_data[2]  ; can_tx_data[60] ; CLK50M       ; CLK50M      ; 1.000        ; 0.283      ; 11.860     ;
; -10.562 ; can_tx_data[15] ; can_tx_data[63] ; CLK50M       ; CLK50M      ; 1.000        ; -0.072     ; 11.485     ;
; -10.558 ; can_tx_data[11] ; can_tx_data[59] ; CLK50M       ; CLK50M      ; 1.000        ; -0.072     ; 11.481     ;
; -10.555 ; can_tx_data[9]  ; can_tx_data[57] ; CLK50M       ; CLK50M      ; 1.000        ; -0.072     ; 11.478     ;
; -10.554 ; can_tx_data[13] ; can_tx_data[61] ; CLK50M       ; CLK50M      ; 1.000        ; -0.072     ; 11.477     ;
; -10.553 ; can_tx_data[7]  ; can_tx_data[55] ; CLK50M       ; CLK50M      ; 1.000        ; -0.072     ; 11.476     ;
; -10.552 ; can_tx_data[11] ; can_tx_data[60] ; CLK50M       ; CLK50M      ; 1.000        ; -0.072     ; 11.475     ;
; -10.551 ; can_tx_data[5]  ; can_tx_data[59] ; CLK50M       ; CLK50M      ; 1.000        ; 0.283      ; 11.829     ;
; -10.550 ; can_tx_data[3]  ; can_tx_data[57] ; CLK50M       ; CLK50M      ; 1.000        ; 0.283      ; 11.828     ;
; -10.549 ; can_tx_data[9]  ; can_tx_data[58] ; CLK50M       ; CLK50M      ; 1.000        ; -0.072     ; 11.472     ;
; -10.548 ; can_tx_data[13] ; can_tx_data[62] ; CLK50M       ; CLK50M      ; 1.000        ; -0.072     ; 11.471     ;
; -10.547 ; can_tx_data[7]  ; can_tx_data[56] ; CLK50M       ; CLK50M      ; 1.000        ; -0.072     ; 11.470     ;
; -10.545 ; can_tx_data[5]  ; can_tx_data[60] ; CLK50M       ; CLK50M      ; 1.000        ; 0.283      ; 11.823     ;
; -10.544 ; can_tx_data[3]  ; can_tx_data[58] ; CLK50M       ; CLK50M      ; 1.000        ; 0.283      ; 11.822     ;
; -10.489 ; can_tx_data[1]  ; can_tx_data[55] ; CLK50M       ; CLK50M      ; 1.000        ; 0.283      ; 11.767     ;
; -10.483 ; can_tx_data[1]  ; can_tx_data[56] ; CLK50M       ; CLK50M      ; 1.000        ; 0.283      ; 11.761     ;
; -10.481 ; can_tx_data[10] ; can_tx_data[59] ; CLK50M       ; CLK50M      ; 1.000        ; -0.072     ; 11.404     ;
; -10.481 ; can_tx_data[8]  ; can_tx_data[57] ; CLK50M       ; CLK50M      ; 1.000        ; -0.072     ; 11.404     ;
; -10.480 ; can_tx_data[14] ; can_tx_data[63] ; CLK50M       ; CLK50M      ; 1.000        ; -0.072     ; 11.403     ;
; -10.480 ; can_tx_data[12] ; can_tx_data[61] ; CLK50M       ; CLK50M      ; 1.000        ; -0.072     ; 11.403     ;
; -10.479 ; can_tx_data[6]  ; can_tx_data[55] ; CLK50M       ; CLK50M      ; 1.000        ; -0.072     ; 11.402     ;
; -10.475 ; can_tx_data[10] ; can_tx_data[60] ; CLK50M       ; CLK50M      ; 1.000        ; -0.072     ; 11.398     ;
; -10.475 ; can_tx_data[8]  ; can_tx_data[58] ; CLK50M       ; CLK50M      ; 1.000        ; -0.072     ; 11.398     ;
; -10.474 ; can_tx_data[12] ; can_tx_data[62] ; CLK50M       ; CLK50M      ; 1.000        ; -0.072     ; 11.397     ;
; -10.473 ; can_tx_data[6]  ; can_tx_data[56] ; CLK50M       ; CLK50M      ; 1.000        ; -0.072     ; 11.396     ;
; -10.472 ; can_tx_data[4]  ; can_tx_data[59] ; CLK50M       ; CLK50M      ; 1.000        ; 0.283      ; 11.750     ;
; -10.472 ; can_tx_data[2]  ; can_tx_data[57] ; CLK50M       ; CLK50M      ; 1.000        ; 0.283      ; 11.750     ;
; -10.466 ; can_tx_data[4]  ; can_tx_data[60] ; CLK50M       ; CLK50M      ; 1.000        ; 0.283      ; 11.744     ;
; -10.466 ; can_tx_data[2]  ; can_tx_data[58] ; CLK50M       ; CLK50M      ; 1.000        ; 0.283      ; 11.744     ;
; -10.446 ; can_tx_data[15] ; can_tx_data[61] ; CLK50M       ; CLK50M      ; 1.000        ; -0.072     ; 11.369     ;
; -10.442 ; can_tx_data[17] ; can_tx_data[63] ; CLK50M       ; CLK50M      ; 1.000        ; -0.073     ; 11.364     ;
; -10.442 ; can_tx_data[11] ; can_tx_data[57] ; CLK50M       ; CLK50M      ; 1.000        ; -0.072     ; 11.365     ;
; -10.440 ; can_tx_data[15] ; can_tx_data[62] ; CLK50M       ; CLK50M      ; 1.000        ; -0.072     ; 11.363     ;
; -10.439 ; can_tx_data[9]  ; can_tx_data[55] ; CLK50M       ; CLK50M      ; 1.000        ; -0.072     ; 11.362     ;
; -10.438 ; can_tx_data[13] ; can_tx_data[59] ; CLK50M       ; CLK50M      ; 1.000        ; -0.072     ; 11.361     ;
; -10.437 ; can_tx_data[7]  ; can_tx_data[53] ; CLK50M       ; CLK50M      ; 1.000        ; -0.072     ; 11.360     ;
; -10.436 ; can_tx_data[11] ; can_tx_data[58] ; CLK50M       ; CLK50M      ; 1.000        ; -0.072     ; 11.359     ;
; -10.435 ; can_tx_data[5]  ; can_tx_data[57] ; CLK50M       ; CLK50M      ; 1.000        ; 0.283      ; 11.713     ;
; -10.434 ; can_tx_data[3]  ; can_tx_data[55] ; CLK50M       ; CLK50M      ; 1.000        ; 0.283      ; 11.712     ;
; -10.433 ; can_tx_data[9]  ; can_tx_data[56] ; CLK50M       ; CLK50M      ; 1.000        ; -0.072     ; 11.356     ;
; -10.432 ; can_tx_data[13] ; can_tx_data[60] ; CLK50M       ; CLK50M      ; 1.000        ; -0.072     ; 11.355     ;
; -10.431 ; can_tx_data[7]  ; can_tx_data[54] ; CLK50M       ; CLK50M      ; 1.000        ; -0.072     ; 11.354     ;
; -10.429 ; can_tx_data[5]  ; can_tx_data[58] ; CLK50M       ; CLK50M      ; 1.000        ; 0.283      ; 11.707     ;
; -10.428 ; can_tx_data[3]  ; can_tx_data[56] ; CLK50M       ; CLK50M      ; 1.000        ; 0.283      ; 11.706     ;
; -10.373 ; can_tx_data[1]  ; can_tx_data[53] ; CLK50M       ; CLK50M      ; 1.000        ; 0.283      ; 11.651     ;
; -10.367 ; can_tx_data[1]  ; can_tx_data[54] ; CLK50M       ; CLK50M      ; 1.000        ; 0.283      ; 11.645     ;
+---------+-----------------+-----------------+--------------+-------------+--------------+------------+------------+


+--------------------------------------------------------------------------------------------------------------------------------------------------------------------------------------------------------------------------------------------------------------------------------------------+
; Slow 1200mV 85C Model Hold: 'CLK50M'                                                                                                                                                                                                                                                       ;
+-------+----------------------------------------------------------------------------------------------------+---------------------------------------------------------------------------------------------------------+--------------+-------------+--------------+------------+------------+
; Slack ; From Node                                                                                          ; To Node                                                                                                 ; Launch Clock ; Latch Clock ; Relationship ; Clock Skew ; Data Delay ;
+-------+----------------------------------------------------------------------------------------------------+---------------------------------------------------------------------------------------------------------+--------------+-------------+--------------+------------+------------+
; 0.207 ; can_top:u_can_top|can_level_packet:u_can_level_packet|tx_crc[4]                                    ; can_top:u_can_top|can_level_packet:u_can_level_packet|tx_crc[5]                                         ; CLK50M       ; CLK50M      ; 0.000        ; 0.420      ; 0.784      ;
; 0.302 ; can_top:u_can_top|rx_data[0]                                                                       ; uart_tx:u_uart_tx|altsyncram:buffer_rtl_0|altsyncram_c6h1:auto_generated|ram_block1a0~porta_datain_reg0 ; CLK50M       ; CLK50M      ; 0.000        ; 0.402      ; 0.891      ;
; 0.303 ; can_top:u_can_top|rx_data[1]                                                                       ; uart_tx:u_uart_tx|altsyncram:buffer_rtl_0|altsyncram_c6h1:auto_generated|ram_block1a0~porta_datain_reg0 ; CLK50M       ; CLK50M      ; 0.000        ; 0.402      ; 0.892      ;
; 0.304 ; can_top:u_can_top|rx_data[5]                                                                       ; uart_tx:u_uart_tx|altsyncram:buffer_rtl_0|altsyncram_c6h1:auto_generated|ram_block1a0~porta_datain_reg0 ; CLK50M       ; CLK50M      ; 0.000        ; 0.402      ; 0.893      ;
; 0.304 ; can_top:u_can_top|rx_data[6]                                                                       ; uart_tx:u_uart_tx|altsyncram:buffer_rtl_0|altsyncram_c6h1:auto_generated|ram_block1a0~porta_datain_reg0 ; CLK50M       ; CLK50M      ; 0.000        ; 0.402      ; 0.893      ;
; 0.308 ; can_top:u_can_top|rx_data[3]                                                                       ; uart_tx:u_uart_tx|altsyncram:buffer_rtl_0|altsyncram_c6h1:auto_generated|ram_block1a0~porta_datain_reg0 ; CLK50M       ; CLK50M      ; 0.000        ; 0.402      ; 0.897      ;
; 0.312 ; can_top:u_can_top|can_level_packet:u_can_level_packet|rx_history[4]                                ; can_top:u_can_top|can_level_packet:u_can_level_packet|rx_history[5]                                     ; CLK50M       ; CLK50M      ; 0.000        ; 0.420      ; 0.889      ;
; 0.323 ; can_tx_data[4]                                                                                     ; can_top:u_can_top|altsyncram:buffer_rtl_0|altsyncram_c9h1:auto_generated|ram_block1a0~porta_datain_reg0 ; CLK50M       ; CLK50M      ; 0.000        ; 0.402      ; 0.912      ;
; 0.325 ; can_tx_data[3]                                                                                     ; can_top:u_can_top|altsyncram:buffer_rtl_0|altsyncram_c9h1:auto_generated|ram_block1a0~porta_datain_reg0 ; CLK50M       ; CLK50M      ; 0.000        ; 0.402      ; 0.914      ;
; 0.327 ; can_top:u_can_top|rx_data[7]                                                                       ; uart_tx:u_uart_tx|altsyncram:buffer_rtl_0|altsyncram_c6h1:auto_generated|ram_block1a0~porta_datain_reg0 ; CLK50M       ; CLK50M      ; 0.000        ; 0.402      ; 0.916      ;
; 0.335 ; can_top:u_can_top|can_level_packet:u_can_level_packet|tx_shift[69]                                 ; can_top:u_can_top|can_level_packet:u_can_level_packet|tx_shift[70]                                      ; CLK50M       ; CLK50M      ; 0.000        ; 0.420      ; 0.912      ;
; 0.340 ; uart_tx:u_uart_tx|state[0]                                                                         ; uart_tx:u_uart_tx|state[0]                                                                              ; CLK50M       ; CLK50M      ; 0.000        ; 0.080      ; 0.577      ;
; 0.340 ; uart_tx:u_uart_tx|wptr[0]                                                                          ; uart_tx:u_uart_tx|wptr[0]                                                                               ; CLK50M       ; CLK50M      ; 0.000        ; 0.080      ; 0.577      ;
; 0.340 ; can_top:u_can_top|keepdata[49]                                                                     ; can_top:u_can_top|keepdata[49]                                                                          ; CLK50M       ; CLK50M      ; 0.000        ; 0.080      ; 0.577      ;
; 0.340 ; can_top:u_can_top|keepdata[48]                                                                     ; can_top:u_can_top|keepdata[48]                                                                          ; CLK50M       ; CLK50M      ; 0.000        ; 0.080      ; 0.577      ;
; 0.340 ; can_top:u_can_top|keepdata[47]                                                                     ; can_top:u_can_top|keepdata[47]                                                                          ; CLK50M       ; CLK50M      ; 0.000        ; 0.080      ; 0.577      ;
; 0.340 ; can_top:u_can_top|keepdata[46]                                                                     ; can_top:u_can_top|keepdata[46]                                                                          ; CLK50M       ; CLK50M      ; 0.000        ; 0.080      ; 0.577      ;
; 0.340 ; can_top:u_can_top|keepdata[45]                                                                     ; can_top:u_can_top|keepdata[45]                                                                          ; CLK50M       ; CLK50M      ; 0.000        ; 0.080      ; 0.577      ;
; 0.340 ; can_top:u_can_top|keepdata[44]                                                                     ; can_top:u_can_top|keepdata[44]                                                                          ; CLK50M       ; CLK50M      ; 0.000        ; 0.080      ; 0.577      ;
; 0.340 ; can_top:u_can_top|keepdata[43]                                                                     ; can_top:u_can_top|keepdata[43]                                                                          ; CLK50M       ; CLK50M      ; 0.000        ; 0.080      ; 0.577      ;
; 0.341 ; can_top:u_can_top|can_level_packet:u_can_level_packet|can_level_bit:u_can_level_bit|stat.STAT_PTS  ; can_top:u_can_top|can_level_packet:u_can_level_packet|can_level_bit:u_can_level_bit|stat.STAT_PTS       ; CLK50M       ; CLK50M      ; 0.000        ; 0.079      ; 0.577      ;
; 0.341 ; can_top:u_can_top|can_level_packet:u_can_level_packet|can_level_bit:u_can_level_bit|stat.STAT_PBS2 ; can_top:u_can_top|can_level_packet:u_can_level_packet|can_level_bit:u_can_level_bit|stat.STAT_PBS2      ; CLK50M       ; CLK50M      ; 0.000        ; 0.079      ; 0.577      ;
; 0.341 ; can_top:u_can_top|can_level_packet:u_can_level_packet|can_level_bit:u_can_level_bit|cnt_high[0]    ; can_top:u_can_top|can_level_packet:u_can_level_packet|can_level_bit:u_can_level_bit|cnt_high[0]         ; CLK50M       ; CLK50M      ; 0.000        ; 0.079      ; 0.577      ;
; 0.341 ; can_top:u_can_top|can_level_packet:u_can_level_packet|can_level_bit:u_can_level_bit|inframe        ; can_top:u_can_top|can_level_packet:u_can_level_packet|can_level_bit:u_can_level_bit|inframe             ; CLK50M       ; CLK50M      ; 0.000        ; 0.079      ; 0.577      ;
; 0.341 ; can_top:u_can_top|can_level_packet:u_can_level_packet|stat.RX_EOF                                  ; can_top:u_can_top|can_level_packet:u_can_level_packet|stat.RX_EOF                                       ; CLK50M       ; CLK50M      ; 0.000        ; 0.079      ; 0.577      ;
; 0.341 ; can_top:u_can_top|can_level_packet:u_can_level_packet|rx_rtr                                       ; can_top:u_can_top|can_level_packet:u_can_level_packet|rx_rtr                                            ; CLK50M       ; CLK50M      ; 0.000        ; 0.079      ; 0.577      ;
; 0.341 ; can_top:u_can_top|can_level_packet:u_can_level_packet|rx_len[1]                                    ; can_top:u_can_top|can_level_packet:u_can_level_packet|rx_len[1]                                         ; CLK50M       ; CLK50M      ; 0.000        ; 0.079      ; 0.577      ;
; 0.341 ; can_top:u_can_top|can_level_packet:u_can_level_packet|rx_len[0]                                    ; can_top:u_can_top|can_level_packet:u_can_level_packet|rx_len[0]                                         ; CLK50M       ; CLK50M      ; 0.000        ; 0.079      ; 0.577      ;
; 0.341 ; can_top:u_can_top|can_level_packet:u_can_level_packet|rx_len[2]                                    ; can_top:u_can_top|can_level_packet:u_can_level_packet|rx_len[2]                                         ; CLK50M       ; CLK50M      ; 0.000        ; 0.079      ; 0.577      ;
; 0.341 ; can_top:u_can_top|can_level_packet:u_can_level_packet|rx_len[3]                                    ; can_top:u_can_top|can_level_packet:u_can_level_packet|rx_len[3]                                         ; CLK50M       ; CLK50M      ; 0.000        ; 0.079      ; 0.577      ;
; 0.341 ; can_top:u_can_top|can_level_packet:u_can_level_packet|tx_crc[14]                                   ; can_top:u_can_top|can_level_packet:u_can_level_packet|tx_crc[14]                                        ; CLK50M       ; CLK50M      ; 0.000        ; 0.079      ; 0.577      ;
; 0.341 ; can_top:u_can_top|wptr[0]                                                                          ; can_top:u_can_top|wptr[0]                                                                               ; CLK50M       ; CLK50M      ; 0.000        ; 0.079      ; 0.577      ;
; 0.342 ; can_top:u_can_top|can_level_packet:u_can_level_packet|can_level_bit:u_can_level_bit|can_tx         ; can_top:u_can_top|can_level_packet:u_can_level_packet|can_level_bit:u_can_level_bit|can_tx              ; CLK50M       ; CLK50M      ; 0.000        ; 0.078      ; 0.577      ;
; 0.342 ; can_top:u_can_top|can_level_packet:u_can_level_packet|can_level_bit:u_can_level_bit|cnt_high[2]    ; can_top:u_can_top|can_level_packet:u_can_level_packet|can_level_bit:u_can_level_bit|cnt_high[2]         ; CLK50M       ; CLK50M      ; 0.000        ; 0.078      ; 0.577      ;
; 0.342 ; can_top:u_can_top|can_level_packet:u_can_level_packet|can_level_bit:u_can_level_bit|cnt_high[1]    ; can_top:u_can_top|can_level_packet:u_can_level_packet|can_level_bit:u_can_level_bit|cnt_high[1]         ; CLK50M       ; CLK50M      ; 0.000        ; 0.078      ; 0.577      ;
; 0.342 ; can_top:u_can_top|can_level_packet:u_can_level_packet|rx_data[30]                                  ; can_top:u_can_top|can_level_packet:u_can_level_packet|rx_data[30]                                       ; CLK50M       ; CLK50M      ; 0.000        ; 0.078      ; 0.577      ;
; 0.342 ; can_top:u_can_top|can_level_packet:u_can_level_packet|rx_data[29]                                  ; can_top:u_can_top|can_level_packet:u_can_level_packet|rx_data[29]                                       ; CLK50M       ; CLK50M      ; 0.000        ; 0.078      ; 0.577      ;
; 0.342 ; can_top:u_can_top|can_level_packet:u_can_level_packet|rx_data[28]                                  ; can_top:u_can_top|can_level_packet:u_can_level_packet|rx_data[28]                                       ; CLK50M       ; CLK50M      ; 0.000        ; 0.078      ; 0.577      ;
; 0.342 ; can_top:u_can_top|can_level_packet:u_can_level_packet|rx_data[27]                                  ; can_top:u_can_top|can_level_packet:u_can_level_packet|rx_data[27]                                       ; CLK50M       ; CLK50M      ; 0.000        ; 0.078      ; 0.577      ;
; 0.342 ; can_top:u_can_top|can_level_packet:u_can_level_packet|rx_data[26]                                  ; can_top:u_can_top|can_level_packet:u_can_level_packet|rx_data[26]                                       ; CLK50M       ; CLK50M      ; 0.000        ; 0.078      ; 0.577      ;
; 0.342 ; can_top:u_can_top|can_level_packet:u_can_level_packet|rx_data[25]                                  ; can_top:u_can_top|can_level_packet:u_can_level_packet|rx_data[25]                                       ; CLK50M       ; CLK50M      ; 0.000        ; 0.078      ; 0.577      ;
; 0.342 ; can_top:u_can_top|can_level_packet:u_can_level_packet|rx_data[24]                                  ; can_top:u_can_top|can_level_packet:u_can_level_packet|rx_data[24]                                       ; CLK50M       ; CLK50M      ; 0.000        ; 0.078      ; 0.577      ;
; 0.342 ; can_top:u_can_top|can_level_packet:u_can_level_packet|rx_data[23]                                  ; can_top:u_can_top|can_level_packet:u_can_level_packet|rx_data[23]                                       ; CLK50M       ; CLK50M      ; 0.000        ; 0.078      ; 0.577      ;
; 0.342 ; can_top:u_can_top|can_level_packet:u_can_level_packet|rx_data[22]                                  ; can_top:u_can_top|can_level_packet:u_can_level_packet|rx_data[22]                                       ; CLK50M       ; CLK50M      ; 0.000        ; 0.078      ; 0.577      ;
; 0.342 ; can_top:u_can_top|can_level_packet:u_can_level_packet|rx_data[21]                                  ; can_top:u_can_top|can_level_packet:u_can_level_packet|rx_data[21]                                       ; CLK50M       ; CLK50M      ; 0.000        ; 0.078      ; 0.577      ;
; 0.342 ; can_top:u_can_top|can_level_packet:u_can_level_packet|rx_data[20]                                  ; can_top:u_can_top|can_level_packet:u_can_level_packet|rx_data[20]                                       ; CLK50M       ; CLK50M      ; 0.000        ; 0.078      ; 0.577      ;
; 0.342 ; can_top:u_can_top|can_level_packet:u_can_level_packet|rx_data[14]                                  ; can_top:u_can_top|can_level_packet:u_can_level_packet|rx_data[14]                                       ; CLK50M       ; CLK50M      ; 0.000        ; 0.078      ; 0.577      ;
; 0.342 ; can_top:u_can_top|can_level_packet:u_can_level_packet|rx_data[13]                                  ; can_top:u_can_top|can_level_packet:u_can_level_packet|rx_data[13]                                       ; CLK50M       ; CLK50M      ; 0.000        ; 0.078      ; 0.577      ;
; 0.342 ; can_top:u_can_top|can_level_packet:u_can_level_packet|rx_data[12]                                  ; can_top:u_can_top|can_level_packet:u_can_level_packet|rx_data[12]                                       ; CLK50M       ; CLK50M      ; 0.000        ; 0.078      ; 0.577      ;
; 0.342 ; can_top:u_can_top|can_level_packet:u_can_level_packet|rx_data[11]                                  ; can_top:u_can_top|can_level_packet:u_can_level_packet|rx_data[11]                                       ; CLK50M       ; CLK50M      ; 0.000        ; 0.078      ; 0.577      ;
; 0.342 ; can_top:u_can_top|can_level_packet:u_can_level_packet|rx_data[10]                                  ; can_top:u_can_top|can_level_packet:u_can_level_packet|rx_data[10]                                       ; CLK50M       ; CLK50M      ; 0.000        ; 0.078      ; 0.577      ;
; 0.342 ; can_top:u_can_top|can_level_packet:u_can_level_packet|rx_data[9]                                   ; can_top:u_can_top|can_level_packet:u_can_level_packet|rx_data[9]                                        ; CLK50M       ; CLK50M      ; 0.000        ; 0.078      ; 0.577      ;
; 0.342 ; can_top:u_can_top|can_level_packet:u_can_level_packet|rx_data[8]                                   ; can_top:u_can_top|can_level_packet:u_can_level_packet|rx_data[8]                                        ; CLK50M       ; CLK50M      ; 0.000        ; 0.078      ; 0.577      ;
; 0.342 ; can_top:u_can_top|can_level_packet:u_can_level_packet|rx_data[7]                                   ; can_top:u_can_top|can_level_packet:u_can_level_packet|rx_data[7]                                        ; CLK50M       ; CLK50M      ; 0.000        ; 0.078      ; 0.577      ;
; 0.342 ; can_top:u_can_top|can_level_packet:u_can_level_packet|rx_data[6]                                   ; can_top:u_can_top|can_level_packet:u_can_level_packet|rx_data[6]                                        ; CLK50M       ; CLK50M      ; 0.000        ; 0.078      ; 0.577      ;
; 0.342 ; can_top:u_can_top|can_level_packet:u_can_level_packet|rx_data[5]                                   ; can_top:u_can_top|can_level_packet:u_can_level_packet|rx_data[5]                                        ; CLK50M       ; CLK50M      ; 0.000        ; 0.078      ; 0.577      ;
; 0.342 ; can_top:u_can_top|can_level_packet:u_can_level_packet|stat.TRX_ID_BASE                             ; can_top:u_can_top|can_level_packet:u_can_level_packet|stat.TRX_ID_BASE                                  ; CLK50M       ; CLK50M      ; 0.000        ; 0.078      ; 0.577      ;
; 0.342 ; can_top:u_can_top|keepdata[63]                                                                     ; can_top:u_can_top|keepdata[63]                                                                          ; CLK50M       ; CLK50M      ; 0.000        ; 0.078      ; 0.577      ;
; 0.342 ; can_top:u_can_top|keepdata[60]                                                                     ; can_top:u_can_top|keepdata[60]                                                                          ; CLK50M       ; CLK50M      ; 0.000        ; 0.078      ; 0.577      ;
; 0.342 ; can_top:u_can_top|keepdata[58]                                                                     ; can_top:u_can_top|keepdata[58]                                                                          ; CLK50M       ; CLK50M      ; 0.000        ; 0.078      ; 0.577      ;
; 0.342 ; can_top:u_can_top|keepdata[56]                                                                     ; can_top:u_can_top|keepdata[56]                                                                          ; CLK50M       ; CLK50M      ; 0.000        ; 0.078      ; 0.577      ;
; 0.342 ; can_top:u_can_top|keepdata[54]                                                                     ; can_top:u_can_top|keepdata[54]                                                                          ; CLK50M       ; CLK50M      ; 0.000        ; 0.078      ; 0.577      ;
; 0.342 ; can_top:u_can_top|keepdata[53]                                                                     ; can_top:u_can_top|keepdata[53]                                                                          ; CLK50M       ; CLK50M      ; 0.000        ; 0.078      ; 0.577      ;
; 0.342 ; can_top:u_can_top|keepdata[52]                                                                     ; can_top:u_can_top|keepdata[52]                                                                          ; CLK50M       ; CLK50M      ; 0.000        ; 0.078      ; 0.577      ;
; 0.342 ; can_top:u_can_top|keepdata[51]                                                                     ; can_top:u_can_top|keepdata[51]                                                                          ; CLK50M       ; CLK50M      ; 0.000        ; 0.078      ; 0.577      ;
; 0.342 ; can_top:u_can_top|keepdata[50]                                                                     ; can_top:u_can_top|keepdata[50]                                                                          ; CLK50M       ; CLK50M      ; 0.000        ; 0.078      ; 0.577      ;
; 0.342 ; can_top:u_can_top|keepdata[42]                                                                     ; can_top:u_can_top|keepdata[42]                                                                          ; CLK50M       ; CLK50M      ; 0.000        ; 0.078      ; 0.577      ;
; 0.342 ; can_top:u_can_top|keepdata[40]                                                                     ; can_top:u_can_top|keepdata[40]                                                                          ; CLK50M       ; CLK50M      ; 0.000        ; 0.078      ; 0.577      ;
; 0.342 ; can_top:u_can_top|keepdata[38]                                                                     ; can_top:u_can_top|keepdata[38]                                                                          ; CLK50M       ; CLK50M      ; 0.000        ; 0.078      ; 0.577      ;
; 0.342 ; can_top:u_can_top|keepdata[37]                                                                     ; can_top:u_can_top|keepdata[37]                                                                          ; CLK50M       ; CLK50M      ; 0.000        ; 0.078      ; 0.577      ;
; 0.342 ; can_top:u_can_top|keepdata[36]                                                                     ; can_top:u_can_top|keepdata[36]                                                                          ; CLK50M       ; CLK50M      ; 0.000        ; 0.078      ; 0.577      ;
; 0.342 ; can_top:u_can_top|keepdata[35]                                                                     ; can_top:u_can_top|keepdata[35]                                                                          ; CLK50M       ; CLK50M      ; 0.000        ; 0.078      ; 0.577      ;
; 0.342 ; can_top:u_can_top|keepdata[34]                                                                     ; can_top:u_can_top|keepdata[34]                                                                          ; CLK50M       ; CLK50M      ; 0.000        ; 0.078      ; 0.577      ;
; 0.342 ; can_top:u_can_top|keepdata[31]                                                                     ; can_top:u_can_top|keepdata[31]                                                                          ; CLK50M       ; CLK50M      ; 0.000        ; 0.078      ; 0.577      ;
; 0.342 ; can_top:u_can_top|keepdata[30]                                                                     ; can_top:u_can_top|keepdata[30]                                                                          ; CLK50M       ; CLK50M      ; 0.000        ; 0.078      ; 0.577      ;
; 0.342 ; can_top:u_can_top|keepdata[29]                                                                     ; can_top:u_can_top|keepdata[29]                                                                          ; CLK50M       ; CLK50M      ; 0.000        ; 0.078      ; 0.577      ;
; 0.342 ; can_top:u_can_top|keepdata[28]                                                                     ; can_top:u_can_top|keepdata[28]                                                                          ; CLK50M       ; CLK50M      ; 0.000        ; 0.078      ; 0.577      ;
; 0.342 ; can_top:u_can_top|keepdata[27]                                                                     ; can_top:u_can_top|keepdata[27]                                                                          ; CLK50M       ; CLK50M      ; 0.000        ; 0.078      ; 0.577      ;
; 0.342 ; can_top:u_can_top|keepdata[26]                                                                     ; can_top:u_can_top|keepdata[26]                                                                          ; CLK50M       ; CLK50M      ; 0.000        ; 0.078      ; 0.577      ;
; 0.342 ; can_top:u_can_top|keepdata[24]                                                                     ; can_top:u_can_top|keepdata[24]                                                                          ; CLK50M       ; CLK50M      ; 0.000        ; 0.078      ; 0.577      ;
; 0.342 ; can_top:u_can_top|keepdata[22]                                                                     ; can_top:u_can_top|keepdata[22]                                                                          ; CLK50M       ; CLK50M      ; 0.000        ; 0.078      ; 0.577      ;
; 0.342 ; can_top:u_can_top|keepdata[20]                                                                     ; can_top:u_can_top|keepdata[20]                                                                          ; CLK50M       ; CLK50M      ; 0.000        ; 0.078      ; 0.577      ;
; 0.342 ; can_top:u_can_top|keepdata[17]                                                                     ; can_top:u_can_top|keepdata[17]                                                                          ; CLK50M       ; CLK50M      ; 0.000        ; 0.078      ; 0.577      ;
; 0.342 ; can_top:u_can_top|keepdata[8]                                                                      ; can_top:u_can_top|keepdata[8]                                                                           ; CLK50M       ; CLK50M      ; 0.000        ; 0.078      ; 0.577      ;
; 0.342 ; can_top:u_can_top|keepdata[7]                                                                      ; can_top:u_can_top|keepdata[7]                                                                           ; CLK50M       ; CLK50M      ; 0.000        ; 0.078      ; 0.577      ;
; 0.342 ; can_top:u_can_top|keepdata[6]                                                                      ; can_top:u_can_top|keepdata[6]                                                                           ; CLK50M       ; CLK50M      ; 0.000        ; 0.078      ; 0.577      ;
; 0.342 ; can_top:u_can_top|keepdata[3]                                                                      ; can_top:u_can_top|keepdata[3]                                                                           ; CLK50M       ; CLK50M      ; 0.000        ; 0.078      ; 0.577      ;
; 0.342 ; can_top:u_can_top|keepdata[1]                                                                      ; can_top:u_can_top|keepdata[1]                                                                           ; CLK50M       ; CLK50M      ; 0.000        ; 0.078      ; 0.577      ;
; 0.342 ; can_top:u_can_top|keepdata[2]                                                                      ; can_top:u_can_top|keepdata[2]                                                                           ; CLK50M       ; CLK50M      ; 0.000        ; 0.078      ; 0.577      ;
; 0.342 ; can_top:u_can_top|keepdata[4]                                                                      ; can_top:u_can_top|keepdata[4]                                                                           ; CLK50M       ; CLK50M      ; 0.000        ; 0.078      ; 0.577      ;
; 0.342 ; can_top:u_can_top|keepdata[15]                                                                     ; can_top:u_can_top|keepdata[15]                                                                          ; CLK50M       ; CLK50M      ; 0.000        ; 0.078      ; 0.577      ;
; 0.342 ; can_top:u_can_top|keepdata[16]                                                                     ; can_top:u_can_top|keepdata[16]                                                                          ; CLK50M       ; CLK50M      ; 0.000        ; 0.078      ; 0.577      ;
; 0.342 ; can_top:u_can_top|keepdata[18]                                                                     ; can_top:u_can_top|keepdata[18]                                                                          ; CLK50M       ; CLK50M      ; 0.000        ; 0.078      ; 0.577      ;
; 0.342 ; can_top:u_can_top|keepdata[19]                                                                     ; can_top:u_can_top|keepdata[19]                                                                          ; CLK50M       ; CLK50M      ; 0.000        ; 0.078      ; 0.577      ;
; 0.342 ; can_top:u_can_top|keepdata[21]                                                                     ; can_top:u_can_top|keepdata[21]                                                                          ; CLK50M       ; CLK50M      ; 0.000        ; 0.078      ; 0.577      ;
; 0.342 ; can_top:u_can_top|keepdata[23]                                                                     ; can_top:u_can_top|keepdata[23]                                                                          ; CLK50M       ; CLK50M      ; 0.000        ; 0.078      ; 0.577      ;
; 0.342 ; can_top:u_can_top|keepdata[25]                                                                     ; can_top:u_can_top|keepdata[25]                                                                          ; CLK50M       ; CLK50M      ; 0.000        ; 0.078      ; 0.577      ;
; 0.342 ; can_top:u_can_top|keepdata[32]                                                                     ; can_top:u_can_top|keepdata[32]                                                                          ; CLK50M       ; CLK50M      ; 0.000        ; 0.078      ; 0.577      ;
; 0.342 ; can_top:u_can_top|keepdata[33]                                                                     ; can_top:u_can_top|keepdata[33]                                                                          ; CLK50M       ; CLK50M      ; 0.000        ; 0.078      ; 0.577      ;
; 0.342 ; can_top:u_can_top|keepdata[39]                                                                     ; can_top:u_can_top|keepdata[39]                                                                          ; CLK50M       ; CLK50M      ; 0.000        ; 0.078      ; 0.577      ;
+-------+----------------------------------------------------------------------------------------------------+---------------------------------------------------------------------------------------------------------+--------------+-------------+--------------+------------+------------+


+--------------------------------------------------------------------------------------------------------------------------------------------------------------------------------------------------+
; Slow 1200mV 85C Model Recovery: 'CLK50M'                                                                                                                                                         ;
+--------+-----------+-------------------------------------------------------------------------------------------------------+--------------+-------------+--------------+------------+------------+
; Slack  ; From Node ; To Node                                                                                               ; Launch Clock ; Latch Clock ; Relationship ; Clock Skew ; Data Delay ;
+--------+-----------+-------------------------------------------------------------------------------------------------------+--------------+-------------+--------------+------------+------------+
; -1.577 ; rstn      ; can_top:u_can_top|can_level_packet:u_can_level_packet|can_level_bit:u_can_level_bit|adjust_c_PBS1[8]  ; CLK50M       ; CLK50M      ; 1.000        ; -0.105     ; 2.467      ;
; -1.577 ; rstn      ; can_top:u_can_top|can_level_packet:u_can_level_packet|can_level_bit:u_can_level_bit|adjust_c_PBS1[9]  ; CLK50M       ; CLK50M      ; 1.000        ; -0.105     ; 2.467      ;
; -1.577 ; rstn      ; can_top:u_can_top|can_level_packet:u_can_level_packet|can_level_bit:u_can_level_bit|adjust_c_PBS1[10] ; CLK50M       ; CLK50M      ; 1.000        ; -0.105     ; 2.467      ;
; -1.577 ; rstn      ; can_top:u_can_top|can_level_packet:u_can_level_packet|can_level_bit:u_can_level_bit|adjust_c_PBS1[11] ; CLK50M       ; CLK50M      ; 1.000        ; -0.105     ; 2.467      ;
; -1.577 ; rstn      ; can_top:u_can_top|can_level_packet:u_can_level_packet|can_level_bit:u_can_level_bit|adjust_c_PBS1[12] ; CLK50M       ; CLK50M      ; 1.000        ; -0.105     ; 2.467      ;
; -1.577 ; rstn      ; can_top:u_can_top|can_level_packet:u_can_level_packet|can_level_bit:u_can_level_bit|adjust_c_PBS1[13] ; CLK50M       ; CLK50M      ; 1.000        ; -0.105     ; 2.467      ;
; -1.577 ; rstn      ; can_top:u_can_top|can_level_packet:u_can_level_packet|can_level_bit:u_can_level_bit|adjust_c_PBS1[14] ; CLK50M       ; CLK50M      ; 1.000        ; -0.105     ; 2.467      ;
; -1.577 ; rstn      ; can_top:u_can_top|can_level_packet:u_can_level_packet|can_level_bit:u_can_level_bit|adjust_c_PBS1[15] ; CLK50M       ; CLK50M      ; 1.000        ; -0.105     ; 2.467      ;
; -1.577 ; rstn      ; can_top:u_can_top|can_level_packet:u_can_level_packet|can_level_bit:u_can_level_bit|adjust_c_PBS1[16] ; CLK50M       ; CLK50M      ; 1.000        ; -0.105     ; 2.467      ;
; -1.577 ; rstn      ; can_top:u_can_top|can_level_packet:u_can_level_packet|can_level_bit:u_can_level_bit|stat.STAT_PBS1    ; CLK50M       ; CLK50M      ; 1.000        ; -0.107     ; 2.465      ;
; -1.577 ; rstn      ; can_top:u_can_top|can_level_packet:u_can_level_packet|can_level_bit:u_can_level_bit|cnt[11]           ; CLK50M       ; CLK50M      ; 1.000        ; -0.105     ; 2.467      ;
; -1.567 ; rstn      ; can_top:u_can_top|can_level_packet:u_can_level_packet|tx_shift[63]                                    ; CLK50M       ; CLK50M      ; 1.000        ; -0.085     ; 2.477      ;
; -1.566 ; rstn      ; can_top:u_can_top|can_level_packet:u_can_level_packet|tx_shift[61]                                    ; CLK50M       ; CLK50M      ; 1.000        ; -0.085     ; 2.476      ;
; -1.566 ; rstn      ; can_top:u_can_top|can_level_packet:u_can_level_packet|tx_shift[60]                                    ; CLK50M       ; CLK50M      ; 1.000        ; -0.085     ; 2.476      ;
; -1.566 ; rstn      ; can_top:u_can_top|can_level_packet:u_can_level_packet|tx_shift[59]                                    ; CLK50M       ; CLK50M      ; 1.000        ; -0.085     ; 2.476      ;
; -1.566 ; rstn      ; can_top:u_can_top|can_level_packet:u_can_level_packet|tx_shift[58]                                    ; CLK50M       ; CLK50M      ; 1.000        ; -0.085     ; 2.476      ;
; -1.566 ; rstn      ; can_top:u_can_top|can_level_packet:u_can_level_packet|tx_shift[57]                                    ; CLK50M       ; CLK50M      ; 1.000        ; -0.085     ; 2.476      ;
; -1.566 ; rstn      ; can_top:u_can_top|can_level_packet:u_can_level_packet|tx_shift[56]                                    ; CLK50M       ; CLK50M      ; 1.000        ; -0.085     ; 2.476      ;
; -1.566 ; rstn      ; can_top:u_can_top|can_level_packet:u_can_level_packet|tx_shift[55]                                    ; CLK50M       ; CLK50M      ; 1.000        ; -0.085     ; 2.476      ;
; -1.566 ; rstn      ; can_top:u_can_top|can_level_packet:u_can_level_packet|tx_shift[54]                                    ; CLK50M       ; CLK50M      ; 1.000        ; -0.085     ; 2.476      ;
; -1.566 ; rstn      ; can_top:u_can_top|can_level_packet:u_can_level_packet|tx_shift[53]                                    ; CLK50M       ; CLK50M      ; 1.000        ; -0.085     ; 2.476      ;
; -1.566 ; rstn      ; can_top:u_can_top|can_level_packet:u_can_level_packet|tx_shift[52]                                    ; CLK50M       ; CLK50M      ; 1.000        ; -0.085     ; 2.476      ;
; -1.566 ; rstn      ; can_top:u_can_top|can_level_packet:u_can_level_packet|tx_shift[51]                                    ; CLK50M       ; CLK50M      ; 1.000        ; -0.085     ; 2.476      ;
; -1.566 ; rstn      ; can_top:u_can_top|can_level_packet:u_can_level_packet|tx_shift[50]                                    ; CLK50M       ; CLK50M      ; 1.000        ; -0.085     ; 2.476      ;
; -1.566 ; rstn      ; can_top:u_can_top|can_level_packet:u_can_level_packet|tx_shift[49]                                    ; CLK50M       ; CLK50M      ; 1.000        ; -0.085     ; 2.476      ;
; -1.566 ; rstn      ; can_top:u_can_top|can_level_packet:u_can_level_packet|tx_shift[48]                                    ; CLK50M       ; CLK50M      ; 1.000        ; -0.085     ; 2.476      ;
; -1.566 ; rstn      ; can_top:u_can_top|can_level_packet:u_can_level_packet|tx_shift[47]                                    ; CLK50M       ; CLK50M      ; 1.000        ; -0.085     ; 2.476      ;
; -1.566 ; rstn      ; can_top:u_can_top|can_level_packet:u_can_level_packet|tx_shift[46]                                    ; CLK50M       ; CLK50M      ; 1.000        ; -0.085     ; 2.476      ;
; -1.562 ; rstn      ; uart_tx:u_uart_tx|o_uart_tx                                                                           ; CLK50M       ; CLK50M      ; 1.000        ; -0.066     ; 2.491      ;
; -1.562 ; rstn      ; can_top:u_can_top|can_level_packet:u_can_level_packet|stat.RX_IDE_BIT                                 ; CLK50M       ; CLK50M      ; 1.000        ; -0.085     ; 2.472      ;
; -1.562 ; rstn      ; can_top:u_can_top|can_level_packet:u_can_level_packet|stat.TX_PAYLOAD                                 ; CLK50M       ; CLK50M      ; 1.000        ; -0.085     ; 2.472      ;
; -1.562 ; rstn      ; can_top:u_can_top|can_level_packet:u_can_level_packet|stat.RX_CRC                                     ; CLK50M       ; CLK50M      ; 1.000        ; -0.085     ; 2.472      ;
; -1.562 ; rstn      ; can_top:u_can_top|can_level_packet:u_can_level_packet|stat.RX_DATA                                    ; CLK50M       ; CLK50M      ; 1.000        ; -0.085     ; 2.472      ;
; -1.562 ; rstn      ; can_top:u_can_top|can_level_packet:u_can_level_packet|stat.IDLE                                       ; CLK50M       ; CLK50M      ; 1.000        ; -0.085     ; 2.472      ;
; -1.562 ; rstn      ; can_top:u_can_top|can_level_packet:u_can_level_packet|stat.RX_ACK                                     ; CLK50M       ; CLK50M      ; 1.000        ; -0.085     ; 2.472      ;
; -1.562 ; rstn      ; can_top:u_can_top|can_level_packet:u_can_level_packet|stat.RX_RESV1_BIT                               ; CLK50M       ; CLK50M      ; 1.000        ; -0.085     ; 2.472      ;
; -1.562 ; rstn      ; can_top:u_can_top|can_level_packet:u_can_level_packet|stat.RX_CTRL                                    ; CLK50M       ; CLK50M      ; 1.000        ; -0.085     ; 2.472      ;
; -1.562 ; rstn      ; can_top:u_can_top|can_level_packet:u_can_level_packet|stat.RX_ID_EXTEND                               ; CLK50M       ; CLK50M      ; 1.000        ; -0.085     ; 2.472      ;
; -1.562 ; rstn      ; can_top:u_can_top|can_level_packet:u_can_level_packet|rx_ide                                          ; CLK50M       ; CLK50M      ; 1.000        ; -0.085     ; 2.472      ;
; -1.562 ; rstn      ; can_top:u_can_top|can_level_packet:u_can_level_packet|rx_crc[5]                                       ; CLK50M       ; CLK50M      ; 1.000        ; -0.084     ; 2.473      ;
; -1.562 ; rstn      ; can_top:u_can_top|can_level_packet:u_can_level_packet|rx_crc[4]                                       ; CLK50M       ; CLK50M      ; 1.000        ; -0.084     ; 2.473      ;
; -1.562 ; rstn      ; can_top:u_can_top|can_level_packet:u_can_level_packet|rx_crc[14]                                      ; CLK50M       ; CLK50M      ; 1.000        ; -0.084     ; 2.473      ;
; -1.562 ; rstn      ; can_top:u_can_top|can_level_packet:u_can_level_packet|rx_crc[13]                                      ; CLK50M       ; CLK50M      ; 1.000        ; -0.084     ; 2.473      ;
; -1.562 ; rstn      ; can_top:u_can_top|can_level_packet:u_can_level_packet|rx_crc[12]                                      ; CLK50M       ; CLK50M      ; 1.000        ; -0.084     ; 2.473      ;
; -1.562 ; rstn      ; can_top:u_can_top|can_level_packet:u_can_level_packet|rx_crc[11]                                      ; CLK50M       ; CLK50M      ; 1.000        ; -0.084     ; 2.473      ;
; -1.562 ; rstn      ; can_top:u_can_top|can_level_packet:u_can_level_packet|rx_crc[10]                                      ; CLK50M       ; CLK50M      ; 1.000        ; -0.084     ; 2.473      ;
; -1.562 ; rstn      ; can_top:u_can_top|can_level_packet:u_can_level_packet|rx_crc[9]                                       ; CLK50M       ; CLK50M      ; 1.000        ; -0.084     ; 2.473      ;
; -1.562 ; rstn      ; can_top:u_can_top|can_level_packet:u_can_level_packet|rx_crc[8]                                       ; CLK50M       ; CLK50M      ; 1.000        ; -0.084     ; 2.473      ;
; -1.562 ; rstn      ; can_top:u_can_top|can_level_packet:u_can_level_packet|rx_crc[7]                                       ; CLK50M       ; CLK50M      ; 1.000        ; -0.084     ; 2.473      ;
; -1.562 ; rstn      ; can_top:u_can_top|can_level_packet:u_can_level_packet|rx_crc[6]                                       ; CLK50M       ; CLK50M      ; 1.000        ; -0.084     ; 2.473      ;
; -1.562 ; rstn      ; can_top:u_can_top|can_level_packet:u_can_level_packet|rx_crc[3]                                       ; CLK50M       ; CLK50M      ; 1.000        ; -0.084     ; 2.473      ;
; -1.562 ; rstn      ; can_top:u_can_top|can_level_packet:u_can_level_packet|rx_crc[2]                                       ; CLK50M       ; CLK50M      ; 1.000        ; -0.084     ; 2.473      ;
; -1.562 ; rstn      ; can_top:u_can_top|can_level_packet:u_can_level_packet|rx_crc[1]                                       ; CLK50M       ; CLK50M      ; 1.000        ; -0.084     ; 2.473      ;
; -1.562 ; rstn      ; can_top:u_can_top|can_level_packet:u_can_level_packet|rx_crc[0]                                       ; CLK50M       ; CLK50M      ; 1.000        ; -0.084     ; 2.473      ;
; -1.561 ; rstn      ; uart_tx:u_uart_tx|txbits[0]                                                                           ; CLK50M       ; CLK50M      ; 1.000        ; -0.067     ; 2.489      ;
; -1.561 ; rstn      ; uart_tx:u_uart_tx|txbits[1]                                                                           ; CLK50M       ; CLK50M      ; 1.000        ; -0.067     ; 2.489      ;
; -1.561 ; rstn      ; can_top:u_can_top|r_data[24]                                                                          ; CLK50M       ; CLK50M      ; 1.000        ; -0.083     ; 2.473      ;
; -1.561 ; rstn      ; can_top:u_can_top|r_data[16]                                                                          ; CLK50M       ; CLK50M      ; 1.000        ; -0.083     ; 2.473      ;
; -1.561 ; rstn      ; can_top:u_can_top|r_data[8]                                                                           ; CLK50M       ; CLK50M      ; 1.000        ; -0.083     ; 2.473      ;
; -1.561 ; rstn      ; can_top:u_can_top|r_data[25]                                                                          ; CLK50M       ; CLK50M      ; 1.000        ; -0.083     ; 2.473      ;
; -1.561 ; rstn      ; can_top:u_can_top|r_data[17]                                                                          ; CLK50M       ; CLK50M      ; 1.000        ; -0.083     ; 2.473      ;
; -1.561 ; rstn      ; can_top:u_can_top|r_data[9]                                                                           ; CLK50M       ; CLK50M      ; 1.000        ; -0.083     ; 2.473      ;
; -1.561 ; rstn      ; can_top:u_can_top|r_data[26]                                                                          ; CLK50M       ; CLK50M      ; 1.000        ; -0.083     ; 2.473      ;
; -1.561 ; rstn      ; can_top:u_can_top|r_data[18]                                                                          ; CLK50M       ; CLK50M      ; 1.000        ; -0.083     ; 2.473      ;
; -1.561 ; rstn      ; can_top:u_can_top|r_data[10]                                                                          ; CLK50M       ; CLK50M      ; 1.000        ; -0.083     ; 2.473      ;
; -1.561 ; rstn      ; can_top:u_can_top|r_data[27]                                                                          ; CLK50M       ; CLK50M      ; 1.000        ; -0.083     ; 2.473      ;
; -1.561 ; rstn      ; can_top:u_can_top|r_data[28]                                                                          ; CLK50M       ; CLK50M      ; 1.000        ; -0.083     ; 2.473      ;
; -1.561 ; rstn      ; can_top:u_can_top|r_data[30]                                                                          ; CLK50M       ; CLK50M      ; 1.000        ; -0.083     ; 2.473      ;
; -1.561 ; rstn      ; can_top:u_can_top|r_data[22]                                                                          ; CLK50M       ; CLK50M      ; 1.000        ; -0.083     ; 2.473      ;
; -1.561 ; rstn      ; can_top:u_can_top|r_data[14]                                                                          ; CLK50M       ; CLK50M      ; 1.000        ; -0.083     ; 2.473      ;
; -1.561 ; rstn      ; can_top:u_can_top|r_data[23]                                                                          ; CLK50M       ; CLK50M      ; 1.000        ; -0.083     ; 2.473      ;
; -1.561 ; rstn      ; can_top:u_can_top|r_data[15]                                                                          ; CLK50M       ; CLK50M      ; 1.000        ; -0.083     ; 2.473      ;
; -1.561 ; rstn      ; can_top:u_can_top|can_level_packet:u_can_level_packet|rx_data[48]                                     ; CLK50M       ; CLK50M      ; 1.000        ; -0.084     ; 2.472      ;
; -1.561 ; rstn      ; can_top:u_can_top|can_level_packet:u_can_level_packet|rx_data[47]                                     ; CLK50M       ; CLK50M      ; 1.000        ; -0.084     ; 2.472      ;
; -1.561 ; rstn      ; can_top:u_can_top|can_level_packet:u_can_level_packet|rx_data[46]                                     ; CLK50M       ; CLK50M      ; 1.000        ; -0.084     ; 2.472      ;
; -1.561 ; rstn      ; can_top:u_can_top|can_level_packet:u_can_level_packet|rx_data[19]                                     ; CLK50M       ; CLK50M      ; 1.000        ; -0.084     ; 2.472      ;
; -1.561 ; rstn      ; can_top:u_can_top|can_level_packet:u_can_level_packet|rx_data[18]                                     ; CLK50M       ; CLK50M      ; 1.000        ; -0.084     ; 2.472      ;
; -1.561 ; rstn      ; can_top:u_can_top|can_level_packet:u_can_level_packet|rx_data[17]                                     ; CLK50M       ; CLK50M      ; 1.000        ; -0.084     ; 2.472      ;
; -1.561 ; rstn      ; can_top:u_can_top|can_level_packet:u_can_level_packet|rx_data[16]                                     ; CLK50M       ; CLK50M      ; 1.000        ; -0.084     ; 2.472      ;
; -1.561 ; rstn      ; can_top:u_can_top|can_level_packet:u_can_level_packet|rx_data[15]                                     ; CLK50M       ; CLK50M      ; 1.000        ; -0.084     ; 2.472      ;
; -1.561 ; rstn      ; can_top:u_can_top|r_data[7]                                                                           ; CLK50M       ; CLK50M      ; 1.000        ; -0.083     ; 2.473      ;
; -1.561 ; rstn      ; can_top:u_can_top|r_data[6]                                                                           ; CLK50M       ; CLK50M      ; 1.000        ; -0.083     ; 2.473      ;
; -1.561 ; rstn      ; can_top:u_can_top|can_level_packet:u_can_level_packet|rx_data[4]                                      ; CLK50M       ; CLK50M      ; 1.000        ; -0.084     ; 2.472      ;
; -1.561 ; rstn      ; can_top:u_can_top|can_level_packet:u_can_level_packet|rx_data[3]                                      ; CLK50M       ; CLK50M      ; 1.000        ; -0.084     ; 2.472      ;
; -1.561 ; rstn      ; can_top:u_can_top|r_data[2]                                                                           ; CLK50M       ; CLK50M      ; 1.000        ; -0.084     ; 2.472      ;
; -1.561 ; rstn      ; can_top:u_can_top|can_level_packet:u_can_level_packet|rx_data[2]                                      ; CLK50M       ; CLK50M      ; 1.000        ; -0.084     ; 2.472      ;
; -1.561 ; rstn      ; can_top:u_can_top|r_data[1]                                                                           ; CLK50M       ; CLK50M      ; 1.000        ; -0.084     ; 2.472      ;
; -1.561 ; rstn      ; can_top:u_can_top|can_level_packet:u_can_level_packet|rx_data[1]                                      ; CLK50M       ; CLK50M      ; 1.000        ; -0.084     ; 2.472      ;
; -1.561 ; rstn      ; can_top:u_can_top|r_data[0]                                                                           ; CLK50M       ; CLK50M      ; 1.000        ; -0.084     ; 2.472      ;
; -1.561 ; rstn      ; can_top:u_can_top|can_level_packet:u_can_level_packet|rx_data[0]                                      ; CLK50M       ; CLK50M      ; 1.000        ; -0.084     ; 2.472      ;
; -1.561 ; rstn      ; can_top:u_can_top|can_level_packet:u_can_level_packet|rx_history[4]                                   ; CLK50M       ; CLK50M      ; 1.000        ; -0.084     ; 2.472      ;
; -1.561 ; rstn      ; can_top:u_can_top|can_level_packet:u_can_level_packet|rx_history[3]                                   ; CLK50M       ; CLK50M      ; 1.000        ; -0.084     ; 2.472      ;
; -1.560 ; rstn      ; uart_tx:u_uart_tx|txbits[2]                                                                           ; CLK50M       ; CLK50M      ; 1.000        ; -0.067     ; 2.488      ;
; -1.560 ; rstn      ; uart_tx:u_uart_tx|txbits[3]                                                                           ; CLK50M       ; CLK50M      ; 1.000        ; -0.067     ; 2.488      ;
; -1.560 ; rstn      ; uart_tx:u_uart_tx|txbits[4]                                                                           ; CLK50M       ; CLK50M      ; 1.000        ; -0.067     ; 2.488      ;
; -1.560 ; rstn      ; uart_tx:u_uart_tx|txbits[5]                                                                           ; CLK50M       ; CLK50M      ; 1.000        ; -0.067     ; 2.488      ;
; -1.560 ; rstn      ; uart_tx:u_uart_tx|txbits[6]                                                                           ; CLK50M       ; CLK50M      ; 1.000        ; -0.067     ; 2.488      ;
; -1.560 ; rstn      ; uart_tx:u_uart_tx|txbits[7]                                                                           ; CLK50M       ; CLK50M      ; 1.000        ; -0.067     ; 2.488      ;
; -1.560 ; rstn      ; uart_tx:u_uart_tx|txbits[8]                                                                           ; CLK50M       ; CLK50M      ; 1.000        ; -0.067     ; 2.488      ;
; -1.560 ; rstn      ; uart_tx:u_uart_tx|txbits[9]                                                                           ; CLK50M       ; CLK50M      ; 1.000        ; -0.067     ; 2.488      ;
+--------+-----------+-------------------------------------------------------------------------------------------------------+--------------+-------------+--------------+------------+------------+


+--------------------------------------------------------------------------------------------------------------------------------------------------------------------------------------+
; Slow 1200mV 85C Model Removal: 'CLK50M'                                                                                                                                              ;
+-------+-----------+--------------------------------------------------------------------------------------------+--------------+-------------+--------------+------------+------------+
; Slack ; From Node ; To Node                                                                                    ; Launch Clock ; Latch Clock ; Relationship ; Clock Skew ; Data Delay ;
+-------+-----------+--------------------------------------------------------------------------------------------+--------------+-------------+--------------+------------+------------+
; 1.745 ; rstn      ; can_top:u_can_top|wptr[10]                                                                 ; CLK50M       ; CLK50M      ; 0.000        ; 0.428      ; 2.330      ;
; 1.745 ; rstn      ; can_top:u_can_top|wptr[9]                                                                  ; CLK50M       ; CLK50M      ; 0.000        ; 0.428      ; 2.330      ;
; 1.745 ; rstn      ; can_top:u_can_top|wptr[1]                                                                  ; CLK50M       ; CLK50M      ; 0.000        ; 0.428      ; 2.330      ;
; 1.745 ; rstn      ; can_top:u_can_top|wptr[5]                                                                  ; CLK50M       ; CLK50M      ; 0.000        ; 0.428      ; 2.330      ;
; 1.745 ; rstn      ; can_top:u_can_top|wptr[2]                                                                  ; CLK50M       ; CLK50M      ; 0.000        ; 0.428      ; 2.330      ;
; 1.745 ; rstn      ; can_top:u_can_top|wptr[3]                                                                  ; CLK50M       ; CLK50M      ; 0.000        ; 0.428      ; 2.330      ;
; 1.745 ; rstn      ; can_top:u_can_top|wptr[4]                                                                  ; CLK50M       ; CLK50M      ; 0.000        ; 0.428      ; 2.330      ;
; 1.745 ; rstn      ; can_top:u_can_top|wptr[7]                                                                  ; CLK50M       ; CLK50M      ; 0.000        ; 0.428      ; 2.330      ;
; 1.745 ; rstn      ; can_top:u_can_top|wptr[6]                                                                  ; CLK50M       ; CLK50M      ; 0.000        ; 0.428      ; 2.330      ;
; 1.745 ; rstn      ; can_top:u_can_top|wptr[8]                                                                  ; CLK50M       ; CLK50M      ; 0.000        ; 0.428      ; 2.330      ;
; 1.754 ; rstn      ; can_tx_data[51]                                                                            ; CLK50M       ; CLK50M      ; 0.000        ; 0.421      ; 2.332      ;
; 1.754 ; rstn      ; can_tx_data[50]                                                                            ; CLK50M       ; CLK50M      ; 0.000        ; 0.421      ; 2.332      ;
; 1.754 ; rstn      ; can_tx_data[49]                                                                            ; CLK50M       ; CLK50M      ; 0.000        ; 0.421      ; 2.332      ;
; 1.754 ; rstn      ; can_tx_data[48]                                                                            ; CLK50M       ; CLK50M      ; 0.000        ; 0.421      ; 2.332      ;
; 1.754 ; rstn      ; can_tx_data[47]                                                                            ; CLK50M       ; CLK50M      ; 0.000        ; 0.421      ; 2.332      ;
; 1.754 ; rstn      ; can_tx_data[46]                                                                            ; CLK50M       ; CLK50M      ; 0.000        ; 0.421      ; 2.332      ;
; 1.754 ; rstn      ; can_tx_data[45]                                                                            ; CLK50M       ; CLK50M      ; 0.000        ; 0.421      ; 2.332      ;
; 1.754 ; rstn      ; can_tx_data[44]                                                                            ; CLK50M       ; CLK50M      ; 0.000        ; 0.421      ; 2.332      ;
; 1.754 ; rstn      ; can_tx_data[43]                                                                            ; CLK50M       ; CLK50M      ; 0.000        ; 0.421      ; 2.332      ;
; 1.754 ; rstn      ; can_tx_data[42]                                                                            ; CLK50M       ; CLK50M      ; 0.000        ; 0.421      ; 2.332      ;
; 1.754 ; rstn      ; can_tx_data[41]                                                                            ; CLK50M       ; CLK50M      ; 0.000        ; 0.421      ; 2.332      ;
; 1.759 ; rstn      ; can_top:u_can_top|can_level_packet:u_can_level_packet|tx_shift[14]                         ; CLK50M       ; CLK50M      ; 0.000        ; 0.405      ; 2.321      ;
; 1.759 ; rstn      ; can_top:u_can_top|can_level_packet:u_can_level_packet|tx_shift[13]                         ; CLK50M       ; CLK50M      ; 0.000        ; 0.405      ; 2.321      ;
; 1.759 ; rstn      ; can_top:u_can_top|can_level_packet:u_can_level_packet|tx_shift[12]                         ; CLK50M       ; CLK50M      ; 0.000        ; 0.405      ; 2.321      ;
; 1.759 ; rstn      ; can_top:u_can_top|can_level_packet:u_can_level_packet|tx_shift[11]                         ; CLK50M       ; CLK50M      ; 0.000        ; 0.405      ; 2.321      ;
; 1.759 ; rstn      ; can_top:u_can_top|can_level_packet:u_can_level_packet|tx_shift[10]                         ; CLK50M       ; CLK50M      ; 0.000        ; 0.405      ; 2.321      ;
; 1.759 ; rstn      ; can_top:u_can_top|can_level_packet:u_can_level_packet|tx_shift[9]                          ; CLK50M       ; CLK50M      ; 0.000        ; 0.405      ; 2.321      ;
; 1.759 ; rstn      ; can_top:u_can_top|can_level_packet:u_can_level_packet|tx_shift[8]                          ; CLK50M       ; CLK50M      ; 0.000        ; 0.405      ; 2.321      ;
; 1.759 ; rstn      ; can_top:u_can_top|can_level_packet:u_can_level_packet|tx_shift[7]                          ; CLK50M       ; CLK50M      ; 0.000        ; 0.405      ; 2.321      ;
; 1.759 ; rstn      ; can_top:u_can_top|can_level_packet:u_can_level_packet|tx_shift[6]                          ; CLK50M       ; CLK50M      ; 0.000        ; 0.405      ; 2.321      ;
; 1.759 ; rstn      ; can_top:u_can_top|can_level_packet:u_can_level_packet|tx_shift[5]                          ; CLK50M       ; CLK50M      ; 0.000        ; 0.405      ; 2.321      ;
; 1.759 ; rstn      ; can_top:u_can_top|can_level_packet:u_can_level_packet|tx_shift[4]                          ; CLK50M       ; CLK50M      ; 0.000        ; 0.405      ; 2.321      ;
; 1.759 ; rstn      ; can_top:u_can_top|can_level_packet:u_can_level_packet|tx_shift[3]                          ; CLK50M       ; CLK50M      ; 0.000        ; 0.405      ; 2.321      ;
; 1.759 ; rstn      ; can_top:u_can_top|can_level_packet:u_can_level_packet|tx_shift[2]                          ; CLK50M       ; CLK50M      ; 0.000        ; 0.405      ; 2.321      ;
; 1.759 ; rstn      ; can_top:u_can_top|can_level_packet:u_can_level_packet|tx_shift[1]                          ; CLK50M       ; CLK50M      ; 0.000        ; 0.405      ; 2.321      ;
; 1.759 ; rstn      ; can_top:u_can_top|pkt_tx_data[12]                                                          ; CLK50M       ; CLK50M      ; 0.000        ; 0.405      ; 2.321      ;
; 1.759 ; rstn      ; can_top:u_can_top|pkt_tx_data[11]                                                          ; CLK50M       ; CLK50M      ; 0.000        ; 0.405      ; 2.321      ;
; 1.759 ; rstn      ; can_top:u_can_top|pkt_tx_data[5]                                                           ; CLK50M       ; CLK50M      ; 0.000        ; 0.405      ; 2.321      ;
; 1.759 ; rstn      ; can_top:u_can_top|pkt_tx_data[9]                                                           ; CLK50M       ; CLK50M      ; 0.000        ; 0.405      ; 2.321      ;
; 1.759 ; rstn      ; can_top:u_can_top|pkt_tx_data[10]                                                          ; CLK50M       ; CLK50M      ; 0.000        ; 0.405      ; 2.321      ;
; 1.759 ; rstn      ; can_top:u_can_top|pkt_tx_data[13]                                                          ; CLK50M       ; CLK50M      ; 0.000        ; 0.405      ; 2.321      ;
; 1.759 ; rstn      ; can_top:u_can_top|pkt_tx_data[14]                                                          ; CLK50M       ; CLK50M      ; 0.000        ; 0.405      ; 2.321      ;
; 1.759 ; rstn      ; can_top:u_can_top|rptr[8]                                                                  ; CLK50M       ; CLK50M      ; 0.000        ; 0.404      ; 2.320      ;
; 1.759 ; rstn      ; can_top:u_can_top|rptr[1]                                                                  ; CLK50M       ; CLK50M      ; 0.000        ; 0.404      ; 2.320      ;
; 1.759 ; rstn      ; can_top:u_can_top|rptr[2]                                                                  ; CLK50M       ; CLK50M      ; 0.000        ; 0.404      ; 2.320      ;
; 1.759 ; rstn      ; can_top:u_can_top|rptr[3]                                                                  ; CLK50M       ; CLK50M      ; 0.000        ; 0.404      ; 2.320      ;
; 1.759 ; rstn      ; can_top:u_can_top|rptr[4]                                                                  ; CLK50M       ; CLK50M      ; 0.000        ; 0.404      ; 2.320      ;
; 1.759 ; rstn      ; can_top:u_can_top|rptr[5]                                                                  ; CLK50M       ; CLK50M      ; 0.000        ; 0.404      ; 2.320      ;
; 1.759 ; rstn      ; can_top:u_can_top|rptr[6]                                                                  ; CLK50M       ; CLK50M      ; 0.000        ; 0.404      ; 2.320      ;
; 1.759 ; rstn      ; can_top:u_can_top|rptr[7]                                                                  ; CLK50M       ; CLK50M      ; 0.000        ; 0.404      ; 2.320      ;
; 1.759 ; rstn      ; can_top:u_can_top|rptr[10]                                                                 ; CLK50M       ; CLK50M      ; 0.000        ; 0.404      ; 2.320      ;
; 1.759 ; rstn      ; can_top:u_can_top|rptr[9]                                                                  ; CLK50M       ; CLK50M      ; 0.000        ; 0.404      ; 2.320      ;
; 1.762 ; rstn      ; can_top:u_can_top|can_level_packet:u_can_level_packet|tx_shift[29]                         ; CLK50M       ; CLK50M      ; 0.000        ; 0.407      ; 2.326      ;
; 1.762 ; rstn      ; can_top:u_can_top|can_level_packet:u_can_level_packet|tx_shift[28]                         ; CLK50M       ; CLK50M      ; 0.000        ; 0.407      ; 2.326      ;
; 1.762 ; rstn      ; can_top:u_can_top|can_level_packet:u_can_level_packet|tx_shift[27]                         ; CLK50M       ; CLK50M      ; 0.000        ; 0.407      ; 2.326      ;
; 1.762 ; rstn      ; can_top:u_can_top|can_level_packet:u_can_level_packet|tx_shift[26]                         ; CLK50M       ; CLK50M      ; 0.000        ; 0.407      ; 2.326      ;
; 1.762 ; rstn      ; can_top:u_can_top|can_level_packet:u_can_level_packet|tx_shift[25]                         ; CLK50M       ; CLK50M      ; 0.000        ; 0.407      ; 2.326      ;
; 1.762 ; rstn      ; can_top:u_can_top|can_level_packet:u_can_level_packet|tx_shift[24]                         ; CLK50M       ; CLK50M      ; 0.000        ; 0.407      ; 2.326      ;
; 1.762 ; rstn      ; can_top:u_can_top|can_level_packet:u_can_level_packet|tx_shift[23]                         ; CLK50M       ; CLK50M      ; 0.000        ; 0.407      ; 2.326      ;
; 1.762 ; rstn      ; can_top:u_can_top|can_level_packet:u_can_level_packet|tx_shift[22]                         ; CLK50M       ; CLK50M      ; 0.000        ; 0.407      ; 2.326      ;
; 1.762 ; rstn      ; can_top:u_can_top|can_level_packet:u_can_level_packet|tx_shift[21]                         ; CLK50M       ; CLK50M      ; 0.000        ; 0.407      ; 2.326      ;
; 1.762 ; rstn      ; can_top:u_can_top|can_level_packet:u_can_level_packet|tx_shift[20]                         ; CLK50M       ; CLK50M      ; 0.000        ; 0.407      ; 2.326      ;
; 1.762 ; rstn      ; can_top:u_can_top|can_level_packet:u_can_level_packet|tx_shift[19]                         ; CLK50M       ; CLK50M      ; 0.000        ; 0.407      ; 2.326      ;
; 1.762 ; rstn      ; can_top:u_can_top|can_level_packet:u_can_level_packet|tx_shift[18]                         ; CLK50M       ; CLK50M      ; 0.000        ; 0.407      ; 2.326      ;
; 1.762 ; rstn      ; can_top:u_can_top|can_level_packet:u_can_level_packet|tx_shift[17]                         ; CLK50M       ; CLK50M      ; 0.000        ; 0.407      ; 2.326      ;
; 1.762 ; rstn      ; can_top:u_can_top|can_level_packet:u_can_level_packet|tx_shift[16]                         ; CLK50M       ; CLK50M      ; 0.000        ; 0.407      ; 2.326      ;
; 1.762 ; rstn      ; can_top:u_can_top|can_level_packet:u_can_level_packet|tx_shift[15]                         ; CLK50M       ; CLK50M      ; 0.000        ; 0.407      ; 2.326      ;
; 1.762 ; rstn      ; can_top:u_can_top|pkt_tx_data[42]                                                          ; CLK50M       ; CLK50M      ; 0.000        ; 0.408      ; 2.327      ;
; 1.762 ; rstn      ; can_top:u_can_top|pkt_tx_data[40]                                                          ; CLK50M       ; CLK50M      ; 0.000        ; 0.408      ; 2.327      ;
; 1.762 ; rstn      ; can_top:u_can_top|pkt_tx_data[38]                                                          ; CLK50M       ; CLK50M      ; 0.000        ; 0.408      ; 2.327      ;
; 1.762 ; rstn      ; can_top:u_can_top|pkt_tx_data[37]                                                          ; CLK50M       ; CLK50M      ; 0.000        ; 0.408      ; 2.327      ;
; 1.762 ; rstn      ; can_top:u_can_top|pkt_tx_data[28]                                                          ; CLK50M       ; CLK50M      ; 0.000        ; 0.406      ; 2.325      ;
; 1.762 ; rstn      ; can_top:u_can_top|pkt_tx_data[27]                                                          ; CLK50M       ; CLK50M      ; 0.000        ; 0.406      ; 2.325      ;
; 1.762 ; rstn      ; can_top:u_can_top|pkt_tx_data[26]                                                          ; CLK50M       ; CLK50M      ; 0.000        ; 0.406      ; 2.325      ;
; 1.762 ; rstn      ; can_top:u_can_top|pkt_tx_data[24]                                                          ; CLK50M       ; CLK50M      ; 0.000        ; 0.406      ; 2.325      ;
; 1.762 ; rstn      ; can_top:u_can_top|pkt_tx_data[22]                                                          ; CLK50M       ; CLK50M      ; 0.000        ; 0.406      ; 2.325      ;
; 1.762 ; rstn      ; can_top:u_can_top|pkt_tx_data[20]                                                          ; CLK50M       ; CLK50M      ; 0.000        ; 0.407      ; 2.326      ;
; 1.762 ; rstn      ; can_top:u_can_top|pkt_tx_data[17]                                                          ; CLK50M       ; CLK50M      ; 0.000        ; 0.407      ; 2.326      ;
; 1.762 ; rstn      ; can_top:u_can_top|pkt_tx_data[8]                                                           ; CLK50M       ; CLK50M      ; 0.000        ; 0.407      ; 2.326      ;
; 1.762 ; rstn      ; can_top:u_can_top|pkt_tx_data[7]                                                           ; CLK50M       ; CLK50M      ; 0.000        ; 0.406      ; 2.325      ;
; 1.762 ; rstn      ; can_top:u_can_top|pkt_tx_data[6]                                                           ; CLK50M       ; CLK50M      ; 0.000        ; 0.408      ; 2.327      ;
; 1.762 ; rstn      ; can_top:u_can_top|pkt_tx_data[1]                                                           ; CLK50M       ; CLK50M      ; 0.000        ; 0.408      ; 2.327      ;
; 1.762 ; rstn      ; can_top:u_can_top|pkt_tx_data[15]                                                          ; CLK50M       ; CLK50M      ; 0.000        ; 0.407      ; 2.326      ;
; 1.762 ; rstn      ; can_top:u_can_top|pkt_tx_data[16]                                                          ; CLK50M       ; CLK50M      ; 0.000        ; 0.407      ; 2.326      ;
; 1.762 ; rstn      ; can_top:u_can_top|pkt_tx_data[18]                                                          ; CLK50M       ; CLK50M      ; 0.000        ; 0.407      ; 2.326      ;
; 1.762 ; rstn      ; can_top:u_can_top|pkt_tx_data[19]                                                          ; CLK50M       ; CLK50M      ; 0.000        ; 0.407      ; 2.326      ;
; 1.762 ; rstn      ; can_top:u_can_top|pkt_tx_data[21]                                                          ; CLK50M       ; CLK50M      ; 0.000        ; 0.407      ; 2.326      ;
; 1.762 ; rstn      ; can_top:u_can_top|pkt_tx_data[23]                                                          ; CLK50M       ; CLK50M      ; 0.000        ; 0.406      ; 2.325      ;
; 1.762 ; rstn      ; can_top:u_can_top|pkt_tx_data[25]                                                          ; CLK50M       ; CLK50M      ; 0.000        ; 0.406      ; 2.325      ;
; 1.762 ; rstn      ; can_top:u_can_top|pkt_tx_data[39]                                                          ; CLK50M       ; CLK50M      ; 0.000        ; 0.408      ; 2.327      ;
; 1.762 ; rstn      ; can_top:u_can_top|pkt_tx_data[41]                                                          ; CLK50M       ; CLK50M      ; 0.000        ; 0.408      ; 2.327      ;
; 1.763 ; rstn      ; can_top:u_can_top|can_level_packet:u_can_level_packet|can_level_bit:u_can_level_bit|cnt[8] ; CLK50M       ; CLK50M      ; 0.000        ; 0.411      ; 2.331      ;
; 1.763 ; rstn      ; can_top:u_can_top|pkt_tx_data[36]                                                          ; CLK50M       ; CLK50M      ; 0.000        ; 0.409      ; 2.329      ;
; 1.763 ; rstn      ; can_top:u_can_top|pkt_tx_data[35]                                                          ; CLK50M       ; CLK50M      ; 0.000        ; 0.409      ; 2.329      ;
; 1.763 ; rstn      ; can_top:u_can_top|pkt_tx_data[34]                                                          ; CLK50M       ; CLK50M      ; 0.000        ; 0.409      ; 2.329      ;
; 1.763 ; rstn      ; can_top:u_can_top|pkt_tx_data[31]                                                          ; CLK50M       ; CLK50M      ; 0.000        ; 0.409      ; 2.329      ;
; 1.763 ; rstn      ; can_top:u_can_top|pkt_tx_data[30]                                                          ; CLK50M       ; CLK50M      ; 0.000        ; 0.409      ; 2.329      ;
; 1.763 ; rstn      ; can_top:u_can_top|pkt_tx_data[29]                                                          ; CLK50M       ; CLK50M      ; 0.000        ; 0.409      ; 2.329      ;
; 1.763 ; rstn      ; can_top:u_can_top|pkt_tx_data[32]                                                          ; CLK50M       ; CLK50M      ; 0.000        ; 0.409      ; 2.329      ;
; 1.763 ; rstn      ; can_top:u_can_top|pkt_tx_data[33]                                                          ; CLK50M       ; CLK50M      ; 0.000        ; 0.409      ; 2.329      ;
+-------+-----------+--------------------------------------------------------------------------------------------+--------------+-------------+--------------+------------+------------+


+---------------------------------------------------------------------------------------------------------------------------------------------------------------------------------------+
; Slow 1200mV 85C Model Minimum Pulse Width: 'CLK50M'                                                                                                                                   ;
+--------+--------------+----------------+------------+--------+------------+-----------------------------------------------------------------------------------------------------------+
; Slack  ; Actual Width ; Required Width ; Type       ; Clock  ; Clock Edge ; Target                                                                                                    ;
+--------+--------------+----------------+------------+--------+------------+-----------------------------------------------------------------------------------------------------------+
; -3.000 ; 1.000        ; 4.000          ; Port Rate  ; CLK50M ; Rise       ; CLK50M                                                                                                    ;
; -2.174 ; 1.000        ; 3.174          ; Min Period ; CLK50M ; Rise       ; can_top:u_can_top|altsyncram:buffer_rtl_0|altsyncram_c9h1:auto_generated|ram_block1a0~porta_address_reg0  ;
; -2.174 ; 1.000        ; 3.174          ; Min Period ; CLK50M ; Rise       ; can_top:u_can_top|altsyncram:buffer_rtl_0|altsyncram_c9h1:auto_generated|ram_block1a0~porta_datain_reg0   ;
; -2.174 ; 1.000        ; 3.174          ; Min Period ; CLK50M ; Rise       ; can_top:u_can_top|altsyncram:buffer_rtl_0|altsyncram_c9h1:auto_generated|ram_block1a0~porta_we_reg        ;
; -2.174 ; 1.000        ; 3.174          ; Min Period ; CLK50M ; Rise       ; can_top:u_can_top|altsyncram:buffer_rtl_0|altsyncram_c9h1:auto_generated|ram_block1a0~portb_address_reg0  ;
; -2.174 ; 1.000        ; 3.174          ; Min Period ; CLK50M ; Rise       ; can_top:u_can_top|altsyncram:buffer_rtl_0|altsyncram_c9h1:auto_generated|ram_block1a18~porta_address_reg0 ;
; -2.174 ; 1.000        ; 3.174          ; Min Period ; CLK50M ; Rise       ; can_top:u_can_top|altsyncram:buffer_rtl_0|altsyncram_c9h1:auto_generated|ram_block1a18~porta_datain_reg0  ;
; -2.174 ; 1.000        ; 3.174          ; Min Period ; CLK50M ; Rise       ; can_top:u_can_top|altsyncram:buffer_rtl_0|altsyncram_c9h1:auto_generated|ram_block1a18~porta_we_reg       ;
; -2.174 ; 1.000        ; 3.174          ; Min Period ; CLK50M ; Rise       ; can_top:u_can_top|altsyncram:buffer_rtl_0|altsyncram_c9h1:auto_generated|ram_block1a18~portb_address_reg0 ;
; -2.174 ; 1.000        ; 3.174          ; Min Period ; CLK50M ; Rise       ; can_top:u_can_top|altsyncram:buffer_rtl_0|altsyncram_c9h1:auto_generated|ram_block1a27~porta_address_reg0 ;
; -2.174 ; 1.000        ; 3.174          ; Min Period ; CLK50M ; Rise       ; can_top:u_can_top|altsyncram:buffer_rtl_0|altsyncram_c9h1:auto_generated|ram_block1a27~porta_datain_reg0  ;
; -2.174 ; 1.000        ; 3.174          ; Min Period ; CLK50M ; Rise       ; can_top:u_can_top|altsyncram:buffer_rtl_0|altsyncram_c9h1:auto_generated|ram_block1a27~porta_we_reg       ;
; -2.174 ; 1.000        ; 3.174          ; Min Period ; CLK50M ; Rise       ; can_top:u_can_top|altsyncram:buffer_rtl_0|altsyncram_c9h1:auto_generated|ram_block1a27~portb_address_reg0 ;
; -2.174 ; 1.000        ; 3.174          ; Min Period ; CLK50M ; Rise       ; can_top:u_can_top|altsyncram:buffer_rtl_0|altsyncram_c9h1:auto_generated|ram_block1a36~porta_address_reg0 ;
; -2.174 ; 1.000        ; 3.174          ; Min Period ; CLK50M ; Rise       ; can_top:u_can_top|altsyncram:buffer_rtl_0|altsyncram_c9h1:auto_generated|ram_block1a36~porta_datain_reg0  ;
; -2.174 ; 1.000        ; 3.174          ; Min Period ; CLK50M ; Rise       ; can_top:u_can_top|altsyncram:buffer_rtl_0|altsyncram_c9h1:auto_generated|ram_block1a36~porta_we_reg       ;
; -2.174 ; 1.000        ; 3.174          ; Min Period ; CLK50M ; Rise       ; can_top:u_can_top|altsyncram:buffer_rtl_0|altsyncram_c9h1:auto_generated|ram_block1a36~portb_address_reg0 ;
; -2.174 ; 1.000        ; 3.174          ; Min Period ; CLK50M ; Rise       ; can_top:u_can_top|altsyncram:buffer_rtl_0|altsyncram_c9h1:auto_generated|ram_block1a45~porta_address_reg0 ;
; -2.174 ; 1.000        ; 3.174          ; Min Period ; CLK50M ; Rise       ; can_top:u_can_top|altsyncram:buffer_rtl_0|altsyncram_c9h1:auto_generated|ram_block1a45~porta_datain_reg0  ;
; -2.174 ; 1.000        ; 3.174          ; Min Period ; CLK50M ; Rise       ; can_top:u_can_top|altsyncram:buffer_rtl_0|altsyncram_c9h1:auto_generated|ram_block1a45~porta_we_reg       ;
; -2.174 ; 1.000        ; 3.174          ; Min Period ; CLK50M ; Rise       ; can_top:u_can_top|altsyncram:buffer_rtl_0|altsyncram_c9h1:auto_generated|ram_block1a45~portb_address_reg0 ;
; -2.174 ; 1.000        ; 3.174          ; Min Period ; CLK50M ; Rise       ; can_top:u_can_top|altsyncram:buffer_rtl_0|altsyncram_c9h1:auto_generated|ram_block1a54~porta_address_reg0 ;
; -2.174 ; 1.000        ; 3.174          ; Min Period ; CLK50M ; Rise       ; can_top:u_can_top|altsyncram:buffer_rtl_0|altsyncram_c9h1:auto_generated|ram_block1a54~porta_datain_reg0  ;
; -2.174 ; 1.000        ; 3.174          ; Min Period ; CLK50M ; Rise       ; can_top:u_can_top|altsyncram:buffer_rtl_0|altsyncram_c9h1:auto_generated|ram_block1a54~porta_we_reg       ;
; -2.174 ; 1.000        ; 3.174          ; Min Period ; CLK50M ; Rise       ; can_top:u_can_top|altsyncram:buffer_rtl_0|altsyncram_c9h1:auto_generated|ram_block1a54~portb_address_reg0 ;
; -2.174 ; 1.000        ; 3.174          ; Min Period ; CLK50M ; Rise       ; can_top:u_can_top|altsyncram:buffer_rtl_0|altsyncram_c9h1:auto_generated|ram_block1a9~porta_address_reg0  ;
; -2.174 ; 1.000        ; 3.174          ; Min Period ; CLK50M ; Rise       ; can_top:u_can_top|altsyncram:buffer_rtl_0|altsyncram_c9h1:auto_generated|ram_block1a9~porta_datain_reg0   ;
; -2.174 ; 1.000        ; 3.174          ; Min Period ; CLK50M ; Rise       ; can_top:u_can_top|altsyncram:buffer_rtl_0|altsyncram_c9h1:auto_generated|ram_block1a9~porta_we_reg        ;
; -2.174 ; 1.000        ; 3.174          ; Min Period ; CLK50M ; Rise       ; can_top:u_can_top|altsyncram:buffer_rtl_0|altsyncram_c9h1:auto_generated|ram_block1a9~portb_address_reg0  ;
; -2.174 ; 1.000        ; 3.174          ; Min Period ; CLK50M ; Rise       ; uart_tx:u_uart_tx|altsyncram:buffer_rtl_0|altsyncram_c6h1:auto_generated|ram_block1a0~porta_address_reg0  ;
; -2.174 ; 1.000        ; 3.174          ; Min Period ; CLK50M ; Rise       ; uart_tx:u_uart_tx|altsyncram:buffer_rtl_0|altsyncram_c6h1:auto_generated|ram_block1a0~porta_datain_reg0   ;
; -2.174 ; 1.000        ; 3.174          ; Min Period ; CLK50M ; Rise       ; uart_tx:u_uart_tx|altsyncram:buffer_rtl_0|altsyncram_c6h1:auto_generated|ram_block1a0~porta_we_reg        ;
; -2.174 ; 1.000        ; 3.174          ; Min Period ; CLK50M ; Rise       ; uart_tx:u_uart_tx|altsyncram:buffer_rtl_0|altsyncram_c6h1:auto_generated|ram_block1a0~portb_address_reg0  ;
; -1.000 ; 1.000        ; 2.000          ; Min Period ; CLK50M ; Rise       ; can_top:u_can_top|buff_ready                                                                              ;
; -1.000 ; 1.000        ; 2.000          ; Min Period ; CLK50M ; Rise       ; can_top:u_can_top|buff_valid                                                                              ;
; -1.000 ; 1.000        ; 2.000          ; Min Period ; CLK50M ; Rise       ; can_top:u_can_top|can_level_packet:u_can_level_packet|bit_tx                                              ;
; -1.000 ; 1.000        ; 2.000          ; Min Period ; CLK50M ; Rise       ; can_top:u_can_top|can_level_packet:u_can_level_packet|can_level_bit:u_can_level_bit|adjust_c_PBS1[0]      ;
; -1.000 ; 1.000        ; 2.000          ; Min Period ; CLK50M ; Rise       ; can_top:u_can_top|can_level_packet:u_can_level_packet|can_level_bit:u_can_level_bit|adjust_c_PBS1[10]     ;
; -1.000 ; 1.000        ; 2.000          ; Min Period ; CLK50M ; Rise       ; can_top:u_can_top|can_level_packet:u_can_level_packet|can_level_bit:u_can_level_bit|adjust_c_PBS1[11]     ;
; -1.000 ; 1.000        ; 2.000          ; Min Period ; CLK50M ; Rise       ; can_top:u_can_top|can_level_packet:u_can_level_packet|can_level_bit:u_can_level_bit|adjust_c_PBS1[12]     ;
; -1.000 ; 1.000        ; 2.000          ; Min Period ; CLK50M ; Rise       ; can_top:u_can_top|can_level_packet:u_can_level_packet|can_level_bit:u_can_level_bit|adjust_c_PBS1[13]     ;
; -1.000 ; 1.000        ; 2.000          ; Min Period ; CLK50M ; Rise       ; can_top:u_can_top|can_level_packet:u_can_level_packet|can_level_bit:u_can_level_bit|adjust_c_PBS1[14]     ;
; -1.000 ; 1.000        ; 2.000          ; Min Period ; CLK50M ; Rise       ; can_top:u_can_top|can_level_packet:u_can_level_packet|can_level_bit:u_can_level_bit|adjust_c_PBS1[15]     ;
; -1.000 ; 1.000        ; 2.000          ; Min Period ; CLK50M ; Rise       ; can_top:u_can_top|can_level_packet:u_can_level_packet|can_level_bit:u_can_level_bit|adjust_c_PBS1[16]     ;
; -1.000 ; 1.000        ; 2.000          ; Min Period ; CLK50M ; Rise       ; can_top:u_can_top|can_level_packet:u_can_level_packet|can_level_bit:u_can_level_bit|adjust_c_PBS1[1]      ;
; -1.000 ; 1.000        ; 2.000          ; Min Period ; CLK50M ; Rise       ; can_top:u_can_top|can_level_packet:u_can_level_packet|can_level_bit:u_can_level_bit|adjust_c_PBS1[2]      ;
; -1.000 ; 1.000        ; 2.000          ; Min Period ; CLK50M ; Rise       ; can_top:u_can_top|can_level_packet:u_can_level_packet|can_level_bit:u_can_level_bit|adjust_c_PBS1[3]      ;
; -1.000 ; 1.000        ; 2.000          ; Min Period ; CLK50M ; Rise       ; can_top:u_can_top|can_level_packet:u_can_level_packet|can_level_bit:u_can_level_bit|adjust_c_PBS1[4]      ;
; -1.000 ; 1.000        ; 2.000          ; Min Period ; CLK50M ; Rise       ; can_top:u_can_top|can_level_packet:u_can_level_packet|can_level_bit:u_can_level_bit|adjust_c_PBS1[5]      ;
; -1.000 ; 1.000        ; 2.000          ; Min Period ; CLK50M ; Rise       ; can_top:u_can_top|can_level_packet:u_can_level_packet|can_level_bit:u_can_level_bit|adjust_c_PBS1[6]      ;
; -1.000 ; 1.000        ; 2.000          ; Min Period ; CLK50M ; Rise       ; can_top:u_can_top|can_level_packet:u_can_level_packet|can_level_bit:u_can_level_bit|adjust_c_PBS1[7]      ;
; -1.000 ; 1.000        ; 2.000          ; Min Period ; CLK50M ; Rise       ; can_top:u_can_top|can_level_packet:u_can_level_packet|can_level_bit:u_can_level_bit|adjust_c_PBS1[8]      ;
; -1.000 ; 1.000        ; 2.000          ; Min Period ; CLK50M ; Rise       ; can_top:u_can_top|can_level_packet:u_can_level_packet|can_level_bit:u_can_level_bit|adjust_c_PBS1[9]      ;
; -1.000 ; 1.000        ; 2.000          ; Min Period ; CLK50M ; Rise       ; can_top:u_can_top|can_level_packet:u_can_level_packet|can_level_bit:u_can_level_bit|can_tx                ;
; -1.000 ; 1.000        ; 2.000          ; Min Period ; CLK50M ; Rise       ; can_top:u_can_top|can_level_packet:u_can_level_packet|can_level_bit:u_can_level_bit|cnt[0]                ;
; -1.000 ; 1.000        ; 2.000          ; Min Period ; CLK50M ; Rise       ; can_top:u_can_top|can_level_packet:u_can_level_packet|can_level_bit:u_can_level_bit|cnt[10]               ;
; -1.000 ; 1.000        ; 2.000          ; Min Period ; CLK50M ; Rise       ; can_top:u_can_top|can_level_packet:u_can_level_packet|can_level_bit:u_can_level_bit|cnt[11]               ;
; -1.000 ; 1.000        ; 2.000          ; Min Period ; CLK50M ; Rise       ; can_top:u_can_top|can_level_packet:u_can_level_packet|can_level_bit:u_can_level_bit|cnt[12]               ;
; -1.000 ; 1.000        ; 2.000          ; Min Period ; CLK50M ; Rise       ; can_top:u_can_top|can_level_packet:u_can_level_packet|can_level_bit:u_can_level_bit|cnt[13]               ;
; -1.000 ; 1.000        ; 2.000          ; Min Period ; CLK50M ; Rise       ; can_top:u_can_top|can_level_packet:u_can_level_packet|can_level_bit:u_can_level_bit|cnt[14]               ;
; -1.000 ; 1.000        ; 2.000          ; Min Period ; CLK50M ; Rise       ; can_top:u_can_top|can_level_packet:u_can_level_packet|can_level_bit:u_can_level_bit|cnt[15]               ;
; -1.000 ; 1.000        ; 2.000          ; Min Period ; CLK50M ; Rise       ; can_top:u_can_top|can_level_packet:u_can_level_packet|can_level_bit:u_can_level_bit|cnt[16]               ;
; -1.000 ; 1.000        ; 2.000          ; Min Period ; CLK50M ; Rise       ; can_top:u_can_top|can_level_packet:u_can_level_packet|can_level_bit:u_can_level_bit|cnt[1]                ;
; -1.000 ; 1.000        ; 2.000          ; Min Period ; CLK50M ; Rise       ; can_top:u_can_top|can_level_packet:u_can_level_packet|can_level_bit:u_can_level_bit|cnt[2]                ;
; -1.000 ; 1.000        ; 2.000          ; Min Period ; CLK50M ; Rise       ; can_top:u_can_top|can_level_packet:u_can_level_packet|can_level_bit:u_can_level_bit|cnt[3]                ;
; -1.000 ; 1.000        ; 2.000          ; Min Period ; CLK50M ; Rise       ; can_top:u_can_top|can_level_packet:u_can_level_packet|can_level_bit:u_can_level_bit|cnt[4]                ;
; -1.000 ; 1.000        ; 2.000          ; Min Period ; CLK50M ; Rise       ; can_top:u_can_top|can_level_packet:u_can_level_packet|can_level_bit:u_can_level_bit|cnt[5]                ;
; -1.000 ; 1.000        ; 2.000          ; Min Period ; CLK50M ; Rise       ; can_top:u_can_top|can_level_packet:u_can_level_packet|can_level_bit:u_can_level_bit|cnt[6]                ;
; -1.000 ; 1.000        ; 2.000          ; Min Period ; CLK50M ; Rise       ; can_top:u_can_top|can_level_packet:u_can_level_packet|can_level_bit:u_can_level_bit|cnt[7]                ;
; -1.000 ; 1.000        ; 2.000          ; Min Period ; CLK50M ; Rise       ; can_top:u_can_top|can_level_packet:u_can_level_packet|can_level_bit:u_can_level_bit|cnt[8]                ;
; -1.000 ; 1.000        ; 2.000          ; Min Period ; CLK50M ; Rise       ; can_top:u_can_top|can_level_packet:u_can_level_packet|can_level_bit:u_can_level_bit|cnt[9]                ;
; -1.000 ; 1.000        ; 2.000          ; Min Period ; CLK50M ; Rise       ; can_top:u_can_top|can_level_packet:u_can_level_packet|can_level_bit:u_can_level_bit|cnt_high[0]           ;
; -1.000 ; 1.000        ; 2.000          ; Min Period ; CLK50M ; Rise       ; can_top:u_can_top|can_level_packet:u_can_level_packet|can_level_bit:u_can_level_bit|cnt_high[1]           ;
; -1.000 ; 1.000        ; 2.000          ; Min Period ; CLK50M ; Rise       ; can_top:u_can_top|can_level_packet:u_can_level_packet|can_level_bit:u_can_level_bit|cnt_high[2]           ;
; -1.000 ; 1.000        ; 2.000          ; Min Period ; CLK50M ; Rise       ; can_top:u_can_top|can_level_packet:u_can_level_packet|can_level_bit:u_can_level_bit|inframe               ;
; -1.000 ; 1.000        ; 2.000          ; Min Period ; CLK50M ; Rise       ; can_top:u_can_top|can_level_packet:u_can_level_packet|can_level_bit:u_can_level_bit|rbit                  ;
; -1.000 ; 1.000        ; 2.000          ; Min Period ; CLK50M ; Rise       ; can_top:u_can_top|can_level_packet:u_can_level_packet|can_level_bit:u_can_level_bit|req                   ;
; -1.000 ; 1.000        ; 2.000          ; Min Period ; CLK50M ; Rise       ; can_top:u_can_top|can_level_packet:u_can_level_packet|can_level_bit:u_can_level_bit|rx_buf                ;
; -1.000 ; 1.000        ; 2.000          ; Min Period ; CLK50M ; Rise       ; can_top:u_can_top|can_level_packet:u_can_level_packet|can_level_bit:u_can_level_bit|rx_fall               ;
; -1.000 ; 1.000        ; 2.000          ; Min Period ; CLK50M ; Rise       ; can_top:u_can_top|can_level_packet:u_can_level_packet|can_level_bit:u_can_level_bit|stat.STAT_PBS1        ;
; -1.000 ; 1.000        ; 2.000          ; Min Period ; CLK50M ; Rise       ; can_top:u_can_top|can_level_packet:u_can_level_packet|can_level_bit:u_can_level_bit|stat.STAT_PBS2        ;
; -1.000 ; 1.000        ; 2.000          ; Min Period ; CLK50M ; Rise       ; can_top:u_can_top|can_level_packet:u_can_level_packet|can_level_bit:u_can_level_bit|stat.STAT_PTS         ;
; -1.000 ; 1.000        ; 2.000          ; Min Period ; CLK50M ; Rise       ; can_top:u_can_top|can_level_packet:u_can_level_packet|cnt[0]                                              ;
; -1.000 ; 1.000        ; 2.000          ; Min Period ; CLK50M ; Rise       ; can_top:u_can_top|can_level_packet:u_can_level_packet|cnt[1]                                              ;
; -1.000 ; 1.000        ; 2.000          ; Min Period ; CLK50M ; Rise       ; can_top:u_can_top|can_level_packet:u_can_level_packet|cnt[2]                                              ;
; -1.000 ; 1.000        ; 2.000          ; Min Period ; CLK50M ; Rise       ; can_top:u_can_top|can_level_packet:u_can_level_packet|cnt[3]                                              ;
; -1.000 ; 1.000        ; 2.000          ; Min Period ; CLK50M ; Rise       ; can_top:u_can_top|can_level_packet:u_can_level_packet|cnt[4]                                              ;
; -1.000 ; 1.000        ; 2.000          ; Min Period ; CLK50M ; Rise       ; can_top:u_can_top|can_level_packet:u_can_level_packet|cnt[5]                                              ;
; -1.000 ; 1.000        ; 2.000          ; Min Period ; CLK50M ; Rise       ; can_top:u_can_top|can_level_packet:u_can_level_packet|cnt[6]                                              ;
; -1.000 ; 1.000        ; 2.000          ; Min Period ; CLK50M ; Rise       ; can_top:u_can_top|can_level_packet:u_can_level_packet|cnt[7]                                              ;
; -1.000 ; 1.000        ; 2.000          ; Min Period ; CLK50M ; Rise       ; can_top:u_can_top|can_level_packet:u_can_level_packet|rx_ack_latch                                        ;
; -1.000 ; 1.000        ; 2.000          ; Min Period ; CLK50M ; Rise       ; can_top:u_can_top|can_level_packet:u_can_level_packet|rx_crc[0]                                           ;
; -1.000 ; 1.000        ; 2.000          ; Min Period ; CLK50M ; Rise       ; can_top:u_can_top|can_level_packet:u_can_level_packet|rx_crc[10]                                          ;
; -1.000 ; 1.000        ; 2.000          ; Min Period ; CLK50M ; Rise       ; can_top:u_can_top|can_level_packet:u_can_level_packet|rx_crc[11]                                          ;
; -1.000 ; 1.000        ; 2.000          ; Min Period ; CLK50M ; Rise       ; can_top:u_can_top|can_level_packet:u_can_level_packet|rx_crc[12]                                          ;
; -1.000 ; 1.000        ; 2.000          ; Min Period ; CLK50M ; Rise       ; can_top:u_can_top|can_level_packet:u_can_level_packet|rx_crc[13]                                          ;
; -1.000 ; 1.000        ; 2.000          ; Min Period ; CLK50M ; Rise       ; can_top:u_can_top|can_level_packet:u_can_level_packet|rx_crc[14]                                          ;
; -1.000 ; 1.000        ; 2.000          ; Min Period ; CLK50M ; Rise       ; can_top:u_can_top|can_level_packet:u_can_level_packet|rx_crc[1]                                           ;
; -1.000 ; 1.000        ; 2.000          ; Min Period ; CLK50M ; Rise       ; can_top:u_can_top|can_level_packet:u_can_level_packet|rx_crc[2]                                           ;
; -1.000 ; 1.000        ; 2.000          ; Min Period ; CLK50M ; Rise       ; can_top:u_can_top|can_level_packet:u_can_level_packet|rx_crc[3]                                           ;
+--------+--------------+----------------+------------+--------+------------+-----------------------------------------------------------------------------------------------------------+


+-----------------------------------------------------------------------+
; Setup Times                                                           ;
+-----------+------------+-------+-------+------------+-----------------+
; Data Port ; Clock Port ; Rise  ; Fall  ; Clock Edge ; Clock Reference ;
+-----------+------------+-------+-------+------------+-----------------+
; CAN_RX    ; CLK50M     ; 1.394 ; 1.829 ; Rise       ; CLK50M          ;
+-----------+------------+-------+-------+------------+-----------------+


+-------------------------------------------------------------------------+
; Hold Times                                                              ;
+-----------+------------+--------+--------+------------+-----------------+
; Data Port ; Clock Port ; Rise   ; Fall   ; Clock Edge ; Clock Reference ;
+-----------+------------+--------+--------+------------+-----------------+
; CAN_RX    ; CLK50M     ; -0.977 ; -1.411 ; Rise       ; CLK50M          ;
+-----------+------------+--------+--------+------------+-----------------+


+-----------------------------------------------------------------------+
; Clock to Output Times                                                 ;
+-----------+------------+-------+-------+------------+-----------------+
; Data Port ; Clock Port ; Rise  ; Fall  ; Clock Edge ; Clock Reference ;
+-----------+------------+-------+-------+------------+-----------------+
; CAN_TX    ; CLK50M     ; 6.377 ; 6.413 ; Rise       ; CLK50M          ;
; UART_TX   ; CLK50M     ; 6.923 ; 6.917 ; Rise       ; CLK50M          ;
+-----------+------------+-------+-------+------------+-----------------+


+-----------------------------------------------------------------------+
; Minimum Clock to Output Times                                         ;
+-----------+------------+-------+-------+------------+-----------------+
; Data Port ; Clock Port ; Rise  ; Fall  ; Clock Edge ; Clock Reference ;
+-----------+------------+-------+-------+------------+-----------------+
; CAN_TX    ; CLK50M     ; 6.166 ; 6.202 ; Rise       ; CLK50M          ;
; UART_TX   ; CLK50M     ; 6.688 ; 6.685 ; Rise       ; CLK50M          ;
+-----------+------------+-------+-------+------------+-----------------+


----------------------------------------------
; Slow 1200mV 85C Model Metastability Report ;
----------------------------------------------
No synchronizer chains to report.


+-------------------------------------------------+
; Slow 1200mV 0C Model Fmax Summary               ;
+-----------+-----------------+------------+------+
; Fmax      ; Restricted Fmax ; Clock Name ; Note ;
+-----------+-----------------+------------+------+
; 94.37 MHz ; 94.37 MHz       ; CLK50M     ;      ;
+-----------+-----------------+------------+------+
This panel reports FMAX for every clock in the design, regardless of the user-specified clock periods.  FMAX is only computed for paths where the source and destination registers or ports are driven by the same clock.  Paths of different clocks, including generated clocks, are ignored.  For paths between a clock and its inversion, FMAX is computed as if the rising and falling edges are scaled along with FMAX, such that the duty cycle (in terms of a percentage) is maintained. Altera recommends that you always use clock constraints and other slack reports for sign-off analysis.


+------------------------------------+
; Slow 1200mV 0C Model Setup Summary ;
+--------+--------+------------------+
; Clock  ; Slack  ; End Point TNS    ;
+--------+--------+------------------+
; CLK50M ; -9.597 ; -2520.714        ;
+--------+--------+------------------+


+-----------------------------------+
; Slow 1200mV 0C Model Hold Summary ;
+--------+-------+------------------+
; Clock  ; Slack ; End Point TNS    ;
+--------+-------+------------------+
; CLK50M ; 0.182 ; 0.000            ;
+--------+-------+------------------+


+---------------------------------------+
; Slow 1200mV 0C Model Recovery Summary ;
+--------+--------+---------------------+
; Clock  ; Slack  ; End Point TNS       ;
+--------+--------+---------------------+
; CLK50M ; -1.302 ; -863.530            ;
+--------+--------+---------------------+


+--------------------------------------+
; Slow 1200mV 0C Model Removal Summary ;
+--------+-------+---------------------+
; Clock  ; Slack ; End Point TNS       ;
+--------+-------+---------------------+
; CLK50M ; 1.534 ; 0.000               ;
+--------+-------+---------------------+


+--------------------------------------------------+
; Slow 1200mV 0C Model Minimum Pulse Width Summary ;
+--------+--------+--------------------------------+
; Clock  ; Slack  ; End Point TNS                  ;
+--------+--------+--------------------------------+
; CLK50M ; -3.000 ; -874.568                       ;
+--------+--------+--------------------------------+


+------------------------------------------------------------------------------------------------------------------+
; Slow 1200mV 0C Model Setup: 'CLK50M'                                                                             ;
+--------+-----------------+-----------------+--------------+-------------+--------------+------------+------------+
; Slack  ; From Node       ; To Node         ; Launch Clock ; Latch Clock ; Relationship ; Clock Skew ; Data Delay ;
+--------+-----------------+-----------------+--------------+-------------+--------------+------------+------------+
; -9.597 ; can_tx_data[7]  ; can_tx_data[63] ; CLK50M       ; CLK50M      ; 1.000        ; -0.065     ; 10.527     ;
; -9.546 ; can_tx_data[1]  ; can_tx_data[63] ; CLK50M       ; CLK50M      ; 1.000        ; 0.260      ; 10.801     ;
; -9.541 ; can_tx_data[6]  ; can_tx_data[63] ; CLK50M       ; CLK50M      ; 1.000        ; -0.065     ; 10.471     ;
; -9.501 ; can_tx_data[7]  ; can_tx_data[62] ; CLK50M       ; CLK50M      ; 1.000        ; -0.065     ; 10.431     ;
; -9.499 ; can_tx_data[9]  ; can_tx_data[63] ; CLK50M       ; CLK50M      ; 1.000        ; -0.065     ; 10.429     ;
; -9.497 ; can_tx_data[7]  ; can_tx_data[61] ; CLK50M       ; CLK50M      ; 1.000        ; -0.065     ; 10.427     ;
; -9.475 ; can_tx_data[3]  ; can_tx_data[63] ; CLK50M       ; CLK50M      ; 1.000        ; 0.260      ; 10.730     ;
; -9.446 ; can_tx_data[1]  ; can_tx_data[61] ; CLK50M       ; CLK50M      ; 1.000        ; 0.260      ; 10.701     ;
; -9.443 ; can_tx_data[8]  ; can_tx_data[63] ; CLK50M       ; CLK50M      ; 1.000        ; -0.065     ; 10.373     ;
; -9.442 ; can_tx_data[1]  ; can_tx_data[62] ; CLK50M       ; CLK50M      ; 1.000        ; 0.260      ; 10.697     ;
; -9.441 ; can_tx_data[6]  ; can_tx_data[61] ; CLK50M       ; CLK50M      ; 1.000        ; -0.065     ; 10.371     ;
; -9.439 ; can_tx_data[6]  ; can_tx_data[62] ; CLK50M       ; CLK50M      ; 1.000        ; -0.065     ; 10.369     ;
; -9.416 ; can_tx_data[2]  ; can_tx_data[63] ; CLK50M       ; CLK50M      ; 1.000        ; 0.260      ; 10.671     ;
; -9.403 ; can_tx_data[9]  ; can_tx_data[62] ; CLK50M       ; CLK50M      ; 1.000        ; -0.065     ; 10.333     ;
; -9.401 ; can_tx_data[7]  ; can_tx_data[60] ; CLK50M       ; CLK50M      ; 1.000        ; -0.065     ; 10.331     ;
; -9.400 ; can_tx_data[11] ; can_tx_data[63] ; CLK50M       ; CLK50M      ; 1.000        ; -0.065     ; 10.330     ;
; -9.399 ; can_tx_data[9]  ; can_tx_data[61] ; CLK50M       ; CLK50M      ; 1.000        ; -0.065     ; 10.329     ;
; -9.397 ; can_tx_data[7]  ; can_tx_data[59] ; CLK50M       ; CLK50M      ; 1.000        ; -0.065     ; 10.327     ;
; -9.379 ; can_tx_data[3]  ; can_tx_data[62] ; CLK50M       ; CLK50M      ; 1.000        ; 0.260      ; 10.634     ;
; -9.375 ; can_tx_data[5]  ; can_tx_data[63] ; CLK50M       ; CLK50M      ; 1.000        ; 0.260      ; 10.630     ;
; -9.375 ; can_tx_data[3]  ; can_tx_data[61] ; CLK50M       ; CLK50M      ; 1.000        ; 0.260      ; 10.630     ;
; -9.346 ; can_tx_data[1]  ; can_tx_data[59] ; CLK50M       ; CLK50M      ; 1.000        ; 0.260      ; 10.601     ;
; -9.343 ; can_tx_data[10] ; can_tx_data[63] ; CLK50M       ; CLK50M      ; 1.000        ; -0.065     ; 10.273     ;
; -9.343 ; can_tx_data[8]  ; can_tx_data[61] ; CLK50M       ; CLK50M      ; 1.000        ; -0.065     ; 10.273     ;
; -9.342 ; can_tx_data[1]  ; can_tx_data[60] ; CLK50M       ; CLK50M      ; 1.000        ; 0.260      ; 10.597     ;
; -9.341 ; can_tx_data[6]  ; can_tx_data[59] ; CLK50M       ; CLK50M      ; 1.000        ; -0.065     ; 10.271     ;
; -9.339 ; can_tx_data[8]  ; can_tx_data[62] ; CLK50M       ; CLK50M      ; 1.000        ; -0.065     ; 10.269     ;
; -9.339 ; can_tx_data[6]  ; can_tx_data[60] ; CLK50M       ; CLK50M      ; 1.000        ; -0.065     ; 10.269     ;
; -9.316 ; can_tx_data[4]  ; can_tx_data[63] ; CLK50M       ; CLK50M      ; 1.000        ; 0.260      ; 10.571     ;
; -9.316 ; can_tx_data[2]  ; can_tx_data[61] ; CLK50M       ; CLK50M      ; 1.000        ; 0.260      ; 10.571     ;
; -9.312 ; can_tx_data[2]  ; can_tx_data[62] ; CLK50M       ; CLK50M      ; 1.000        ; 0.260      ; 10.567     ;
; -9.304 ; can_tx_data[11] ; can_tx_data[62] ; CLK50M       ; CLK50M      ; 1.000        ; -0.065     ; 10.234     ;
; -9.303 ; can_tx_data[9]  ; can_tx_data[60] ; CLK50M       ; CLK50M      ; 1.000        ; -0.065     ; 10.233     ;
; -9.301 ; can_tx_data[7]  ; can_tx_data[58] ; CLK50M       ; CLK50M      ; 1.000        ; -0.065     ; 10.231     ;
; -9.300 ; can_tx_data[11] ; can_tx_data[61] ; CLK50M       ; CLK50M      ; 1.000        ; -0.065     ; 10.230     ;
; -9.299 ; can_tx_data[9]  ; can_tx_data[59] ; CLK50M       ; CLK50M      ; 1.000        ; -0.065     ; 10.229     ;
; -9.297 ; can_tx_data[7]  ; can_tx_data[57] ; CLK50M       ; CLK50M      ; 1.000        ; -0.065     ; 10.227     ;
; -9.297 ; can_tx_data[13] ; can_tx_data[63] ; CLK50M       ; CLK50M      ; 1.000        ; -0.065     ; 10.227     ;
; -9.279 ; can_tx_data[5]  ; can_tx_data[62] ; CLK50M       ; CLK50M      ; 1.000        ; 0.260      ; 10.534     ;
; -9.279 ; can_tx_data[3]  ; can_tx_data[60] ; CLK50M       ; CLK50M      ; 1.000        ; 0.260      ; 10.534     ;
; -9.275 ; can_tx_data[5]  ; can_tx_data[61] ; CLK50M       ; CLK50M      ; 1.000        ; 0.260      ; 10.530     ;
; -9.275 ; can_tx_data[3]  ; can_tx_data[59] ; CLK50M       ; CLK50M      ; 1.000        ; 0.260      ; 10.530     ;
; -9.246 ; can_tx_data[1]  ; can_tx_data[57] ; CLK50M       ; CLK50M      ; 1.000        ; 0.260      ; 10.501     ;
; -9.243 ; can_tx_data[10] ; can_tx_data[61] ; CLK50M       ; CLK50M      ; 1.000        ; -0.065     ; 10.173     ;
; -9.243 ; can_tx_data[8]  ; can_tx_data[59] ; CLK50M       ; CLK50M      ; 1.000        ; -0.065     ; 10.173     ;
; -9.242 ; can_tx_data[12] ; can_tx_data[63] ; CLK50M       ; CLK50M      ; 1.000        ; -0.065     ; 10.172     ;
; -9.242 ; can_tx_data[1]  ; can_tx_data[58] ; CLK50M       ; CLK50M      ; 1.000        ; 0.260      ; 10.497     ;
; -9.241 ; can_tx_data[6]  ; can_tx_data[57] ; CLK50M       ; CLK50M      ; 1.000        ; -0.065     ; 10.171     ;
; -9.239 ; can_tx_data[10] ; can_tx_data[62] ; CLK50M       ; CLK50M      ; 1.000        ; -0.065     ; 10.169     ;
; -9.239 ; can_tx_data[8]  ; can_tx_data[60] ; CLK50M       ; CLK50M      ; 1.000        ; -0.065     ; 10.169     ;
; -9.239 ; can_tx_data[6]  ; can_tx_data[58] ; CLK50M       ; CLK50M      ; 1.000        ; -0.065     ; 10.169     ;
; -9.216 ; can_tx_data[4]  ; can_tx_data[61] ; CLK50M       ; CLK50M      ; 1.000        ; 0.260      ; 10.471     ;
; -9.216 ; can_tx_data[2]  ; can_tx_data[59] ; CLK50M       ; CLK50M      ; 1.000        ; 0.260      ; 10.471     ;
; -9.214 ; can_tx_data[4]  ; can_tx_data[62] ; CLK50M       ; CLK50M      ; 1.000        ; 0.260      ; 10.469     ;
; -9.212 ; can_tx_data[2]  ; can_tx_data[60] ; CLK50M       ; CLK50M      ; 1.000        ; 0.260      ; 10.467     ;
; -9.205 ; can_tx_data[15] ; can_tx_data[63] ; CLK50M       ; CLK50M      ; 1.000        ; -0.065     ; 10.135     ;
; -9.204 ; can_tx_data[11] ; can_tx_data[60] ; CLK50M       ; CLK50M      ; 1.000        ; -0.065     ; 10.134     ;
; -9.203 ; can_tx_data[9]  ; can_tx_data[58] ; CLK50M       ; CLK50M      ; 1.000        ; -0.065     ; 10.133     ;
; -9.201 ; can_tx_data[7]  ; can_tx_data[56] ; CLK50M       ; CLK50M      ; 1.000        ; -0.065     ; 10.131     ;
; -9.201 ; can_tx_data[13] ; can_tx_data[62] ; CLK50M       ; CLK50M      ; 1.000        ; -0.065     ; 10.131     ;
; -9.200 ; can_tx_data[11] ; can_tx_data[59] ; CLK50M       ; CLK50M      ; 1.000        ; -0.065     ; 10.130     ;
; -9.199 ; can_tx_data[9]  ; can_tx_data[57] ; CLK50M       ; CLK50M      ; 1.000        ; -0.065     ; 10.129     ;
; -9.197 ; can_tx_data[7]  ; can_tx_data[55] ; CLK50M       ; CLK50M      ; 1.000        ; -0.065     ; 10.127     ;
; -9.197 ; can_tx_data[13] ; can_tx_data[61] ; CLK50M       ; CLK50M      ; 1.000        ; -0.065     ; 10.127     ;
; -9.179 ; can_tx_data[5]  ; can_tx_data[60] ; CLK50M       ; CLK50M      ; 1.000        ; 0.260      ; 10.434     ;
; -9.179 ; can_tx_data[3]  ; can_tx_data[58] ; CLK50M       ; CLK50M      ; 1.000        ; 0.260      ; 10.434     ;
; -9.175 ; can_tx_data[5]  ; can_tx_data[59] ; CLK50M       ; CLK50M      ; 1.000        ; 0.260      ; 10.430     ;
; -9.175 ; can_tx_data[3]  ; can_tx_data[57] ; CLK50M       ; CLK50M      ; 1.000        ; 0.260      ; 10.430     ;
; -9.146 ; can_tx_data[1]  ; can_tx_data[55] ; CLK50M       ; CLK50M      ; 1.000        ; 0.260      ; 10.401     ;
; -9.143 ; can_tx_data[10] ; can_tx_data[59] ; CLK50M       ; CLK50M      ; 1.000        ; -0.065     ; 10.073     ;
; -9.143 ; can_tx_data[8]  ; can_tx_data[57] ; CLK50M       ; CLK50M      ; 1.000        ; -0.065     ; 10.073     ;
; -9.142 ; can_tx_data[14] ; can_tx_data[63] ; CLK50M       ; CLK50M      ; 1.000        ; -0.065     ; 10.072     ;
; -9.142 ; can_tx_data[12] ; can_tx_data[61] ; CLK50M       ; CLK50M      ; 1.000        ; -0.065     ; 10.072     ;
; -9.142 ; can_tx_data[1]  ; can_tx_data[56] ; CLK50M       ; CLK50M      ; 1.000        ; 0.260      ; 10.397     ;
; -9.141 ; can_tx_data[6]  ; can_tx_data[55] ; CLK50M       ; CLK50M      ; 1.000        ; -0.065     ; 10.071     ;
; -9.139 ; can_tx_data[10] ; can_tx_data[60] ; CLK50M       ; CLK50M      ; 1.000        ; -0.065     ; 10.069     ;
; -9.139 ; can_tx_data[8]  ; can_tx_data[58] ; CLK50M       ; CLK50M      ; 1.000        ; -0.065     ; 10.069     ;
; -9.139 ; can_tx_data[6]  ; can_tx_data[56] ; CLK50M       ; CLK50M      ; 1.000        ; -0.065     ; 10.069     ;
; -9.138 ; can_tx_data[12] ; can_tx_data[62] ; CLK50M       ; CLK50M      ; 1.000        ; -0.065     ; 10.068     ;
; -9.116 ; can_tx_data[4]  ; can_tx_data[59] ; CLK50M       ; CLK50M      ; 1.000        ; 0.260      ; 10.371     ;
; -9.116 ; can_tx_data[2]  ; can_tx_data[57] ; CLK50M       ; CLK50M      ; 1.000        ; 0.260      ; 10.371     ;
; -9.114 ; can_tx_data[4]  ; can_tx_data[60] ; CLK50M       ; CLK50M      ; 1.000        ; 0.260      ; 10.369     ;
; -9.112 ; can_tx_data[2]  ; can_tx_data[58] ; CLK50M       ; CLK50M      ; 1.000        ; 0.260      ; 10.367     ;
; -9.109 ; can_tx_data[15] ; can_tx_data[62] ; CLK50M       ; CLK50M      ; 1.000        ; -0.065     ; 10.039     ;
; -9.105 ; can_tx_data[15] ; can_tx_data[61] ; CLK50M       ; CLK50M      ; 1.000        ; -0.065     ; 10.035     ;
; -9.104 ; can_tx_data[11] ; can_tx_data[58] ; CLK50M       ; CLK50M      ; 1.000        ; -0.065     ; 10.034     ;
; -9.103 ; can_tx_data[9]  ; can_tx_data[56] ; CLK50M       ; CLK50M      ; 1.000        ; -0.065     ; 10.033     ;
; -9.101 ; can_tx_data[7]  ; can_tx_data[54] ; CLK50M       ; CLK50M      ; 1.000        ; -0.065     ; 10.031     ;
; -9.101 ; can_tx_data[17] ; can_tx_data[63] ; CLK50M       ; CLK50M      ; 1.000        ; -0.066     ; 10.030     ;
; -9.101 ; can_tx_data[13] ; can_tx_data[60] ; CLK50M       ; CLK50M      ; 1.000        ; -0.065     ; 10.031     ;
; -9.100 ; can_tx_data[11] ; can_tx_data[57] ; CLK50M       ; CLK50M      ; 1.000        ; -0.065     ; 10.030     ;
; -9.099 ; can_tx_data[9]  ; can_tx_data[55] ; CLK50M       ; CLK50M      ; 1.000        ; -0.065     ; 10.029     ;
; -9.097 ; can_tx_data[7]  ; can_tx_data[53] ; CLK50M       ; CLK50M      ; 1.000        ; -0.065     ; 10.027     ;
; -9.097 ; can_tx_data[13] ; can_tx_data[59] ; CLK50M       ; CLK50M      ; 1.000        ; -0.065     ; 10.027     ;
; -9.079 ; can_tx_data[5]  ; can_tx_data[58] ; CLK50M       ; CLK50M      ; 1.000        ; 0.260      ; 10.334     ;
; -9.079 ; can_tx_data[3]  ; can_tx_data[56] ; CLK50M       ; CLK50M      ; 1.000        ; 0.260      ; 10.334     ;
; -9.075 ; can_tx_data[5]  ; can_tx_data[57] ; CLK50M       ; CLK50M      ; 1.000        ; 0.260      ; 10.330     ;
; -9.075 ; can_tx_data[3]  ; can_tx_data[55] ; CLK50M       ; CLK50M      ; 1.000        ; 0.260      ; 10.330     ;
; -9.046 ; can_tx_data[1]  ; can_tx_data[53] ; CLK50M       ; CLK50M      ; 1.000        ; 0.260      ; 10.301     ;
; -9.043 ; can_tx_data[10] ; can_tx_data[57] ; CLK50M       ; CLK50M      ; 1.000        ; -0.065     ; 9.973      ;
+--------+-----------------+-----------------+--------------+-------------+--------------+------------+------------+


+---------------------------------------------------------------------------------------------------------------------------------------------------------------------------------------------------------------------------------------------------------------------------------------+
; Slow 1200mV 0C Model Hold: 'CLK50M'                                                                                                                                                                                                                                                   ;
+-------+----------------------------------------------------------------------------------------------------+----------------------------------------------------------------------------------------------------+--------------+-------------+--------------+------------+------------+
; Slack ; From Node                                                                                          ; To Node                                                                                            ; Launch Clock ; Latch Clock ; Relationship ; Clock Skew ; Data Delay ;
+-------+----------------------------------------------------------------------------------------------------+----------------------------------------------------------------------------------------------------+--------------+-------------+--------------+------------+------------+
; 0.182 ; can_top:u_can_top|can_level_packet:u_can_level_packet|tx_crc[4]                                    ; can_top:u_can_top|can_level_packet:u_can_level_packet|tx_crc[5]                                    ; CLK50M       ; CLK50M      ; 0.000        ; 0.383      ; 0.709      ;
; 0.288 ; can_top:u_can_top|can_level_packet:u_can_level_packet|rx_history[4]                                ; can_top:u_can_top|can_level_packet:u_can_level_packet|rx_history[5]                                ; CLK50M       ; CLK50M      ; 0.000        ; 0.382      ; 0.814      ;
; 0.296 ; uart_tx:u_uart_tx|state[0]                                                                         ; uart_tx:u_uart_tx|state[0]                                                                         ; CLK50M       ; CLK50M      ; 0.000        ; 0.071      ; 0.511      ;
; 0.296 ; uart_tx:u_uart_tx|wptr[0]                                                                          ; uart_tx:u_uart_tx|wptr[0]                                                                          ; CLK50M       ; CLK50M      ; 0.000        ; 0.071      ; 0.511      ;
; 0.297 ; can_top:u_can_top|can_level_packet:u_can_level_packet|can_level_bit:u_can_level_bit|can_tx         ; can_top:u_can_top|can_level_packet:u_can_level_packet|can_level_bit:u_can_level_bit|can_tx         ; CLK50M       ; CLK50M      ; 0.000        ; 0.070      ; 0.511      ;
; 0.297 ; can_top:u_can_top|can_level_packet:u_can_level_packet|can_level_bit:u_can_level_bit|stat.STAT_PTS  ; can_top:u_can_top|can_level_packet:u_can_level_packet|can_level_bit:u_can_level_bit|stat.STAT_PTS  ; CLK50M       ; CLK50M      ; 0.000        ; 0.070      ; 0.511      ;
; 0.297 ; can_top:u_can_top|can_level_packet:u_can_level_packet|can_level_bit:u_can_level_bit|stat.STAT_PBS2 ; can_top:u_can_top|can_level_packet:u_can_level_packet|can_level_bit:u_can_level_bit|stat.STAT_PBS2 ; CLK50M       ; CLK50M      ; 0.000        ; 0.070      ; 0.511      ;
; 0.297 ; can_top:u_can_top|can_level_packet:u_can_level_packet|can_level_bit:u_can_level_bit|cnt_high[0]    ; can_top:u_can_top|can_level_packet:u_can_level_packet|can_level_bit:u_can_level_bit|cnt_high[0]    ; CLK50M       ; CLK50M      ; 0.000        ; 0.070      ; 0.511      ;
; 0.297 ; can_top:u_can_top|can_level_packet:u_can_level_packet|can_level_bit:u_can_level_bit|inframe        ; can_top:u_can_top|can_level_packet:u_can_level_packet|can_level_bit:u_can_level_bit|inframe        ; CLK50M       ; CLK50M      ; 0.000        ; 0.070      ; 0.511      ;
; 0.297 ; can_top:u_can_top|can_level_packet:u_can_level_packet|rx_data[30]                                  ; can_top:u_can_top|can_level_packet:u_can_level_packet|rx_data[30]                                  ; CLK50M       ; CLK50M      ; 0.000        ; 0.070      ; 0.511      ;
; 0.297 ; can_top:u_can_top|can_level_packet:u_can_level_packet|rx_data[29]                                  ; can_top:u_can_top|can_level_packet:u_can_level_packet|rx_data[29]                                  ; CLK50M       ; CLK50M      ; 0.000        ; 0.070      ; 0.511      ;
; 0.297 ; can_top:u_can_top|can_level_packet:u_can_level_packet|rx_data[28]                                  ; can_top:u_can_top|can_level_packet:u_can_level_packet|rx_data[28]                                  ; CLK50M       ; CLK50M      ; 0.000        ; 0.070      ; 0.511      ;
; 0.297 ; can_top:u_can_top|can_level_packet:u_can_level_packet|rx_data[22]                                  ; can_top:u_can_top|can_level_packet:u_can_level_packet|rx_data[22]                                  ; CLK50M       ; CLK50M      ; 0.000        ; 0.070      ; 0.511      ;
; 0.297 ; can_top:u_can_top|can_level_packet:u_can_level_packet|rx_data[21]                                  ; can_top:u_can_top|can_level_packet:u_can_level_packet|rx_data[21]                                  ; CLK50M       ; CLK50M      ; 0.000        ; 0.070      ; 0.511      ;
; 0.297 ; can_top:u_can_top|can_level_packet:u_can_level_packet|rx_data[20]                                  ; can_top:u_can_top|can_level_packet:u_can_level_packet|rx_data[20]                                  ; CLK50M       ; CLK50M      ; 0.000        ; 0.070      ; 0.511      ;
; 0.297 ; can_top:u_can_top|can_level_packet:u_can_level_packet|rx_data[14]                                  ; can_top:u_can_top|can_level_packet:u_can_level_packet|rx_data[14]                                  ; CLK50M       ; CLK50M      ; 0.000        ; 0.070      ; 0.511      ;
; 0.297 ; can_top:u_can_top|can_level_packet:u_can_level_packet|rx_data[13]                                  ; can_top:u_can_top|can_level_packet:u_can_level_packet|rx_data[13]                                  ; CLK50M       ; CLK50M      ; 0.000        ; 0.070      ; 0.511      ;
; 0.297 ; can_top:u_can_top|can_level_packet:u_can_level_packet|rx_data[12]                                  ; can_top:u_can_top|can_level_packet:u_can_level_packet|rx_data[12]                                  ; CLK50M       ; CLK50M      ; 0.000        ; 0.070      ; 0.511      ;
; 0.297 ; can_top:u_can_top|can_level_packet:u_can_level_packet|rx_data[11]                                  ; can_top:u_can_top|can_level_packet:u_can_level_packet|rx_data[11]                                  ; CLK50M       ; CLK50M      ; 0.000        ; 0.070      ; 0.511      ;
; 0.297 ; can_top:u_can_top|can_level_packet:u_can_level_packet|rx_data[10]                                  ; can_top:u_can_top|can_level_packet:u_can_level_packet|rx_data[10]                                  ; CLK50M       ; CLK50M      ; 0.000        ; 0.070      ; 0.511      ;
; 0.297 ; can_top:u_can_top|can_level_packet:u_can_level_packet|rx_data[5]                                   ; can_top:u_can_top|can_level_packet:u_can_level_packet|rx_data[5]                                   ; CLK50M       ; CLK50M      ; 0.000        ; 0.070      ; 0.511      ;
; 0.297 ; can_top:u_can_top|can_level_packet:u_can_level_packet|stat.RX_EOF                                  ; can_top:u_can_top|can_level_packet:u_can_level_packet|stat.RX_EOF                                  ; CLK50M       ; CLK50M      ; 0.000        ; 0.070      ; 0.511      ;
; 0.297 ; can_top:u_can_top|can_level_packet:u_can_level_packet|rx_rtr                                       ; can_top:u_can_top|can_level_packet:u_can_level_packet|rx_rtr                                       ; CLK50M       ; CLK50M      ; 0.000        ; 0.070      ; 0.511      ;
; 0.297 ; can_top:u_can_top|can_level_packet:u_can_level_packet|stat.TRX_ID_BASE                             ; can_top:u_can_top|can_level_packet:u_can_level_packet|stat.TRX_ID_BASE                             ; CLK50M       ; CLK50M      ; 0.000        ; 0.070      ; 0.511      ;
; 0.297 ; can_top:u_can_top|can_level_packet:u_can_level_packet|rx_len[1]                                    ; can_top:u_can_top|can_level_packet:u_can_level_packet|rx_len[1]                                    ; CLK50M       ; CLK50M      ; 0.000        ; 0.070      ; 0.511      ;
; 0.297 ; can_top:u_can_top|can_level_packet:u_can_level_packet|rx_len[0]                                    ; can_top:u_can_top|can_level_packet:u_can_level_packet|rx_len[0]                                    ; CLK50M       ; CLK50M      ; 0.000        ; 0.070      ; 0.511      ;
; 0.297 ; can_top:u_can_top|can_level_packet:u_can_level_packet|rx_len[2]                                    ; can_top:u_can_top|can_level_packet:u_can_level_packet|rx_len[2]                                    ; CLK50M       ; CLK50M      ; 0.000        ; 0.070      ; 0.511      ;
; 0.297 ; can_top:u_can_top|can_level_packet:u_can_level_packet|rx_len[3]                                    ; can_top:u_can_top|can_level_packet:u_can_level_packet|rx_len[3]                                    ; CLK50M       ; CLK50M      ; 0.000        ; 0.070      ; 0.511      ;
; 0.297 ; can_top:u_can_top|can_level_packet:u_can_level_packet|tx_crc[14]                                   ; can_top:u_can_top|can_level_packet:u_can_level_packet|tx_crc[14]                                   ; CLK50M       ; CLK50M      ; 0.000        ; 0.070      ; 0.511      ;
; 0.297 ; can_top:u_can_top|keepdata[56]                                                                     ; can_top:u_can_top|keepdata[56]                                                                     ; CLK50M       ; CLK50M      ; 0.000        ; 0.070      ; 0.511      ;
; 0.297 ; can_top:u_can_top|keepdata[54]                                                                     ; can_top:u_can_top|keepdata[54]                                                                     ; CLK50M       ; CLK50M      ; 0.000        ; 0.070      ; 0.511      ;
; 0.297 ; can_top:u_can_top|keepdata[53]                                                                     ; can_top:u_can_top|keepdata[53]                                                                     ; CLK50M       ; CLK50M      ; 0.000        ; 0.070      ; 0.511      ;
; 0.297 ; can_top:u_can_top|keepdata[52]                                                                     ; can_top:u_can_top|keepdata[52]                                                                     ; CLK50M       ; CLK50M      ; 0.000        ; 0.070      ; 0.511      ;
; 0.297 ; can_top:u_can_top|keepdata[51]                                                                     ; can_top:u_can_top|keepdata[51]                                                                     ; CLK50M       ; CLK50M      ; 0.000        ; 0.070      ; 0.511      ;
; 0.297 ; can_top:u_can_top|keepdata[50]                                                                     ; can_top:u_can_top|keepdata[50]                                                                     ; CLK50M       ; CLK50M      ; 0.000        ; 0.070      ; 0.511      ;
; 0.297 ; can_top:u_can_top|keepdata[49]                                                                     ; can_top:u_can_top|keepdata[49]                                                                     ; CLK50M       ; CLK50M      ; 0.000        ; 0.070      ; 0.511      ;
; 0.297 ; can_top:u_can_top|keepdata[48]                                                                     ; can_top:u_can_top|keepdata[48]                                                                     ; CLK50M       ; CLK50M      ; 0.000        ; 0.070      ; 0.511      ;
; 0.297 ; can_top:u_can_top|keepdata[47]                                                                     ; can_top:u_can_top|keepdata[47]                                                                     ; CLK50M       ; CLK50M      ; 0.000        ; 0.070      ; 0.511      ;
; 0.297 ; can_top:u_can_top|keepdata[46]                                                                     ; can_top:u_can_top|keepdata[46]                                                                     ; CLK50M       ; CLK50M      ; 0.000        ; 0.070      ; 0.511      ;
; 0.297 ; can_top:u_can_top|keepdata[45]                                                                     ; can_top:u_can_top|keepdata[45]                                                                     ; CLK50M       ; CLK50M      ; 0.000        ; 0.070      ; 0.511      ;
; 0.297 ; can_top:u_can_top|keepdata[44]                                                                     ; can_top:u_can_top|keepdata[44]                                                                     ; CLK50M       ; CLK50M      ; 0.000        ; 0.070      ; 0.511      ;
; 0.297 ; can_top:u_can_top|keepdata[43]                                                                     ; can_top:u_can_top|keepdata[43]                                                                     ; CLK50M       ; CLK50M      ; 0.000        ; 0.070      ; 0.511      ;
; 0.297 ; can_top:u_can_top|keepdata[3]                                                                      ; can_top:u_can_top|keepdata[3]                                                                      ; CLK50M       ; CLK50M      ; 0.000        ; 0.070      ; 0.511      ;
; 0.297 ; can_top:u_can_top|keepdata[2]                                                                      ; can_top:u_can_top|keepdata[2]                                                                      ; CLK50M       ; CLK50M      ; 0.000        ; 0.070      ; 0.511      ;
; 0.297 ; can_top:u_can_top|keepdata[55]                                                                     ; can_top:u_can_top|keepdata[55]                                                                     ; CLK50M       ; CLK50M      ; 0.000        ; 0.070      ; 0.511      ;
; 0.297 ; can_top:u_can_top|wptr[0]                                                                          ; can_top:u_can_top|wptr[0]                                                                          ; CLK50M       ; CLK50M      ; 0.000        ; 0.070      ; 0.511      ;
; 0.298 ; can_top:u_can_top|can_level_packet:u_can_level_packet|can_level_bit:u_can_level_bit|cnt_high[2]    ; can_top:u_can_top|can_level_packet:u_can_level_packet|can_level_bit:u_can_level_bit|cnt_high[2]    ; CLK50M       ; CLK50M      ; 0.000        ; 0.069      ; 0.511      ;
; 0.298 ; can_top:u_can_top|can_level_packet:u_can_level_packet|can_level_bit:u_can_level_bit|cnt_high[1]    ; can_top:u_can_top|can_level_packet:u_can_level_packet|can_level_bit:u_can_level_bit|cnt_high[1]    ; CLK50M       ; CLK50M      ; 0.000        ; 0.069      ; 0.511      ;
; 0.298 ; can_top:u_can_top|can_level_packet:u_can_level_packet|rx_data[27]                                  ; can_top:u_can_top|can_level_packet:u_can_level_packet|rx_data[27]                                  ; CLK50M       ; CLK50M      ; 0.000        ; 0.069      ; 0.511      ;
; 0.298 ; can_top:u_can_top|can_level_packet:u_can_level_packet|rx_data[26]                                  ; can_top:u_can_top|can_level_packet:u_can_level_packet|rx_data[26]                                  ; CLK50M       ; CLK50M      ; 0.000        ; 0.069      ; 0.511      ;
; 0.298 ; can_top:u_can_top|can_level_packet:u_can_level_packet|rx_data[25]                                  ; can_top:u_can_top|can_level_packet:u_can_level_packet|rx_data[25]                                  ; CLK50M       ; CLK50M      ; 0.000        ; 0.069      ; 0.511      ;
; 0.298 ; can_top:u_can_top|can_level_packet:u_can_level_packet|rx_data[24]                                  ; can_top:u_can_top|can_level_packet:u_can_level_packet|rx_data[24]                                  ; CLK50M       ; CLK50M      ; 0.000        ; 0.069      ; 0.511      ;
; 0.298 ; can_top:u_can_top|can_level_packet:u_can_level_packet|rx_data[23]                                  ; can_top:u_can_top|can_level_packet:u_can_level_packet|rx_data[23]                                  ; CLK50M       ; CLK50M      ; 0.000        ; 0.069      ; 0.511      ;
; 0.298 ; can_top:u_can_top|can_level_packet:u_can_level_packet|rx_data[9]                                   ; can_top:u_can_top|can_level_packet:u_can_level_packet|rx_data[9]                                   ; CLK50M       ; CLK50M      ; 0.000        ; 0.069      ; 0.511      ;
; 0.298 ; can_top:u_can_top|can_level_packet:u_can_level_packet|rx_data[8]                                   ; can_top:u_can_top|can_level_packet:u_can_level_packet|rx_data[8]                                   ; CLK50M       ; CLK50M      ; 0.000        ; 0.069      ; 0.511      ;
; 0.298 ; can_top:u_can_top|can_level_packet:u_can_level_packet|rx_data[7]                                   ; can_top:u_can_top|can_level_packet:u_can_level_packet|rx_data[7]                                   ; CLK50M       ; CLK50M      ; 0.000        ; 0.069      ; 0.511      ;
; 0.298 ; can_top:u_can_top|can_level_packet:u_can_level_packet|rx_data[6]                                   ; can_top:u_can_top|can_level_packet:u_can_level_packet|rx_data[6]                                   ; CLK50M       ; CLK50M      ; 0.000        ; 0.069      ; 0.511      ;
; 0.298 ; can_top:u_can_top|keepdata[63]                                                                     ; can_top:u_can_top|keepdata[63]                                                                     ; CLK50M       ; CLK50M      ; 0.000        ; 0.069      ; 0.511      ;
; 0.298 ; can_top:u_can_top|keepdata[60]                                                                     ; can_top:u_can_top|keepdata[60]                                                                     ; CLK50M       ; CLK50M      ; 0.000        ; 0.069      ; 0.511      ;
; 0.298 ; can_top:u_can_top|keepdata[58]                                                                     ; can_top:u_can_top|keepdata[58]                                                                     ; CLK50M       ; CLK50M      ; 0.000        ; 0.069      ; 0.511      ;
; 0.298 ; can_top:u_can_top|keepdata[42]                                                                     ; can_top:u_can_top|keepdata[42]                                                                     ; CLK50M       ; CLK50M      ; 0.000        ; 0.069      ; 0.511      ;
; 0.298 ; can_top:u_can_top|keepdata[40]                                                                     ; can_top:u_can_top|keepdata[40]                                                                     ; CLK50M       ; CLK50M      ; 0.000        ; 0.069      ; 0.511      ;
; 0.298 ; can_top:u_can_top|keepdata[38]                                                                     ; can_top:u_can_top|keepdata[38]                                                                     ; CLK50M       ; CLK50M      ; 0.000        ; 0.069      ; 0.511      ;
; 0.298 ; can_top:u_can_top|keepdata[37]                                                                     ; can_top:u_can_top|keepdata[37]                                                                     ; CLK50M       ; CLK50M      ; 0.000        ; 0.069      ; 0.511      ;
; 0.298 ; can_top:u_can_top|keepdata[36]                                                                     ; can_top:u_can_top|keepdata[36]                                                                     ; CLK50M       ; CLK50M      ; 0.000        ; 0.069      ; 0.511      ;
; 0.298 ; can_top:u_can_top|keepdata[35]                                                                     ; can_top:u_can_top|keepdata[35]                                                                     ; CLK50M       ; CLK50M      ; 0.000        ; 0.069      ; 0.511      ;
; 0.298 ; can_top:u_can_top|keepdata[34]                                                                     ; can_top:u_can_top|keepdata[34]                                                                     ; CLK50M       ; CLK50M      ; 0.000        ; 0.069      ; 0.511      ;
; 0.298 ; can_top:u_can_top|keepdata[31]                                                                     ; can_top:u_can_top|keepdata[31]                                                                     ; CLK50M       ; CLK50M      ; 0.000        ; 0.069      ; 0.511      ;
; 0.298 ; can_top:u_can_top|keepdata[30]                                                                     ; can_top:u_can_top|keepdata[30]                                                                     ; CLK50M       ; CLK50M      ; 0.000        ; 0.069      ; 0.511      ;
; 0.298 ; can_top:u_can_top|keepdata[29]                                                                     ; can_top:u_can_top|keepdata[29]                                                                     ; CLK50M       ; CLK50M      ; 0.000        ; 0.069      ; 0.511      ;
; 0.298 ; can_top:u_can_top|keepdata[28]                                                                     ; can_top:u_can_top|keepdata[28]                                                                     ; CLK50M       ; CLK50M      ; 0.000        ; 0.069      ; 0.511      ;
; 0.298 ; can_top:u_can_top|keepdata[27]                                                                     ; can_top:u_can_top|keepdata[27]                                                                     ; CLK50M       ; CLK50M      ; 0.000        ; 0.069      ; 0.511      ;
; 0.298 ; can_top:u_can_top|keepdata[26]                                                                     ; can_top:u_can_top|keepdata[26]                                                                     ; CLK50M       ; CLK50M      ; 0.000        ; 0.069      ; 0.511      ;
; 0.298 ; can_top:u_can_top|keepdata[24]                                                                     ; can_top:u_can_top|keepdata[24]                                                                     ; CLK50M       ; CLK50M      ; 0.000        ; 0.069      ; 0.511      ;
; 0.298 ; can_top:u_can_top|keepdata[22]                                                                     ; can_top:u_can_top|keepdata[22]                                                                     ; CLK50M       ; CLK50M      ; 0.000        ; 0.069      ; 0.511      ;
; 0.298 ; can_top:u_can_top|keepdata[20]                                                                     ; can_top:u_can_top|keepdata[20]                                                                     ; CLK50M       ; CLK50M      ; 0.000        ; 0.069      ; 0.511      ;
; 0.298 ; can_top:u_can_top|keepdata[17]                                                                     ; can_top:u_can_top|keepdata[17]                                                                     ; CLK50M       ; CLK50M      ; 0.000        ; 0.069      ; 0.511      ;
; 0.298 ; can_top:u_can_top|keepdata[12]                                                                     ; can_top:u_can_top|keepdata[12]                                                                     ; CLK50M       ; CLK50M      ; 0.000        ; 0.069      ; 0.511      ;
; 0.298 ; can_top:u_can_top|keepdata[11]                                                                     ; can_top:u_can_top|keepdata[11]                                                                     ; CLK50M       ; CLK50M      ; 0.000        ; 0.069      ; 0.511      ;
; 0.298 ; can_top:u_can_top|keepdata[8]                                                                      ; can_top:u_can_top|keepdata[8]                                                                      ; CLK50M       ; CLK50M      ; 0.000        ; 0.069      ; 0.511      ;
; 0.298 ; can_top:u_can_top|keepdata[7]                                                                      ; can_top:u_can_top|keepdata[7]                                                                      ; CLK50M       ; CLK50M      ; 0.000        ; 0.069      ; 0.511      ;
; 0.298 ; can_top:u_can_top|keepdata[6]                                                                      ; can_top:u_can_top|keepdata[6]                                                                      ; CLK50M       ; CLK50M      ; 0.000        ; 0.069      ; 0.511      ;
; 0.298 ; can_top:u_can_top|keepdata[1]                                                                      ; can_top:u_can_top|keepdata[1]                                                                      ; CLK50M       ; CLK50M      ; 0.000        ; 0.069      ; 0.511      ;
; 0.298 ; can_top:u_can_top|keepdata[4]                                                                      ; can_top:u_can_top|keepdata[4]                                                                      ; CLK50M       ; CLK50M      ; 0.000        ; 0.069      ; 0.511      ;
; 0.298 ; can_top:u_can_top|keepdata[5]                                                                      ; can_top:u_can_top|keepdata[5]                                                                      ; CLK50M       ; CLK50M      ; 0.000        ; 0.069      ; 0.511      ;
; 0.298 ; can_top:u_can_top|keepdata[9]                                                                      ; can_top:u_can_top|keepdata[9]                                                                      ; CLK50M       ; CLK50M      ; 0.000        ; 0.069      ; 0.511      ;
; 0.298 ; can_top:u_can_top|keepdata[10]                                                                     ; can_top:u_can_top|keepdata[10]                                                                     ; CLK50M       ; CLK50M      ; 0.000        ; 0.069      ; 0.511      ;
; 0.298 ; can_top:u_can_top|keepdata[13]                                                                     ; can_top:u_can_top|keepdata[13]                                                                     ; CLK50M       ; CLK50M      ; 0.000        ; 0.069      ; 0.511      ;
; 0.298 ; can_top:u_can_top|keepdata[14]                                                                     ; can_top:u_can_top|keepdata[14]                                                                     ; CLK50M       ; CLK50M      ; 0.000        ; 0.069      ; 0.511      ;
; 0.298 ; can_top:u_can_top|keepdata[15]                                                                     ; can_top:u_can_top|keepdata[15]                                                                     ; CLK50M       ; CLK50M      ; 0.000        ; 0.069      ; 0.511      ;
; 0.298 ; can_top:u_can_top|keepdata[16]                                                                     ; can_top:u_can_top|keepdata[16]                                                                     ; CLK50M       ; CLK50M      ; 0.000        ; 0.069      ; 0.511      ;
; 0.298 ; can_top:u_can_top|keepdata[18]                                                                     ; can_top:u_can_top|keepdata[18]                                                                     ; CLK50M       ; CLK50M      ; 0.000        ; 0.069      ; 0.511      ;
; 0.298 ; can_top:u_can_top|keepdata[19]                                                                     ; can_top:u_can_top|keepdata[19]                                                                     ; CLK50M       ; CLK50M      ; 0.000        ; 0.069      ; 0.511      ;
; 0.298 ; can_top:u_can_top|keepdata[21]                                                                     ; can_top:u_can_top|keepdata[21]                                                                     ; CLK50M       ; CLK50M      ; 0.000        ; 0.069      ; 0.511      ;
; 0.298 ; can_top:u_can_top|keepdata[23]                                                                     ; can_top:u_can_top|keepdata[23]                                                                     ; CLK50M       ; CLK50M      ; 0.000        ; 0.069      ; 0.511      ;
; 0.298 ; can_top:u_can_top|keepdata[25]                                                                     ; can_top:u_can_top|keepdata[25]                                                                     ; CLK50M       ; CLK50M      ; 0.000        ; 0.069      ; 0.511      ;
; 0.298 ; can_top:u_can_top|keepdata[32]                                                                     ; can_top:u_can_top|keepdata[32]                                                                     ; CLK50M       ; CLK50M      ; 0.000        ; 0.069      ; 0.511      ;
; 0.298 ; can_top:u_can_top|keepdata[33]                                                                     ; can_top:u_can_top|keepdata[33]                                                                     ; CLK50M       ; CLK50M      ; 0.000        ; 0.069      ; 0.511      ;
; 0.298 ; can_top:u_can_top|keepdata[39]                                                                     ; can_top:u_can_top|keepdata[39]                                                                     ; CLK50M       ; CLK50M      ; 0.000        ; 0.069      ; 0.511      ;
; 0.298 ; can_top:u_can_top|keepdata[41]                                                                     ; can_top:u_can_top|keepdata[41]                                                                     ; CLK50M       ; CLK50M      ; 0.000        ; 0.069      ; 0.511      ;
+-------+----------------------------------------------------------------------------------------------------+----------------------------------------------------------------------------------------------------+--------------+-------------+--------------+------------+------------+


+--------------------------------------------------------------------------------------------------------------------------------------------------------------------------------------------------+
; Slow 1200mV 0C Model Recovery: 'CLK50M'                                                                                                                                                          ;
+--------+-----------+-------------------------------------------------------------------------------------------------------+--------------+-------------+--------------+------------+------------+
; Slack  ; From Node ; To Node                                                                                               ; Launch Clock ; Latch Clock ; Relationship ; Clock Skew ; Data Delay ;
+--------+-----------+-------------------------------------------------------------------------------------------------------+--------------+-------------+--------------+------------+------------+
; -1.302 ; rstn      ; can_top:u_can_top|can_level_packet:u_can_level_packet|can_level_bit:u_can_level_bit|adjust_c_PBS1[8]  ; CLK50M       ; CLK50M      ; 1.000        ; -0.094     ; 2.203      ;
; -1.302 ; rstn      ; can_top:u_can_top|can_level_packet:u_can_level_packet|can_level_bit:u_can_level_bit|adjust_c_PBS1[9]  ; CLK50M       ; CLK50M      ; 1.000        ; -0.094     ; 2.203      ;
; -1.302 ; rstn      ; can_top:u_can_top|can_level_packet:u_can_level_packet|can_level_bit:u_can_level_bit|adjust_c_PBS1[10] ; CLK50M       ; CLK50M      ; 1.000        ; -0.094     ; 2.203      ;
; -1.302 ; rstn      ; can_top:u_can_top|can_level_packet:u_can_level_packet|can_level_bit:u_can_level_bit|adjust_c_PBS1[11] ; CLK50M       ; CLK50M      ; 1.000        ; -0.094     ; 2.203      ;
; -1.302 ; rstn      ; can_top:u_can_top|can_level_packet:u_can_level_packet|can_level_bit:u_can_level_bit|adjust_c_PBS1[12] ; CLK50M       ; CLK50M      ; 1.000        ; -0.094     ; 2.203      ;
; -1.302 ; rstn      ; can_top:u_can_top|can_level_packet:u_can_level_packet|can_level_bit:u_can_level_bit|adjust_c_PBS1[13] ; CLK50M       ; CLK50M      ; 1.000        ; -0.094     ; 2.203      ;
; -1.302 ; rstn      ; can_top:u_can_top|can_level_packet:u_can_level_packet|can_level_bit:u_can_level_bit|adjust_c_PBS1[14] ; CLK50M       ; CLK50M      ; 1.000        ; -0.094     ; 2.203      ;
; -1.302 ; rstn      ; can_top:u_can_top|can_level_packet:u_can_level_packet|can_level_bit:u_can_level_bit|adjust_c_PBS1[15] ; CLK50M       ; CLK50M      ; 1.000        ; -0.094     ; 2.203      ;
; -1.302 ; rstn      ; can_top:u_can_top|can_level_packet:u_can_level_packet|can_level_bit:u_can_level_bit|adjust_c_PBS1[16] ; CLK50M       ; CLK50M      ; 1.000        ; -0.094     ; 2.203      ;
; -1.302 ; rstn      ; can_top:u_can_top|can_level_packet:u_can_level_packet|can_level_bit:u_can_level_bit|stat.STAT_PBS1    ; CLK50M       ; CLK50M      ; 1.000        ; -0.095     ; 2.202      ;
; -1.302 ; rstn      ; can_top:u_can_top|can_level_packet:u_can_level_packet|can_level_bit:u_can_level_bit|cnt[11]           ; CLK50M       ; CLK50M      ; 1.000        ; -0.094     ; 2.203      ;
; -1.292 ; rstn      ; can_top:u_can_top|can_level_packet:u_can_level_packet|tx_shift[63]                                    ; CLK50M       ; CLK50M      ; 1.000        ; -0.074     ; 2.213      ;
; -1.292 ; rstn      ; can_top:u_can_top|can_level_packet:u_can_level_packet|tx_shift[61]                                    ; CLK50M       ; CLK50M      ; 1.000        ; -0.075     ; 2.212      ;
; -1.292 ; rstn      ; can_top:u_can_top|can_level_packet:u_can_level_packet|tx_shift[60]                                    ; CLK50M       ; CLK50M      ; 1.000        ; -0.075     ; 2.212      ;
; -1.292 ; rstn      ; can_top:u_can_top|can_level_packet:u_can_level_packet|tx_shift[59]                                    ; CLK50M       ; CLK50M      ; 1.000        ; -0.075     ; 2.212      ;
; -1.292 ; rstn      ; can_top:u_can_top|can_level_packet:u_can_level_packet|tx_shift[58]                                    ; CLK50M       ; CLK50M      ; 1.000        ; -0.075     ; 2.212      ;
; -1.292 ; rstn      ; can_top:u_can_top|can_level_packet:u_can_level_packet|tx_shift[57]                                    ; CLK50M       ; CLK50M      ; 1.000        ; -0.075     ; 2.212      ;
; -1.292 ; rstn      ; can_top:u_can_top|can_level_packet:u_can_level_packet|tx_shift[56]                                    ; CLK50M       ; CLK50M      ; 1.000        ; -0.075     ; 2.212      ;
; -1.292 ; rstn      ; can_top:u_can_top|can_level_packet:u_can_level_packet|tx_shift[55]                                    ; CLK50M       ; CLK50M      ; 1.000        ; -0.075     ; 2.212      ;
; -1.292 ; rstn      ; can_top:u_can_top|can_level_packet:u_can_level_packet|tx_shift[54]                                    ; CLK50M       ; CLK50M      ; 1.000        ; -0.075     ; 2.212      ;
; -1.292 ; rstn      ; can_top:u_can_top|can_level_packet:u_can_level_packet|tx_shift[53]                                    ; CLK50M       ; CLK50M      ; 1.000        ; -0.075     ; 2.212      ;
; -1.292 ; rstn      ; can_top:u_can_top|can_level_packet:u_can_level_packet|tx_shift[52]                                    ; CLK50M       ; CLK50M      ; 1.000        ; -0.075     ; 2.212      ;
; -1.292 ; rstn      ; can_top:u_can_top|can_level_packet:u_can_level_packet|tx_shift[51]                                    ; CLK50M       ; CLK50M      ; 1.000        ; -0.075     ; 2.212      ;
; -1.292 ; rstn      ; can_top:u_can_top|can_level_packet:u_can_level_packet|tx_shift[50]                                    ; CLK50M       ; CLK50M      ; 1.000        ; -0.075     ; 2.212      ;
; -1.292 ; rstn      ; can_top:u_can_top|can_level_packet:u_can_level_packet|tx_shift[49]                                    ; CLK50M       ; CLK50M      ; 1.000        ; -0.075     ; 2.212      ;
; -1.292 ; rstn      ; can_top:u_can_top|can_level_packet:u_can_level_packet|tx_shift[48]                                    ; CLK50M       ; CLK50M      ; 1.000        ; -0.075     ; 2.212      ;
; -1.292 ; rstn      ; can_top:u_can_top|can_level_packet:u_can_level_packet|tx_shift[47]                                    ; CLK50M       ; CLK50M      ; 1.000        ; -0.075     ; 2.212      ;
; -1.292 ; rstn      ; can_top:u_can_top|can_level_packet:u_can_level_packet|tx_shift[46]                                    ; CLK50M       ; CLK50M      ; 1.000        ; -0.075     ; 2.212      ;
; -1.289 ; rstn      ; uart_tx:u_uart_tx|o_uart_tx                                                                           ; CLK50M       ; CLK50M      ; 1.000        ; -0.060     ; 2.224      ;
; -1.289 ; rstn      ; uart_tx:u_uart_tx|txbits[2]                                                                           ; CLK50M       ; CLK50M      ; 1.000        ; -0.061     ; 2.223      ;
; -1.289 ; rstn      ; uart_tx:u_uart_tx|txbits[3]                                                                           ; CLK50M       ; CLK50M      ; 1.000        ; -0.061     ; 2.223      ;
; -1.289 ; rstn      ; uart_tx:u_uart_tx|txbits[4]                                                                           ; CLK50M       ; CLK50M      ; 1.000        ; -0.061     ; 2.223      ;
; -1.289 ; rstn      ; uart_tx:u_uart_tx|txbits[5]                                                                           ; CLK50M       ; CLK50M      ; 1.000        ; -0.061     ; 2.223      ;
; -1.289 ; rstn      ; uart_tx:u_uart_tx|txbits[6]                                                                           ; CLK50M       ; CLK50M      ; 1.000        ; -0.061     ; 2.223      ;
; -1.289 ; rstn      ; uart_tx:u_uart_tx|txbits[7]                                                                           ; CLK50M       ; CLK50M      ; 1.000        ; -0.061     ; 2.223      ;
; -1.289 ; rstn      ; uart_tx:u_uart_tx|txbits[8]                                                                           ; CLK50M       ; CLK50M      ; 1.000        ; -0.061     ; 2.223      ;
; -1.289 ; rstn      ; uart_tx:u_uart_tx|txbits[9]                                                                           ; CLK50M       ; CLK50M      ; 1.000        ; -0.061     ; 2.223      ;
; -1.289 ; rstn      ; uart_tx:u_uart_tx|data[7]                                                                             ; CLK50M       ; CLK50M      ; 1.000        ; -0.061     ; 2.223      ;
; -1.289 ; rstn      ; uart_tx:u_uart_tx|data[6]                                                                             ; CLK50M       ; CLK50M      ; 1.000        ; -0.061     ; 2.223      ;
; -1.289 ; rstn      ; uart_tx:u_uart_tx|data[5]                                                                             ; CLK50M       ; CLK50M      ; 1.000        ; -0.061     ; 2.223      ;
; -1.289 ; rstn      ; uart_tx:u_uart_tx|data[4]                                                                             ; CLK50M       ; CLK50M      ; 1.000        ; -0.061     ; 2.223      ;
; -1.289 ; rstn      ; uart_tx:u_uart_tx|data[3]                                                                             ; CLK50M       ; CLK50M      ; 1.000        ; -0.061     ; 2.223      ;
; -1.289 ; rstn      ; uart_tx:u_uart_tx|data[2]                                                                             ; CLK50M       ; CLK50M      ; 1.000        ; -0.061     ; 2.223      ;
; -1.289 ; rstn      ; uart_tx:u_uart_tx|data[1]                                                                             ; CLK50M       ; CLK50M      ; 1.000        ; -0.061     ; 2.223      ;
; -1.289 ; rstn      ; uart_tx:u_uart_tx|data[0]                                                                             ; CLK50M       ; CLK50M      ; 1.000        ; -0.061     ; 2.223      ;
; -1.289 ; rstn      ; can_top:u_can_top|r_data[48]                                                                          ; CLK50M       ; CLK50M      ; 1.000        ; -0.077     ; 2.207      ;
; -1.289 ; rstn      ; can_top:u_can_top|r_data[50]                                                                          ; CLK50M       ; CLK50M      ; 1.000        ; -0.077     ; 2.207      ;
; -1.289 ; rstn      ; can_top:u_can_top|r_data[51]                                                                          ; CLK50M       ; CLK50M      ; 1.000        ; -0.077     ; 2.207      ;
; -1.289 ; rstn      ; can_top:u_can_top|r_data[44]                                                                          ; CLK50M       ; CLK50M      ; 1.000        ; -0.077     ; 2.207      ;
; -1.289 ; rstn      ; can_top:u_can_top|r_data[45]                                                                          ; CLK50M       ; CLK50M      ; 1.000        ; -0.077     ; 2.207      ;
; -1.289 ; rstn      ; can_top:u_can_top|r_data[62]                                                                          ; CLK50M       ; CLK50M      ; 1.000        ; -0.077     ; 2.207      ;
; -1.289 ; rstn      ; can_top:u_can_top|r_data[54]                                                                          ; CLK50M       ; CLK50M      ; 1.000        ; -0.077     ; 2.207      ;
; -1.289 ; rstn      ; can_top:u_can_top|r_data[46]                                                                          ; CLK50M       ; CLK50M      ; 1.000        ; -0.077     ; 2.207      ;
; -1.289 ; rstn      ; can_top:u_can_top|can_level_packet:u_can_level_packet|rx_data[62]                                     ; CLK50M       ; CLK50M      ; 1.000        ; -0.077     ; 2.207      ;
; -1.289 ; rstn      ; can_top:u_can_top|can_level_packet:u_can_level_packet|rx_data[56]                                     ; CLK50M       ; CLK50M      ; 1.000        ; -0.077     ; 2.207      ;
; -1.289 ; rstn      ; can_top:u_can_top|can_level_packet:u_can_level_packet|rx_data[55]                                     ; CLK50M       ; CLK50M      ; 1.000        ; -0.077     ; 2.207      ;
; -1.289 ; rstn      ; can_top:u_can_top|can_level_packet:u_can_level_packet|rx_data[52]                                     ; CLK50M       ; CLK50M      ; 1.000        ; -0.077     ; 2.207      ;
; -1.289 ; rstn      ; can_top:u_can_top|can_level_packet:u_can_level_packet|rx_data[51]                                     ; CLK50M       ; CLK50M      ; 1.000        ; -0.077     ; 2.207      ;
; -1.289 ; rstn      ; can_top:u_can_top|can_level_packet:u_can_level_packet|rx_data[50]                                     ; CLK50M       ; CLK50M      ; 1.000        ; -0.077     ; 2.207      ;
; -1.289 ; rstn      ; can_top:u_can_top|can_level_packet:u_can_level_packet|rx_data[49]                                     ; CLK50M       ; CLK50M      ; 1.000        ; -0.077     ; 2.207      ;
; -1.289 ; rstn      ; can_top:u_can_top|can_level_packet:u_can_level_packet|rx_data[48]                                     ; CLK50M       ; CLK50M      ; 1.000        ; -0.076     ; 2.208      ;
; -1.289 ; rstn      ; can_top:u_can_top|can_level_packet:u_can_level_packet|rx_data[47]                                     ; CLK50M       ; CLK50M      ; 1.000        ; -0.076     ; 2.208      ;
; -1.289 ; rstn      ; can_top:u_can_top|can_level_packet:u_can_level_packet|rx_data[46]                                     ; CLK50M       ; CLK50M      ; 1.000        ; -0.076     ; 2.208      ;
; -1.289 ; rstn      ; can_top:u_can_top|can_level_packet:u_can_level_packet|rx_data[45]                                     ; CLK50M       ; CLK50M      ; 1.000        ; -0.077     ; 2.207      ;
; -1.289 ; rstn      ; can_top:u_can_top|can_level_packet:u_can_level_packet|rx_data[19]                                     ; CLK50M       ; CLK50M      ; 1.000        ; -0.076     ; 2.208      ;
; -1.289 ; rstn      ; can_top:u_can_top|can_level_packet:u_can_level_packet|rx_data[18]                                     ; CLK50M       ; CLK50M      ; 1.000        ; -0.076     ; 2.208      ;
; -1.289 ; rstn      ; can_top:u_can_top|can_level_packet:u_can_level_packet|rx_data[17]                                     ; CLK50M       ; CLK50M      ; 1.000        ; -0.076     ; 2.208      ;
; -1.289 ; rstn      ; can_top:u_can_top|can_level_packet:u_can_level_packet|rx_data[16]                                     ; CLK50M       ; CLK50M      ; 1.000        ; -0.076     ; 2.208      ;
; -1.289 ; rstn      ; can_top:u_can_top|can_level_packet:u_can_level_packet|rx_data[15]                                     ; CLK50M       ; CLK50M      ; 1.000        ; -0.076     ; 2.208      ;
; -1.289 ; rstn      ; can_top:u_can_top|can_level_packet:u_can_level_packet|rx_data[4]                                      ; CLK50M       ; CLK50M      ; 1.000        ; -0.076     ; 2.208      ;
; -1.289 ; rstn      ; can_top:u_can_top|can_level_packet:u_can_level_packet|rx_data[3]                                      ; CLK50M       ; CLK50M      ; 1.000        ; -0.076     ; 2.208      ;
; -1.289 ; rstn      ; can_top:u_can_top|r_data[2]                                                                           ; CLK50M       ; CLK50M      ; 1.000        ; -0.076     ; 2.208      ;
; -1.289 ; rstn      ; can_top:u_can_top|can_level_packet:u_can_level_packet|rx_data[2]                                      ; CLK50M       ; CLK50M      ; 1.000        ; -0.076     ; 2.208      ;
; -1.289 ; rstn      ; can_top:u_can_top|r_data[1]                                                                           ; CLK50M       ; CLK50M      ; 1.000        ; -0.076     ; 2.208      ;
; -1.289 ; rstn      ; can_top:u_can_top|can_level_packet:u_can_level_packet|rx_data[1]                                      ; CLK50M       ; CLK50M      ; 1.000        ; -0.076     ; 2.208      ;
; -1.289 ; rstn      ; can_top:u_can_top|r_data[0]                                                                           ; CLK50M       ; CLK50M      ; 1.000        ; -0.076     ; 2.208      ;
; -1.289 ; rstn      ; can_top:u_can_top|can_level_packet:u_can_level_packet|rx_data[0]                                      ; CLK50M       ; CLK50M      ; 1.000        ; -0.076     ; 2.208      ;
; -1.289 ; rstn      ; can_top:u_can_top|can_level_packet:u_can_level_packet|stat.RX_IDE_BIT                                 ; CLK50M       ; CLK50M      ; 1.000        ; -0.076     ; 2.208      ;
; -1.289 ; rstn      ; can_top:u_can_top|can_level_packet:u_can_level_packet|stat.TX_PAYLOAD                                 ; CLK50M       ; CLK50M      ; 1.000        ; -0.076     ; 2.208      ;
; -1.289 ; rstn      ; can_top:u_can_top|can_level_packet:u_can_level_packet|stat.IDLE                                       ; CLK50M       ; CLK50M      ; 1.000        ; -0.076     ; 2.208      ;
; -1.289 ; rstn      ; can_top:u_can_top|can_level_packet:u_can_level_packet|stat.RX_ACK                                     ; CLK50M       ; CLK50M      ; 1.000        ; -0.076     ; 2.208      ;
; -1.289 ; rstn      ; can_top:u_can_top|can_level_packet:u_can_level_packet|stat.RX_RESV1_BIT                               ; CLK50M       ; CLK50M      ; 1.000        ; -0.076     ; 2.208      ;
; -1.289 ; rstn      ; can_top:u_can_top|can_level_packet:u_can_level_packet|stat.RX_ID_EXTEND                               ; CLK50M       ; CLK50M      ; 1.000        ; -0.076     ; 2.208      ;
; -1.289 ; rstn      ; can_top:u_can_top|can_level_packet:u_can_level_packet|rx_ide                                          ; CLK50M       ; CLK50M      ; 1.000        ; -0.076     ; 2.208      ;
; -1.289 ; rstn      ; can_top:u_can_top|can_level_packet:u_can_level_packet|rx_crc[5]                                       ; CLK50M       ; CLK50M      ; 1.000        ; -0.075     ; 2.209      ;
; -1.289 ; rstn      ; can_top:u_can_top|can_level_packet:u_can_level_packet|rx_crc[4]                                       ; CLK50M       ; CLK50M      ; 1.000        ; -0.075     ; 2.209      ;
; -1.289 ; rstn      ; can_top:u_can_top|can_level_packet:u_can_level_packet|rx_crc[14]                                      ; CLK50M       ; CLK50M      ; 1.000        ; -0.075     ; 2.209      ;
; -1.289 ; rstn      ; can_top:u_can_top|can_level_packet:u_can_level_packet|rx_crc[10]                                      ; CLK50M       ; CLK50M      ; 1.000        ; -0.075     ; 2.209      ;
; -1.289 ; rstn      ; can_top:u_can_top|can_level_packet:u_can_level_packet|rx_crc[9]                                       ; CLK50M       ; CLK50M      ; 1.000        ; -0.075     ; 2.209      ;
; -1.289 ; rstn      ; can_top:u_can_top|can_level_packet:u_can_level_packet|rx_crc[8]                                       ; CLK50M       ; CLK50M      ; 1.000        ; -0.075     ; 2.209      ;
; -1.289 ; rstn      ; can_top:u_can_top|can_level_packet:u_can_level_packet|rx_crc[7]                                       ; CLK50M       ; CLK50M      ; 1.000        ; -0.075     ; 2.209      ;
; -1.289 ; rstn      ; can_top:u_can_top|can_level_packet:u_can_level_packet|rx_crc[6]                                       ; CLK50M       ; CLK50M      ; 1.000        ; -0.075     ; 2.209      ;
; -1.289 ; rstn      ; can_top:u_can_top|can_level_packet:u_can_level_packet|rx_crc[3]                                       ; CLK50M       ; CLK50M      ; 1.000        ; -0.075     ; 2.209      ;
; -1.289 ; rstn      ; can_top:u_can_top|can_level_packet:u_can_level_packet|rx_crc[2]                                       ; CLK50M       ; CLK50M      ; 1.000        ; -0.075     ; 2.209      ;
; -1.289 ; rstn      ; can_top:u_can_top|can_level_packet:u_can_level_packet|rx_crc[1]                                       ; CLK50M       ; CLK50M      ; 1.000        ; -0.075     ; 2.209      ;
; -1.289 ; rstn      ; can_top:u_can_top|can_level_packet:u_can_level_packet|rx_crc[0]                                       ; CLK50M       ; CLK50M      ; 1.000        ; -0.075     ; 2.209      ;
; -1.288 ; rstn      ; uart_tx:u_uart_tx|txbits[0]                                                                           ; CLK50M       ; CLK50M      ; 1.000        ; -0.060     ; 2.223      ;
; -1.288 ; rstn      ; uart_tx:u_uart_tx|txbits[1]                                                                           ; CLK50M       ; CLK50M      ; 1.000        ; -0.060     ; 2.223      ;
; -1.288 ; rstn      ; uart_tx:u_uart_tx|f_tvalid                                                                            ; CLK50M       ; CLK50M      ; 1.000        ; -0.078     ; 2.205      ;
; -1.288 ; rstn      ; can_top:u_can_top|rx_data[0]                                                                          ; CLK50M       ; CLK50M      ; 1.000        ; -0.077     ; 2.206      ;
+--------+-----------+-------------------------------------------------------------------------------------------------------+--------------+-------------+--------------+------------+------------+


+-------------------------------------------------------------------------------------------------------------------------------------------------------------------------------------------+
; Slow 1200mV 0C Model Removal: 'CLK50M'                                                                                                                                                    ;
+-------+-----------+-------------------------------------------------------------------------------------------------+--------------+-------------+--------------+------------+------------+
; Slack ; From Node ; To Node                                                                                         ; Launch Clock ; Latch Clock ; Relationship ; Clock Skew ; Data Delay ;
+-------+-----------+-------------------------------------------------------------------------------------------------+--------------+-------------+--------------+------------+------------+
; 1.534 ; rstn      ; can_top:u_can_top|wptr[10]                                                                      ; CLK50M       ; CLK50M      ; 0.000        ; 0.390      ; 2.068      ;
; 1.534 ; rstn      ; can_top:u_can_top|wptr[9]                                                                       ; CLK50M       ; CLK50M      ; 0.000        ; 0.390      ; 2.068      ;
; 1.534 ; rstn      ; can_top:u_can_top|wptr[1]                                                                       ; CLK50M       ; CLK50M      ; 0.000        ; 0.390      ; 2.068      ;
; 1.534 ; rstn      ; can_top:u_can_top|wptr[5]                                                                       ; CLK50M       ; CLK50M      ; 0.000        ; 0.390      ; 2.068      ;
; 1.534 ; rstn      ; can_top:u_can_top|wptr[2]                                                                       ; CLK50M       ; CLK50M      ; 0.000        ; 0.390      ; 2.068      ;
; 1.534 ; rstn      ; can_top:u_can_top|wptr[3]                                                                       ; CLK50M       ; CLK50M      ; 0.000        ; 0.390      ; 2.068      ;
; 1.534 ; rstn      ; can_top:u_can_top|wptr[4]                                                                       ; CLK50M       ; CLK50M      ; 0.000        ; 0.390      ; 2.068      ;
; 1.534 ; rstn      ; can_top:u_can_top|wptr[7]                                                                       ; CLK50M       ; CLK50M      ; 0.000        ; 0.390      ; 2.068      ;
; 1.534 ; rstn      ; can_top:u_can_top|wptr[6]                                                                       ; CLK50M       ; CLK50M      ; 0.000        ; 0.390      ; 2.068      ;
; 1.534 ; rstn      ; can_top:u_can_top|wptr[8]                                                                       ; CLK50M       ; CLK50M      ; 0.000        ; 0.390      ; 2.068      ;
; 1.541 ; rstn      ; can_tx_data[51]                                                                                 ; CLK50M       ; CLK50M      ; 0.000        ; 0.385      ; 2.070      ;
; 1.541 ; rstn      ; can_tx_data[50]                                                                                 ; CLK50M       ; CLK50M      ; 0.000        ; 0.385      ; 2.070      ;
; 1.541 ; rstn      ; can_tx_data[49]                                                                                 ; CLK50M       ; CLK50M      ; 0.000        ; 0.385      ; 2.070      ;
; 1.541 ; rstn      ; can_tx_data[48]                                                                                 ; CLK50M       ; CLK50M      ; 0.000        ; 0.385      ; 2.070      ;
; 1.541 ; rstn      ; can_tx_data[47]                                                                                 ; CLK50M       ; CLK50M      ; 0.000        ; 0.385      ; 2.070      ;
; 1.541 ; rstn      ; can_tx_data[46]                                                                                 ; CLK50M       ; CLK50M      ; 0.000        ; 0.385      ; 2.070      ;
; 1.541 ; rstn      ; can_tx_data[45]                                                                                 ; CLK50M       ; CLK50M      ; 0.000        ; 0.385      ; 2.070      ;
; 1.541 ; rstn      ; can_tx_data[44]                                                                                 ; CLK50M       ; CLK50M      ; 0.000        ; 0.385      ; 2.070      ;
; 1.541 ; rstn      ; can_tx_data[43]                                                                                 ; CLK50M       ; CLK50M      ; 0.000        ; 0.385      ; 2.070      ;
; 1.541 ; rstn      ; can_tx_data[42]                                                                                 ; CLK50M       ; CLK50M      ; 0.000        ; 0.385      ; 2.070      ;
; 1.541 ; rstn      ; can_tx_data[41]                                                                                 ; CLK50M       ; CLK50M      ; 0.000        ; 0.385      ; 2.070      ;
; 1.550 ; rstn      ; can_top:u_can_top|can_level_packet:u_can_level_packet|tx_shift[29]                              ; CLK50M       ; CLK50M      ; 0.000        ; 0.369      ; 2.063      ;
; 1.550 ; rstn      ; can_top:u_can_top|can_level_packet:u_can_level_packet|tx_shift[28]                              ; CLK50M       ; CLK50M      ; 0.000        ; 0.369      ; 2.063      ;
; 1.550 ; rstn      ; can_top:u_can_top|can_level_packet:u_can_level_packet|tx_shift[27]                              ; CLK50M       ; CLK50M      ; 0.000        ; 0.369      ; 2.063      ;
; 1.550 ; rstn      ; can_top:u_can_top|can_level_packet:u_can_level_packet|tx_shift[26]                              ; CLK50M       ; CLK50M      ; 0.000        ; 0.369      ; 2.063      ;
; 1.550 ; rstn      ; can_top:u_can_top|can_level_packet:u_can_level_packet|tx_shift[25]                              ; CLK50M       ; CLK50M      ; 0.000        ; 0.369      ; 2.063      ;
; 1.550 ; rstn      ; can_top:u_can_top|can_level_packet:u_can_level_packet|tx_shift[24]                              ; CLK50M       ; CLK50M      ; 0.000        ; 0.369      ; 2.063      ;
; 1.550 ; rstn      ; can_top:u_can_top|can_level_packet:u_can_level_packet|tx_shift[23]                              ; CLK50M       ; CLK50M      ; 0.000        ; 0.369      ; 2.063      ;
; 1.550 ; rstn      ; can_top:u_can_top|can_level_packet:u_can_level_packet|tx_shift[22]                              ; CLK50M       ; CLK50M      ; 0.000        ; 0.369      ; 2.063      ;
; 1.550 ; rstn      ; can_top:u_can_top|can_level_packet:u_can_level_packet|tx_shift[21]                              ; CLK50M       ; CLK50M      ; 0.000        ; 0.369      ; 2.063      ;
; 1.550 ; rstn      ; can_top:u_can_top|can_level_packet:u_can_level_packet|tx_shift[20]                              ; CLK50M       ; CLK50M      ; 0.000        ; 0.369      ; 2.063      ;
; 1.550 ; rstn      ; can_top:u_can_top|can_level_packet:u_can_level_packet|tx_shift[19]                              ; CLK50M       ; CLK50M      ; 0.000        ; 0.369      ; 2.063      ;
; 1.550 ; rstn      ; can_top:u_can_top|can_level_packet:u_can_level_packet|tx_shift[18]                              ; CLK50M       ; CLK50M      ; 0.000        ; 0.369      ; 2.063      ;
; 1.550 ; rstn      ; can_top:u_can_top|can_level_packet:u_can_level_packet|tx_shift[17]                              ; CLK50M       ; CLK50M      ; 0.000        ; 0.369      ; 2.063      ;
; 1.550 ; rstn      ; can_top:u_can_top|can_level_packet:u_can_level_packet|tx_shift[16]                              ; CLK50M       ; CLK50M      ; 0.000        ; 0.369      ; 2.063      ;
; 1.550 ; rstn      ; can_top:u_can_top|can_level_packet:u_can_level_packet|tx_shift[15]                              ; CLK50M       ; CLK50M      ; 0.000        ; 0.369      ; 2.063      ;
; 1.550 ; rstn      ; can_top:u_can_top|can_level_packet:u_can_level_packet|tx_shift[14]                              ; CLK50M       ; CLK50M      ; 0.000        ; 0.367      ; 2.061      ;
; 1.550 ; rstn      ; can_top:u_can_top|can_level_packet:u_can_level_packet|tx_shift[13]                              ; CLK50M       ; CLK50M      ; 0.000        ; 0.367      ; 2.061      ;
; 1.550 ; rstn      ; can_top:u_can_top|can_level_packet:u_can_level_packet|tx_shift[12]                              ; CLK50M       ; CLK50M      ; 0.000        ; 0.367      ; 2.061      ;
; 1.550 ; rstn      ; can_top:u_can_top|can_level_packet:u_can_level_packet|tx_shift[11]                              ; CLK50M       ; CLK50M      ; 0.000        ; 0.367      ; 2.061      ;
; 1.550 ; rstn      ; can_top:u_can_top|can_level_packet:u_can_level_packet|tx_shift[10]                              ; CLK50M       ; CLK50M      ; 0.000        ; 0.367      ; 2.061      ;
; 1.550 ; rstn      ; can_top:u_can_top|can_level_packet:u_can_level_packet|tx_shift[9]                               ; CLK50M       ; CLK50M      ; 0.000        ; 0.367      ; 2.061      ;
; 1.550 ; rstn      ; can_top:u_can_top|can_level_packet:u_can_level_packet|tx_shift[8]                               ; CLK50M       ; CLK50M      ; 0.000        ; 0.367      ; 2.061      ;
; 1.550 ; rstn      ; can_top:u_can_top|can_level_packet:u_can_level_packet|tx_shift[7]                               ; CLK50M       ; CLK50M      ; 0.000        ; 0.367      ; 2.061      ;
; 1.550 ; rstn      ; can_top:u_can_top|can_level_packet:u_can_level_packet|tx_shift[6]                               ; CLK50M       ; CLK50M      ; 0.000        ; 0.367      ; 2.061      ;
; 1.550 ; rstn      ; can_top:u_can_top|can_level_packet:u_can_level_packet|tx_shift[5]                               ; CLK50M       ; CLK50M      ; 0.000        ; 0.367      ; 2.061      ;
; 1.550 ; rstn      ; can_top:u_can_top|can_level_packet:u_can_level_packet|tx_shift[4]                               ; CLK50M       ; CLK50M      ; 0.000        ; 0.367      ; 2.061      ;
; 1.550 ; rstn      ; can_top:u_can_top|can_level_packet:u_can_level_packet|tx_shift[3]                               ; CLK50M       ; CLK50M      ; 0.000        ; 0.367      ; 2.061      ;
; 1.550 ; rstn      ; can_top:u_can_top|can_level_packet:u_can_level_packet|tx_shift[2]                               ; CLK50M       ; CLK50M      ; 0.000        ; 0.367      ; 2.061      ;
; 1.550 ; rstn      ; can_top:u_can_top|can_level_packet:u_can_level_packet|tx_shift[1]                               ; CLK50M       ; CLK50M      ; 0.000        ; 0.367      ; 2.061      ;
; 1.550 ; rstn      ; can_top:u_can_top|can_level_packet:u_can_level_packet|can_level_bit:u_can_level_bit|cnt[8]      ; CLK50M       ; CLK50M      ; 0.000        ; 0.374      ; 2.068      ;
; 1.550 ; rstn      ; can_top:u_can_top|pkt_tx_data[42]                                                               ; CLK50M       ; CLK50M      ; 0.000        ; 0.372      ; 2.066      ;
; 1.550 ; rstn      ; can_top:u_can_top|pkt_tx_data[40]                                                               ; CLK50M       ; CLK50M      ; 0.000        ; 0.372      ; 2.066      ;
; 1.550 ; rstn      ; can_top:u_can_top|pkt_tx_data[38]                                                               ; CLK50M       ; CLK50M      ; 0.000        ; 0.372      ; 2.066      ;
; 1.550 ; rstn      ; can_top:u_can_top|pkt_tx_data[37]                                                               ; CLK50M       ; CLK50M      ; 0.000        ; 0.372      ; 2.066      ;
; 1.550 ; rstn      ; can_top:u_can_top|pkt_tx_data[36]                                                               ; CLK50M       ; CLK50M      ; 0.000        ; 0.373      ; 2.067      ;
; 1.550 ; rstn      ; can_top:u_can_top|pkt_tx_data[35]                                                               ; CLK50M       ; CLK50M      ; 0.000        ; 0.373      ; 2.067      ;
; 1.550 ; rstn      ; can_top:u_can_top|pkt_tx_data[34]                                                               ; CLK50M       ; CLK50M      ; 0.000        ; 0.373      ; 2.067      ;
; 1.550 ; rstn      ; can_top:u_can_top|pkt_tx_data[31]                                                               ; CLK50M       ; CLK50M      ; 0.000        ; 0.373      ; 2.067      ;
; 1.550 ; rstn      ; can_top:u_can_top|pkt_tx_data[30]                                                               ; CLK50M       ; CLK50M      ; 0.000        ; 0.373      ; 2.067      ;
; 1.550 ; rstn      ; can_top:u_can_top|pkt_tx_data[29]                                                               ; CLK50M       ; CLK50M      ; 0.000        ; 0.373      ; 2.067      ;
; 1.550 ; rstn      ; can_top:u_can_top|pkt_tx_data[28]                                                               ; CLK50M       ; CLK50M      ; 0.000        ; 0.369      ; 2.063      ;
; 1.550 ; rstn      ; can_top:u_can_top|pkt_tx_data[27]                                                               ; CLK50M       ; CLK50M      ; 0.000        ; 0.369      ; 2.063      ;
; 1.550 ; rstn      ; can_top:u_can_top|pkt_tx_data[26]                                                               ; CLK50M       ; CLK50M      ; 0.000        ; 0.369      ; 2.063      ;
; 1.550 ; rstn      ; can_top:u_can_top|pkt_tx_data[24]                                                               ; CLK50M       ; CLK50M      ; 0.000        ; 0.369      ; 2.063      ;
; 1.550 ; rstn      ; can_top:u_can_top|pkt_tx_data[22]                                                               ; CLK50M       ; CLK50M      ; 0.000        ; 0.369      ; 2.063      ;
; 1.550 ; rstn      ; can_top:u_can_top|pkt_tx_data[7]                                                                ; CLK50M       ; CLK50M      ; 0.000        ; 0.369      ; 2.063      ;
; 1.550 ; rstn      ; can_top:u_can_top|pkt_tx_data[6]                                                                ; CLK50M       ; CLK50M      ; 0.000        ; 0.372      ; 2.066      ;
; 1.550 ; rstn      ; can_top:u_can_top|pkt_tx_data[1]                                                                ; CLK50M       ; CLK50M      ; 0.000        ; 0.372      ; 2.066      ;
; 1.550 ; rstn      ; can_top:u_can_top|pkt_tx_data[23]                                                               ; CLK50M       ; CLK50M      ; 0.000        ; 0.369      ; 2.063      ;
; 1.550 ; rstn      ; can_top:u_can_top|pkt_tx_data[25]                                                               ; CLK50M       ; CLK50M      ; 0.000        ; 0.369      ; 2.063      ;
; 1.550 ; rstn      ; can_top:u_can_top|pkt_tx_data[32]                                                               ; CLK50M       ; CLK50M      ; 0.000        ; 0.373      ; 2.067      ;
; 1.550 ; rstn      ; can_top:u_can_top|pkt_tx_data[33]                                                               ; CLK50M       ; CLK50M      ; 0.000        ; 0.373      ; 2.067      ;
; 1.550 ; rstn      ; can_top:u_can_top|pkt_tx_data[39]                                                               ; CLK50M       ; CLK50M      ; 0.000        ; 0.372      ; 2.066      ;
; 1.550 ; rstn      ; can_top:u_can_top|pkt_tx_data[41]                                                               ; CLK50M       ; CLK50M      ; 0.000        ; 0.372      ; 2.066      ;
; 1.550 ; rstn      ; can_top:u_can_top|rptr[8]                                                                       ; CLK50M       ; CLK50M      ; 0.000        ; 0.367      ; 2.061      ;
; 1.550 ; rstn      ; can_top:u_can_top|rptr[1]                                                                       ; CLK50M       ; CLK50M      ; 0.000        ; 0.367      ; 2.061      ;
; 1.550 ; rstn      ; can_top:u_can_top|rptr[2]                                                                       ; CLK50M       ; CLK50M      ; 0.000        ; 0.367      ; 2.061      ;
; 1.550 ; rstn      ; can_top:u_can_top|rptr[3]                                                                       ; CLK50M       ; CLK50M      ; 0.000        ; 0.367      ; 2.061      ;
; 1.550 ; rstn      ; can_top:u_can_top|rptr[4]                                                                       ; CLK50M       ; CLK50M      ; 0.000        ; 0.367      ; 2.061      ;
; 1.550 ; rstn      ; can_top:u_can_top|rptr[5]                                                                       ; CLK50M       ; CLK50M      ; 0.000        ; 0.367      ; 2.061      ;
; 1.550 ; rstn      ; can_top:u_can_top|rptr[6]                                                                       ; CLK50M       ; CLK50M      ; 0.000        ; 0.367      ; 2.061      ;
; 1.550 ; rstn      ; can_top:u_can_top|rptr[7]                                                                       ; CLK50M       ; CLK50M      ; 0.000        ; 0.367      ; 2.061      ;
; 1.550 ; rstn      ; can_top:u_can_top|rptr[10]                                                                      ; CLK50M       ; CLK50M      ; 0.000        ; 0.367      ; 2.061      ;
; 1.550 ; rstn      ; can_top:u_can_top|rptr[9]                                                                       ; CLK50M       ; CLK50M      ; 0.000        ; 0.367      ; 2.061      ;
; 1.550 ; rstn      ; can_top:u_can_top|can_level_packet:u_can_level_packet|can_level_bit:u_can_level_bit|rx_buf      ; CLK50M       ; CLK50M      ; 0.000        ; 0.374      ; 2.068      ;
; 1.550 ; rstn      ; can_top:u_can_top|can_level_packet:u_can_level_packet|can_level_bit:u_can_level_bit|rx_fall     ; CLK50M       ; CLK50M      ; 0.000        ; 0.374      ; 2.068      ;
; 1.550 ; rstn      ; can_top:u_can_top|can_level_packet:u_can_level_packet|can_level_bit:u_can_level_bit|cnt_high[0] ; CLK50M       ; CLK50M      ; 0.000        ; 0.374      ; 2.068      ;
; 1.551 ; rstn      ; can_top:u_can_top|can_level_packet:u_can_level_packet|rx_id[1]                                  ; CLK50M       ; CLK50M      ; 0.000        ; 0.366      ; 2.061      ;
; 1.551 ; rstn      ; can_top:u_can_top|can_level_packet:u_can_level_packet|rx_id[0]                                  ; CLK50M       ; CLK50M      ; 0.000        ; 0.366      ; 2.061      ;
; 1.551 ; rstn      ; can_top:u_can_top|can_level_packet:u_can_level_packet|tx_shift[71]                              ; CLK50M       ; CLK50M      ; 0.000        ; 0.365      ; 2.060      ;
; 1.551 ; rstn      ; can_top:u_can_top|can_level_packet:u_can_level_packet|tx_shift[70]                              ; CLK50M       ; CLK50M      ; 0.000        ; 0.365      ; 2.060      ;
; 1.551 ; rstn      ; can_top:u_can_top|can_level_packet:u_can_level_packet|tx_crc[5]                                 ; CLK50M       ; CLK50M      ; 0.000        ; 0.365      ; 2.060      ;
; 1.551 ; rstn      ; can_top:u_can_top|can_level_packet:u_can_level_packet|tx_crc[3]                                 ; CLK50M       ; CLK50M      ; 0.000        ; 0.365      ; 2.060      ;
; 1.551 ; rstn      ; can_top:u_can_top|can_level_packet:u_can_level_packet|tx_shift[64]                              ; CLK50M       ; CLK50M      ; 0.000        ; 0.365      ; 2.060      ;
; 1.551 ; rstn      ; can_top:u_can_top|pkt_tx_data[49]                                                               ; CLK50M       ; CLK50M      ; 0.000        ; 0.393      ; 2.088      ;
; 1.551 ; rstn      ; can_top:u_can_top|pkt_tx_data[48]                                                               ; CLK50M       ; CLK50M      ; 0.000        ; 0.393      ; 2.088      ;
; 1.551 ; rstn      ; can_top:u_can_top|pkt_tx_data[47]                                                               ; CLK50M       ; CLK50M      ; 0.000        ; 0.393      ; 2.088      ;
; 1.551 ; rstn      ; can_top:u_can_top|pkt_tx_data[46]                                                               ; CLK50M       ; CLK50M      ; 0.000        ; 0.393      ; 2.088      ;
; 1.551 ; rstn      ; can_top:u_can_top|pkt_tx_data[45]                                                               ; CLK50M       ; CLK50M      ; 0.000        ; 0.393      ; 2.088      ;
+-------+-----------+-------------------------------------------------------------------------------------------------+--------------+-------------+--------------+------------+------------+


+---------------------------------------------------------------------------------------------------------------------------------------------------------------------------------------+
; Slow 1200mV 0C Model Minimum Pulse Width: 'CLK50M'                                                                                                                                    ;
+--------+--------------+----------------+------------+--------+------------+-----------------------------------------------------------------------------------------------------------+
; Slack  ; Actual Width ; Required Width ; Type       ; Clock  ; Clock Edge ; Target                                                                                                    ;
+--------+--------------+----------------+------------+--------+------------+-----------------------------------------------------------------------------------------------------------+
; -3.000 ; 1.000        ; 4.000          ; Port Rate  ; CLK50M ; Rise       ; CLK50M                                                                                                    ;
; -2.174 ; 1.000        ; 3.174          ; Min Period ; CLK50M ; Rise       ; can_top:u_can_top|altsyncram:buffer_rtl_0|altsyncram_c9h1:auto_generated|ram_block1a0~porta_address_reg0  ;
; -2.174 ; 1.000        ; 3.174          ; Min Period ; CLK50M ; Rise       ; can_top:u_can_top|altsyncram:buffer_rtl_0|altsyncram_c9h1:auto_generated|ram_block1a0~porta_datain_reg0   ;
; -2.174 ; 1.000        ; 3.174          ; Min Period ; CLK50M ; Rise       ; can_top:u_can_top|altsyncram:buffer_rtl_0|altsyncram_c9h1:auto_generated|ram_block1a0~porta_we_reg        ;
; -2.174 ; 1.000        ; 3.174          ; Min Period ; CLK50M ; Rise       ; can_top:u_can_top|altsyncram:buffer_rtl_0|altsyncram_c9h1:auto_generated|ram_block1a0~portb_address_reg0  ;
; -2.174 ; 1.000        ; 3.174          ; Min Period ; CLK50M ; Rise       ; can_top:u_can_top|altsyncram:buffer_rtl_0|altsyncram_c9h1:auto_generated|ram_block1a18~porta_address_reg0 ;
; -2.174 ; 1.000        ; 3.174          ; Min Period ; CLK50M ; Rise       ; can_top:u_can_top|altsyncram:buffer_rtl_0|altsyncram_c9h1:auto_generated|ram_block1a18~porta_datain_reg0  ;
; -2.174 ; 1.000        ; 3.174          ; Min Period ; CLK50M ; Rise       ; can_top:u_can_top|altsyncram:buffer_rtl_0|altsyncram_c9h1:auto_generated|ram_block1a18~porta_we_reg       ;
; -2.174 ; 1.000        ; 3.174          ; Min Period ; CLK50M ; Rise       ; can_top:u_can_top|altsyncram:buffer_rtl_0|altsyncram_c9h1:auto_generated|ram_block1a18~portb_address_reg0 ;
; -2.174 ; 1.000        ; 3.174          ; Min Period ; CLK50M ; Rise       ; can_top:u_can_top|altsyncram:buffer_rtl_0|altsyncram_c9h1:auto_generated|ram_block1a27~porta_address_reg0 ;
; -2.174 ; 1.000        ; 3.174          ; Min Period ; CLK50M ; Rise       ; can_top:u_can_top|altsyncram:buffer_rtl_0|altsyncram_c9h1:auto_generated|ram_block1a27~porta_datain_reg0  ;
; -2.174 ; 1.000        ; 3.174          ; Min Period ; CLK50M ; Rise       ; can_top:u_can_top|altsyncram:buffer_rtl_0|altsyncram_c9h1:auto_generated|ram_block1a27~porta_we_reg       ;
; -2.174 ; 1.000        ; 3.174          ; Min Period ; CLK50M ; Rise       ; can_top:u_can_top|altsyncram:buffer_rtl_0|altsyncram_c9h1:auto_generated|ram_block1a27~portb_address_reg0 ;
; -2.174 ; 1.000        ; 3.174          ; Min Period ; CLK50M ; Rise       ; can_top:u_can_top|altsyncram:buffer_rtl_0|altsyncram_c9h1:auto_generated|ram_block1a36~porta_address_reg0 ;
; -2.174 ; 1.000        ; 3.174          ; Min Period ; CLK50M ; Rise       ; can_top:u_can_top|altsyncram:buffer_rtl_0|altsyncram_c9h1:auto_generated|ram_block1a36~porta_datain_reg0  ;
; -2.174 ; 1.000        ; 3.174          ; Min Period ; CLK50M ; Rise       ; can_top:u_can_top|altsyncram:buffer_rtl_0|altsyncram_c9h1:auto_generated|ram_block1a36~porta_we_reg       ;
; -2.174 ; 1.000        ; 3.174          ; Min Period ; CLK50M ; Rise       ; can_top:u_can_top|altsyncram:buffer_rtl_0|altsyncram_c9h1:auto_generated|ram_block1a36~portb_address_reg0 ;
; -2.174 ; 1.000        ; 3.174          ; Min Period ; CLK50M ; Rise       ; can_top:u_can_top|altsyncram:buffer_rtl_0|altsyncram_c9h1:auto_generated|ram_block1a45~porta_address_reg0 ;
; -2.174 ; 1.000        ; 3.174          ; Min Period ; CLK50M ; Rise       ; can_top:u_can_top|altsyncram:buffer_rtl_0|altsyncram_c9h1:auto_generated|ram_block1a45~porta_datain_reg0  ;
; -2.174 ; 1.000        ; 3.174          ; Min Period ; CLK50M ; Rise       ; can_top:u_can_top|altsyncram:buffer_rtl_0|altsyncram_c9h1:auto_generated|ram_block1a45~porta_we_reg       ;
; -2.174 ; 1.000        ; 3.174          ; Min Period ; CLK50M ; Rise       ; can_top:u_can_top|altsyncram:buffer_rtl_0|altsyncram_c9h1:auto_generated|ram_block1a45~portb_address_reg0 ;
; -2.174 ; 1.000        ; 3.174          ; Min Period ; CLK50M ; Rise       ; can_top:u_can_top|altsyncram:buffer_rtl_0|altsyncram_c9h1:auto_generated|ram_block1a54~porta_address_reg0 ;
; -2.174 ; 1.000        ; 3.174          ; Min Period ; CLK50M ; Rise       ; can_top:u_can_top|altsyncram:buffer_rtl_0|altsyncram_c9h1:auto_generated|ram_block1a54~porta_datain_reg0  ;
; -2.174 ; 1.000        ; 3.174          ; Min Period ; CLK50M ; Rise       ; can_top:u_can_top|altsyncram:buffer_rtl_0|altsyncram_c9h1:auto_generated|ram_block1a54~porta_we_reg       ;
; -2.174 ; 1.000        ; 3.174          ; Min Period ; CLK50M ; Rise       ; can_top:u_can_top|altsyncram:buffer_rtl_0|altsyncram_c9h1:auto_generated|ram_block1a54~portb_address_reg0 ;
; -2.174 ; 1.000        ; 3.174          ; Min Period ; CLK50M ; Rise       ; can_top:u_can_top|altsyncram:buffer_rtl_0|altsyncram_c9h1:auto_generated|ram_block1a9~porta_address_reg0  ;
; -2.174 ; 1.000        ; 3.174          ; Min Period ; CLK50M ; Rise       ; can_top:u_can_top|altsyncram:buffer_rtl_0|altsyncram_c9h1:auto_generated|ram_block1a9~porta_datain_reg0   ;
; -2.174 ; 1.000        ; 3.174          ; Min Period ; CLK50M ; Rise       ; can_top:u_can_top|altsyncram:buffer_rtl_0|altsyncram_c9h1:auto_generated|ram_block1a9~porta_we_reg        ;
; -2.174 ; 1.000        ; 3.174          ; Min Period ; CLK50M ; Rise       ; can_top:u_can_top|altsyncram:buffer_rtl_0|altsyncram_c9h1:auto_generated|ram_block1a9~portb_address_reg0  ;
; -2.174 ; 1.000        ; 3.174          ; Min Period ; CLK50M ; Rise       ; uart_tx:u_uart_tx|altsyncram:buffer_rtl_0|altsyncram_c6h1:auto_generated|ram_block1a0~porta_address_reg0  ;
; -2.174 ; 1.000        ; 3.174          ; Min Period ; CLK50M ; Rise       ; uart_tx:u_uart_tx|altsyncram:buffer_rtl_0|altsyncram_c6h1:auto_generated|ram_block1a0~porta_datain_reg0   ;
; -2.174 ; 1.000        ; 3.174          ; Min Period ; CLK50M ; Rise       ; uart_tx:u_uart_tx|altsyncram:buffer_rtl_0|altsyncram_c6h1:auto_generated|ram_block1a0~porta_we_reg        ;
; -2.174 ; 1.000        ; 3.174          ; Min Period ; CLK50M ; Rise       ; uart_tx:u_uart_tx|altsyncram:buffer_rtl_0|altsyncram_c6h1:auto_generated|ram_block1a0~portb_address_reg0  ;
; -1.000 ; 1.000        ; 2.000          ; Min Period ; CLK50M ; Rise       ; can_top:u_can_top|buff_ready                                                                              ;
; -1.000 ; 1.000        ; 2.000          ; Min Period ; CLK50M ; Rise       ; can_top:u_can_top|buff_valid                                                                              ;
; -1.000 ; 1.000        ; 2.000          ; Min Period ; CLK50M ; Rise       ; can_top:u_can_top|can_level_packet:u_can_level_packet|bit_tx                                              ;
; -1.000 ; 1.000        ; 2.000          ; Min Period ; CLK50M ; Rise       ; can_top:u_can_top|can_level_packet:u_can_level_packet|can_level_bit:u_can_level_bit|adjust_c_PBS1[0]      ;
; -1.000 ; 1.000        ; 2.000          ; Min Period ; CLK50M ; Rise       ; can_top:u_can_top|can_level_packet:u_can_level_packet|can_level_bit:u_can_level_bit|adjust_c_PBS1[10]     ;
; -1.000 ; 1.000        ; 2.000          ; Min Period ; CLK50M ; Rise       ; can_top:u_can_top|can_level_packet:u_can_level_packet|can_level_bit:u_can_level_bit|adjust_c_PBS1[11]     ;
; -1.000 ; 1.000        ; 2.000          ; Min Period ; CLK50M ; Rise       ; can_top:u_can_top|can_level_packet:u_can_level_packet|can_level_bit:u_can_level_bit|adjust_c_PBS1[12]     ;
; -1.000 ; 1.000        ; 2.000          ; Min Period ; CLK50M ; Rise       ; can_top:u_can_top|can_level_packet:u_can_level_packet|can_level_bit:u_can_level_bit|adjust_c_PBS1[13]     ;
; -1.000 ; 1.000        ; 2.000          ; Min Period ; CLK50M ; Rise       ; can_top:u_can_top|can_level_packet:u_can_level_packet|can_level_bit:u_can_level_bit|adjust_c_PBS1[14]     ;
; -1.000 ; 1.000        ; 2.000          ; Min Period ; CLK50M ; Rise       ; can_top:u_can_top|can_level_packet:u_can_level_packet|can_level_bit:u_can_level_bit|adjust_c_PBS1[15]     ;
; -1.000 ; 1.000        ; 2.000          ; Min Period ; CLK50M ; Rise       ; can_top:u_can_top|can_level_packet:u_can_level_packet|can_level_bit:u_can_level_bit|adjust_c_PBS1[16]     ;
; -1.000 ; 1.000        ; 2.000          ; Min Period ; CLK50M ; Rise       ; can_top:u_can_top|can_level_packet:u_can_level_packet|can_level_bit:u_can_level_bit|adjust_c_PBS1[1]      ;
; -1.000 ; 1.000        ; 2.000          ; Min Period ; CLK50M ; Rise       ; can_top:u_can_top|can_level_packet:u_can_level_packet|can_level_bit:u_can_level_bit|adjust_c_PBS1[2]      ;
; -1.000 ; 1.000        ; 2.000          ; Min Period ; CLK50M ; Rise       ; can_top:u_can_top|can_level_packet:u_can_level_packet|can_level_bit:u_can_level_bit|adjust_c_PBS1[3]      ;
; -1.000 ; 1.000        ; 2.000          ; Min Period ; CLK50M ; Rise       ; can_top:u_can_top|can_level_packet:u_can_level_packet|can_level_bit:u_can_level_bit|adjust_c_PBS1[4]      ;
; -1.000 ; 1.000        ; 2.000          ; Min Period ; CLK50M ; Rise       ; can_top:u_can_top|can_level_packet:u_can_level_packet|can_level_bit:u_can_level_bit|adjust_c_PBS1[5]      ;
; -1.000 ; 1.000        ; 2.000          ; Min Period ; CLK50M ; Rise       ; can_top:u_can_top|can_level_packet:u_can_level_packet|can_level_bit:u_can_level_bit|adjust_c_PBS1[6]      ;
; -1.000 ; 1.000        ; 2.000          ; Min Period ; CLK50M ; Rise       ; can_top:u_can_top|can_level_packet:u_can_level_packet|can_level_bit:u_can_level_bit|adjust_c_PBS1[7]      ;
; -1.000 ; 1.000        ; 2.000          ; Min Period ; CLK50M ; Rise       ; can_top:u_can_top|can_level_packet:u_can_level_packet|can_level_bit:u_can_level_bit|adjust_c_PBS1[8]      ;
; -1.000 ; 1.000        ; 2.000          ; Min Period ; CLK50M ; Rise       ; can_top:u_can_top|can_level_packet:u_can_level_packet|can_level_bit:u_can_level_bit|adjust_c_PBS1[9]      ;
; -1.000 ; 1.000        ; 2.000          ; Min Period ; CLK50M ; Rise       ; can_top:u_can_top|can_level_packet:u_can_level_packet|can_level_bit:u_can_level_bit|can_tx                ;
; -1.000 ; 1.000        ; 2.000          ; Min Period ; CLK50M ; Rise       ; can_top:u_can_top|can_level_packet:u_can_level_packet|can_level_bit:u_can_level_bit|cnt[0]                ;
; -1.000 ; 1.000        ; 2.000          ; Min Period ; CLK50M ; Rise       ; can_top:u_can_top|can_level_packet:u_can_level_packet|can_level_bit:u_can_level_bit|cnt[10]               ;
; -1.000 ; 1.000        ; 2.000          ; Min Period ; CLK50M ; Rise       ; can_top:u_can_top|can_level_packet:u_can_level_packet|can_level_bit:u_can_level_bit|cnt[11]               ;
; -1.000 ; 1.000        ; 2.000          ; Min Period ; CLK50M ; Rise       ; can_top:u_can_top|can_level_packet:u_can_level_packet|can_level_bit:u_can_level_bit|cnt[12]               ;
; -1.000 ; 1.000        ; 2.000          ; Min Period ; CLK50M ; Rise       ; can_top:u_can_top|can_level_packet:u_can_level_packet|can_level_bit:u_can_level_bit|cnt[13]               ;
; -1.000 ; 1.000        ; 2.000          ; Min Period ; CLK50M ; Rise       ; can_top:u_can_top|can_level_packet:u_can_level_packet|can_level_bit:u_can_level_bit|cnt[14]               ;
; -1.000 ; 1.000        ; 2.000          ; Min Period ; CLK50M ; Rise       ; can_top:u_can_top|can_level_packet:u_can_level_packet|can_level_bit:u_can_level_bit|cnt[15]               ;
; -1.000 ; 1.000        ; 2.000          ; Min Period ; CLK50M ; Rise       ; can_top:u_can_top|can_level_packet:u_can_level_packet|can_level_bit:u_can_level_bit|cnt[16]               ;
; -1.000 ; 1.000        ; 2.000          ; Min Period ; CLK50M ; Rise       ; can_top:u_can_top|can_level_packet:u_can_level_packet|can_level_bit:u_can_level_bit|cnt[1]                ;
; -1.000 ; 1.000        ; 2.000          ; Min Period ; CLK50M ; Rise       ; can_top:u_can_top|can_level_packet:u_can_level_packet|can_level_bit:u_can_level_bit|cnt[2]                ;
; -1.000 ; 1.000        ; 2.000          ; Min Period ; CLK50M ; Rise       ; can_top:u_can_top|can_level_packet:u_can_level_packet|can_level_bit:u_can_level_bit|cnt[3]                ;
; -1.000 ; 1.000        ; 2.000          ; Min Period ; CLK50M ; Rise       ; can_top:u_can_top|can_level_packet:u_can_level_packet|can_level_bit:u_can_level_bit|cnt[4]                ;
; -1.000 ; 1.000        ; 2.000          ; Min Period ; CLK50M ; Rise       ; can_top:u_can_top|can_level_packet:u_can_level_packet|can_level_bit:u_can_level_bit|cnt[5]                ;
; -1.000 ; 1.000        ; 2.000          ; Min Period ; CLK50M ; Rise       ; can_top:u_can_top|can_level_packet:u_can_level_packet|can_level_bit:u_can_level_bit|cnt[6]                ;
; -1.000 ; 1.000        ; 2.000          ; Min Period ; CLK50M ; Rise       ; can_top:u_can_top|can_level_packet:u_can_level_packet|can_level_bit:u_can_level_bit|cnt[7]                ;
; -1.000 ; 1.000        ; 2.000          ; Min Period ; CLK50M ; Rise       ; can_top:u_can_top|can_level_packet:u_can_level_packet|can_level_bit:u_can_level_bit|cnt[8]                ;
; -1.000 ; 1.000        ; 2.000          ; Min Period ; CLK50M ; Rise       ; can_top:u_can_top|can_level_packet:u_can_level_packet|can_level_bit:u_can_level_bit|cnt[9]                ;
; -1.000 ; 1.000        ; 2.000          ; Min Period ; CLK50M ; Rise       ; can_top:u_can_top|can_level_packet:u_can_level_packet|can_level_bit:u_can_level_bit|cnt_high[0]           ;
; -1.000 ; 1.000        ; 2.000          ; Min Period ; CLK50M ; Rise       ; can_top:u_can_top|can_level_packet:u_can_level_packet|can_level_bit:u_can_level_bit|cnt_high[1]           ;
; -1.000 ; 1.000        ; 2.000          ; Min Period ; CLK50M ; Rise       ; can_top:u_can_top|can_level_packet:u_can_level_packet|can_level_bit:u_can_level_bit|cnt_high[2]           ;
; -1.000 ; 1.000        ; 2.000          ; Min Period ; CLK50M ; Rise       ; can_top:u_can_top|can_level_packet:u_can_level_packet|can_level_bit:u_can_level_bit|inframe               ;
; -1.000 ; 1.000        ; 2.000          ; Min Period ; CLK50M ; Rise       ; can_top:u_can_top|can_level_packet:u_can_level_packet|can_level_bit:u_can_level_bit|rbit                  ;
; -1.000 ; 1.000        ; 2.000          ; Min Period ; CLK50M ; Rise       ; can_top:u_can_top|can_level_packet:u_can_level_packet|can_level_bit:u_can_level_bit|req                   ;
; -1.000 ; 1.000        ; 2.000          ; Min Period ; CLK50M ; Rise       ; can_top:u_can_top|can_level_packet:u_can_level_packet|can_level_bit:u_can_level_bit|rx_buf                ;
; -1.000 ; 1.000        ; 2.000          ; Min Period ; CLK50M ; Rise       ; can_top:u_can_top|can_level_packet:u_can_level_packet|can_level_bit:u_can_level_bit|rx_fall               ;
; -1.000 ; 1.000        ; 2.000          ; Min Period ; CLK50M ; Rise       ; can_top:u_can_top|can_level_packet:u_can_level_packet|can_level_bit:u_can_level_bit|stat.STAT_PBS1        ;
; -1.000 ; 1.000        ; 2.000          ; Min Period ; CLK50M ; Rise       ; can_top:u_can_top|can_level_packet:u_can_level_packet|can_level_bit:u_can_level_bit|stat.STAT_PBS2        ;
; -1.000 ; 1.000        ; 2.000          ; Min Period ; CLK50M ; Rise       ; can_top:u_can_top|can_level_packet:u_can_level_packet|can_level_bit:u_can_level_bit|stat.STAT_PTS         ;
; -1.000 ; 1.000        ; 2.000          ; Min Period ; CLK50M ; Rise       ; can_top:u_can_top|can_level_packet:u_can_level_packet|cnt[0]                                              ;
; -1.000 ; 1.000        ; 2.000          ; Min Period ; CLK50M ; Rise       ; can_top:u_can_top|can_level_packet:u_can_level_packet|cnt[1]                                              ;
; -1.000 ; 1.000        ; 2.000          ; Min Period ; CLK50M ; Rise       ; can_top:u_can_top|can_level_packet:u_can_level_packet|cnt[2]                                              ;
; -1.000 ; 1.000        ; 2.000          ; Min Period ; CLK50M ; Rise       ; can_top:u_can_top|can_level_packet:u_can_level_packet|cnt[3]                                              ;
; -1.000 ; 1.000        ; 2.000          ; Min Period ; CLK50M ; Rise       ; can_top:u_can_top|can_level_packet:u_can_level_packet|cnt[4]                                              ;
; -1.000 ; 1.000        ; 2.000          ; Min Period ; CLK50M ; Rise       ; can_top:u_can_top|can_level_packet:u_can_level_packet|cnt[5]                                              ;
; -1.000 ; 1.000        ; 2.000          ; Min Period ; CLK50M ; Rise       ; can_top:u_can_top|can_level_packet:u_can_level_packet|cnt[6]                                              ;
; -1.000 ; 1.000        ; 2.000          ; Min Period ; CLK50M ; Rise       ; can_top:u_can_top|can_level_packet:u_can_level_packet|cnt[7]                                              ;
; -1.000 ; 1.000        ; 2.000          ; Min Period ; CLK50M ; Rise       ; can_top:u_can_top|can_level_packet:u_can_level_packet|rx_ack_latch                                        ;
; -1.000 ; 1.000        ; 2.000          ; Min Period ; CLK50M ; Rise       ; can_top:u_can_top|can_level_packet:u_can_level_packet|rx_crc[0]                                           ;
; -1.000 ; 1.000        ; 2.000          ; Min Period ; CLK50M ; Rise       ; can_top:u_can_top|can_level_packet:u_can_level_packet|rx_crc[10]                                          ;
; -1.000 ; 1.000        ; 2.000          ; Min Period ; CLK50M ; Rise       ; can_top:u_can_top|can_level_packet:u_can_level_packet|rx_crc[11]                                          ;
; -1.000 ; 1.000        ; 2.000          ; Min Period ; CLK50M ; Rise       ; can_top:u_can_top|can_level_packet:u_can_level_packet|rx_crc[12]                                          ;
; -1.000 ; 1.000        ; 2.000          ; Min Period ; CLK50M ; Rise       ; can_top:u_can_top|can_level_packet:u_can_level_packet|rx_crc[13]                                          ;
; -1.000 ; 1.000        ; 2.000          ; Min Period ; CLK50M ; Rise       ; can_top:u_can_top|can_level_packet:u_can_level_packet|rx_crc[14]                                          ;
; -1.000 ; 1.000        ; 2.000          ; Min Period ; CLK50M ; Rise       ; can_top:u_can_top|can_level_packet:u_can_level_packet|rx_crc[1]                                           ;
; -1.000 ; 1.000        ; 2.000          ; Min Period ; CLK50M ; Rise       ; can_top:u_can_top|can_level_packet:u_can_level_packet|rx_crc[2]                                           ;
; -1.000 ; 1.000        ; 2.000          ; Min Period ; CLK50M ; Rise       ; can_top:u_can_top|can_level_packet:u_can_level_packet|rx_crc[3]                                           ;
+--------+--------------+----------------+------------+--------+------------+-----------------------------------------------------------------------------------------------------------+


+-----------------------------------------------------------------------+
; Setup Times                                                           ;
+-----------+------------+-------+-------+------------+-----------------+
; Data Port ; Clock Port ; Rise  ; Fall  ; Clock Edge ; Clock Reference ;
+-----------+------------+-------+-------+------------+-----------------+
; CAN_RX    ; CLK50M     ; 1.146 ; 1.515 ; Rise       ; CLK50M          ;
+-----------+------------+-------+-------+------------+-----------------+


+-------------------------------------------------------------------------+
; Hold Times                                                              ;
+-----------+------------+--------+--------+------------+-----------------+
; Data Port ; Clock Port ; Rise   ; Fall   ; Clock Edge ; Clock Reference ;
+-----------+------------+--------+--------+------------+-----------------+
; CAN_RX    ; CLK50M     ; -0.778 ; -1.144 ; Rise       ; CLK50M          ;
+-----------+------------+--------+--------+------------+-----------------+


+-----------------------------------------------------------------------+
; Clock to Output Times                                                 ;
+-----------+------------+-------+-------+------------+-----------------+
; Data Port ; Clock Port ; Rise  ; Fall  ; Clock Edge ; Clock Reference ;
+-----------+------------+-------+-------+------------+-----------------+
; CAN_TX    ; CLK50M     ; 5.676 ; 5.765 ; Rise       ; CLK50M          ;
; UART_TX   ; CLK50M     ; 6.180 ; 6.201 ; Rise       ; CLK50M          ;
+-----------+------------+-------+-------+------------+-----------------+


+-----------------------------------------------------------------------+
; Minimum Clock to Output Times                                         ;
+-----------+------------+-------+-------+------------+-----------------+
; Data Port ; Clock Port ; Rise  ; Fall  ; Clock Edge ; Clock Reference ;
+-----------+------------+-------+-------+------------+-----------------+
; CAN_TX    ; CLK50M     ; 5.488 ; 5.577 ; Rise       ; CLK50M          ;
; UART_TX   ; CLK50M     ; 5.967 ; 5.991 ; Rise       ; CLK50M          ;
+-----------+------------+-------+-------+------------+-----------------+


---------------------------------------------
; Slow 1200mV 0C Model Metastability Report ;
---------------------------------------------
No synchronizer chains to report.


+------------------------------------+
; Fast 1200mV 0C Model Setup Summary ;
+--------+--------+------------------+
; Clock  ; Slack  ; End Point TNS    ;
+--------+--------+------------------+
; CLK50M ; -5.786 ; -1267.640        ;
+--------+--------+------------------+


+-----------------------------------+
; Fast 1200mV 0C Model Hold Summary ;
+--------+-------+------------------+
; Clock  ; Slack ; End Point TNS    ;
+--------+-------+------------------+
; CLK50M ; 0.108 ; 0.000            ;
+--------+-------+------------------+


+---------------------------------------+
; Fast 1200mV 0C Model Recovery Summary ;
+--------+--------+---------------------+
; Clock  ; Slack  ; End Point TNS       ;
+--------+--------+---------------------+
; CLK50M ; -0.512 ; -298.435            ;
+--------+--------+---------------------+


+--------------------------------------+
; Fast 1200mV 0C Model Removal Summary ;
+--------+-------+---------------------+
; Clock  ; Slack ; End Point TNS       ;
+--------+-------+---------------------+
; CLK50M ; 1.014 ; 0.000               ;
+--------+-------+---------------------+


+--------------------------------------------------+
; Fast 1200mV 0C Model Minimum Pulse Width Summary ;
+--------+--------+--------------------------------+
; Clock  ; Slack  ; End Point TNS                  ;
+--------+--------+--------------------------------+
; CLK50M ; -3.000 ; -875.325                       ;
+--------+--------+--------------------------------+


+------------------------------------------------------------------------------------------------------------------+
; Fast 1200mV 0C Model Setup: 'CLK50M'                                                                             ;
+--------+-----------------+-----------------+--------------+-------------+--------------+------------+------------+
; Slack  ; From Node       ; To Node         ; Launch Clock ; Latch Clock ; Relationship ; Clock Skew ; Data Delay ;
+--------+-----------------+-----------------+--------------+-------------+--------------+------------+------------+
; -5.786 ; can_tx_data[7]  ; can_tx_data[63] ; CLK50M       ; CLK50M      ; 1.000        ; -0.040     ; 6.733      ;
; -5.758 ; can_tx_data[1]  ; can_tx_data[63] ; CLK50M       ; CLK50M      ; 1.000        ; 0.155      ; 6.900      ;
; -5.741 ; can_tx_data[6]  ; can_tx_data[63] ; CLK50M       ; CLK50M      ; 1.000        ; -0.040     ; 6.688      ;
; -5.730 ; can_tx_data[3]  ; can_tx_data[63] ; CLK50M       ; CLK50M      ; 1.000        ; 0.155      ; 6.872      ;
; -5.722 ; can_tx_data[7]  ; can_tx_data[62] ; CLK50M       ; CLK50M      ; 1.000        ; -0.040     ; 6.669      ;
; -5.720 ; can_tx_data[9]  ; can_tx_data[63] ; CLK50M       ; CLK50M      ; 1.000        ; -0.040     ; 6.667      ;
; -5.718 ; can_tx_data[7]  ; can_tx_data[61] ; CLK50M       ; CLK50M      ; 1.000        ; -0.040     ; 6.665      ;
; -5.694 ; can_tx_data[1]  ; can_tx_data[62] ; CLK50M       ; CLK50M      ; 1.000        ; 0.155      ; 6.836      ;
; -5.690 ; can_tx_data[1]  ; can_tx_data[61] ; CLK50M       ; CLK50M      ; 1.000        ; 0.155      ; 6.832      ;
; -5.682 ; can_tx_data[2]  ; can_tx_data[63] ; CLK50M       ; CLK50M      ; 1.000        ; 0.155      ; 6.824      ;
; -5.677 ; can_tx_data[6]  ; can_tx_data[62] ; CLK50M       ; CLK50M      ; 1.000        ; -0.040     ; 6.624      ;
; -5.673 ; can_tx_data[8]  ; can_tx_data[63] ; CLK50M       ; CLK50M      ; 1.000        ; -0.040     ; 6.620      ;
; -5.673 ; can_tx_data[6]  ; can_tx_data[61] ; CLK50M       ; CLK50M      ; 1.000        ; -0.040     ; 6.620      ;
; -5.666 ; can_tx_data[3]  ; can_tx_data[62] ; CLK50M       ; CLK50M      ; 1.000        ; 0.155      ; 6.808      ;
; -5.663 ; can_tx_data[5]  ; can_tx_data[63] ; CLK50M       ; CLK50M      ; 1.000        ; 0.155      ; 6.805      ;
; -5.662 ; can_tx_data[3]  ; can_tx_data[61] ; CLK50M       ; CLK50M      ; 1.000        ; 0.155      ; 6.804      ;
; -5.656 ; can_tx_data[9]  ; can_tx_data[62] ; CLK50M       ; CLK50M      ; 1.000        ; -0.040     ; 6.603      ;
; -5.654 ; can_tx_data[7]  ; can_tx_data[60] ; CLK50M       ; CLK50M      ; 1.000        ; -0.040     ; 6.601      ;
; -5.653 ; can_tx_data[11] ; can_tx_data[63] ; CLK50M       ; CLK50M      ; 1.000        ; -0.040     ; 6.600      ;
; -5.652 ; can_tx_data[9]  ; can_tx_data[61] ; CLK50M       ; CLK50M      ; 1.000        ; -0.040     ; 6.599      ;
; -5.650 ; can_tx_data[7]  ; can_tx_data[59] ; CLK50M       ; CLK50M      ; 1.000        ; -0.040     ; 6.597      ;
; -5.626 ; can_tx_data[1]  ; can_tx_data[60] ; CLK50M       ; CLK50M      ; 1.000        ; 0.155      ; 6.768      ;
; -5.622 ; can_tx_data[1]  ; can_tx_data[59] ; CLK50M       ; CLK50M      ; 1.000        ; 0.155      ; 6.764      ;
; -5.618 ; can_tx_data[2]  ; can_tx_data[62] ; CLK50M       ; CLK50M      ; 1.000        ; 0.155      ; 6.760      ;
; -5.614 ; can_tx_data[4]  ; can_tx_data[63] ; CLK50M       ; CLK50M      ; 1.000        ; 0.155      ; 6.756      ;
; -5.614 ; can_tx_data[2]  ; can_tx_data[61] ; CLK50M       ; CLK50M      ; 1.000        ; 0.155      ; 6.756      ;
; -5.609 ; can_tx_data[8]  ; can_tx_data[62] ; CLK50M       ; CLK50M      ; 1.000        ; -0.040     ; 6.556      ;
; -5.609 ; can_tx_data[6]  ; can_tx_data[60] ; CLK50M       ; CLK50M      ; 1.000        ; -0.040     ; 6.556      ;
; -5.606 ; can_tx_data[10] ; can_tx_data[63] ; CLK50M       ; CLK50M      ; 1.000        ; -0.040     ; 6.553      ;
; -5.605 ; can_tx_data[8]  ; can_tx_data[61] ; CLK50M       ; CLK50M      ; 1.000        ; -0.040     ; 6.552      ;
; -5.605 ; can_tx_data[6]  ; can_tx_data[59] ; CLK50M       ; CLK50M      ; 1.000        ; -0.040     ; 6.552      ;
; -5.599 ; can_tx_data[5]  ; can_tx_data[62] ; CLK50M       ; CLK50M      ; 1.000        ; 0.155      ; 6.741      ;
; -5.598 ; can_tx_data[3]  ; can_tx_data[60] ; CLK50M       ; CLK50M      ; 1.000        ; 0.155      ; 6.740      ;
; -5.595 ; can_tx_data[5]  ; can_tx_data[61] ; CLK50M       ; CLK50M      ; 1.000        ; 0.155      ; 6.737      ;
; -5.594 ; can_tx_data[3]  ; can_tx_data[59] ; CLK50M       ; CLK50M      ; 1.000        ; 0.155      ; 6.736      ;
; -5.589 ; can_tx_data[11] ; can_tx_data[62] ; CLK50M       ; CLK50M      ; 1.000        ; -0.040     ; 6.536      ;
; -5.588 ; can_tx_data[9]  ; can_tx_data[60] ; CLK50M       ; CLK50M      ; 1.000        ; -0.040     ; 6.535      ;
; -5.586 ; can_tx_data[7]  ; can_tx_data[58] ; CLK50M       ; CLK50M      ; 1.000        ; -0.040     ; 6.533      ;
; -5.585 ; can_tx_data[11] ; can_tx_data[61] ; CLK50M       ; CLK50M      ; 1.000        ; -0.040     ; 6.532      ;
; -5.584 ; can_tx_data[9]  ; can_tx_data[59] ; CLK50M       ; CLK50M      ; 1.000        ; -0.040     ; 6.531      ;
; -5.582 ; can_tx_data[7]  ; can_tx_data[57] ; CLK50M       ; CLK50M      ; 1.000        ; -0.040     ; 6.529      ;
; -5.582 ; can_tx_data[13] ; can_tx_data[63] ; CLK50M       ; CLK50M      ; 1.000        ; -0.040     ; 6.529      ;
; -5.558 ; can_tx_data[1]  ; can_tx_data[58] ; CLK50M       ; CLK50M      ; 1.000        ; 0.155      ; 6.700      ;
; -5.554 ; can_tx_data[1]  ; can_tx_data[57] ; CLK50M       ; CLK50M      ; 1.000        ; 0.155      ; 6.696      ;
; -5.550 ; can_tx_data[4]  ; can_tx_data[62] ; CLK50M       ; CLK50M      ; 1.000        ; 0.155      ; 6.692      ;
; -5.550 ; can_tx_data[2]  ; can_tx_data[60] ; CLK50M       ; CLK50M      ; 1.000        ; 0.155      ; 6.692      ;
; -5.546 ; can_tx_data[4]  ; can_tx_data[61] ; CLK50M       ; CLK50M      ; 1.000        ; 0.155      ; 6.688      ;
; -5.546 ; can_tx_data[2]  ; can_tx_data[59] ; CLK50M       ; CLK50M      ; 1.000        ; 0.155      ; 6.688      ;
; -5.542 ; can_tx_data[10] ; can_tx_data[62] ; CLK50M       ; CLK50M      ; 1.000        ; -0.040     ; 6.489      ;
; -5.541 ; can_tx_data[8]  ; can_tx_data[60] ; CLK50M       ; CLK50M      ; 1.000        ; -0.040     ; 6.488      ;
; -5.541 ; can_tx_data[6]  ; can_tx_data[58] ; CLK50M       ; CLK50M      ; 1.000        ; -0.040     ; 6.488      ;
; -5.538 ; can_tx_data[12] ; can_tx_data[63] ; CLK50M       ; CLK50M      ; 1.000        ; -0.040     ; 6.485      ;
; -5.538 ; can_tx_data[10] ; can_tx_data[61] ; CLK50M       ; CLK50M      ; 1.000        ; -0.040     ; 6.485      ;
; -5.537 ; can_tx_data[8]  ; can_tx_data[59] ; CLK50M       ; CLK50M      ; 1.000        ; -0.040     ; 6.484      ;
; -5.537 ; can_tx_data[6]  ; can_tx_data[57] ; CLK50M       ; CLK50M      ; 1.000        ; -0.040     ; 6.484      ;
; -5.531 ; can_tx_data[5]  ; can_tx_data[60] ; CLK50M       ; CLK50M      ; 1.000        ; 0.155      ; 6.673      ;
; -5.530 ; can_tx_data[3]  ; can_tx_data[58] ; CLK50M       ; CLK50M      ; 1.000        ; 0.155      ; 6.672      ;
; -5.527 ; can_tx_data[5]  ; can_tx_data[59] ; CLK50M       ; CLK50M      ; 1.000        ; 0.155      ; 6.669      ;
; -5.526 ; can_tx_data[3]  ; can_tx_data[57] ; CLK50M       ; CLK50M      ; 1.000        ; 0.155      ; 6.668      ;
; -5.522 ; can_tx_data[15] ; can_tx_data[63] ; CLK50M       ; CLK50M      ; 1.000        ; -0.040     ; 6.469      ;
; -5.521 ; can_tx_data[11] ; can_tx_data[60] ; CLK50M       ; CLK50M      ; 1.000        ; -0.040     ; 6.468      ;
; -5.520 ; can_tx_data[9]  ; can_tx_data[58] ; CLK50M       ; CLK50M      ; 1.000        ; -0.040     ; 6.467      ;
; -5.518 ; can_tx_data[7]  ; can_tx_data[56] ; CLK50M       ; CLK50M      ; 1.000        ; -0.040     ; 6.465      ;
; -5.518 ; can_tx_data[13] ; can_tx_data[62] ; CLK50M       ; CLK50M      ; 1.000        ; -0.040     ; 6.465      ;
; -5.517 ; can_tx_data[11] ; can_tx_data[59] ; CLK50M       ; CLK50M      ; 1.000        ; -0.040     ; 6.464      ;
; -5.516 ; can_tx_data[9]  ; can_tx_data[57] ; CLK50M       ; CLK50M      ; 1.000        ; -0.040     ; 6.463      ;
; -5.514 ; can_tx_data[7]  ; can_tx_data[55] ; CLK50M       ; CLK50M      ; 1.000        ; -0.040     ; 6.461      ;
; -5.514 ; can_tx_data[13] ; can_tx_data[61] ; CLK50M       ; CLK50M      ; 1.000        ; -0.040     ; 6.461      ;
; -5.490 ; can_tx_data[1]  ; can_tx_data[56] ; CLK50M       ; CLK50M      ; 1.000        ; 0.155      ; 6.632      ;
; -5.486 ; can_tx_data[1]  ; can_tx_data[55] ; CLK50M       ; CLK50M      ; 1.000        ; 0.155      ; 6.628      ;
; -5.482 ; can_tx_data[4]  ; can_tx_data[60] ; CLK50M       ; CLK50M      ; 1.000        ; 0.155      ; 6.624      ;
; -5.482 ; can_tx_data[2]  ; can_tx_data[58] ; CLK50M       ; CLK50M      ; 1.000        ; 0.155      ; 6.624      ;
; -5.478 ; can_tx_data[4]  ; can_tx_data[59] ; CLK50M       ; CLK50M      ; 1.000        ; 0.155      ; 6.620      ;
; -5.478 ; can_tx_data[2]  ; can_tx_data[57] ; CLK50M       ; CLK50M      ; 1.000        ; 0.155      ; 6.620      ;
; -5.474 ; can_tx_data[12] ; can_tx_data[62] ; CLK50M       ; CLK50M      ; 1.000        ; -0.040     ; 6.421      ;
; -5.474 ; can_tx_data[10] ; can_tx_data[60] ; CLK50M       ; CLK50M      ; 1.000        ; -0.040     ; 6.421      ;
; -5.473 ; can_tx_data[8]  ; can_tx_data[58] ; CLK50M       ; CLK50M      ; 1.000        ; -0.040     ; 6.420      ;
; -5.473 ; can_tx_data[6]  ; can_tx_data[56] ; CLK50M       ; CLK50M      ; 1.000        ; -0.040     ; 6.420      ;
; -5.470 ; can_tx_data[12] ; can_tx_data[61] ; CLK50M       ; CLK50M      ; 1.000        ; -0.040     ; 6.417      ;
; -5.470 ; can_tx_data[10] ; can_tx_data[59] ; CLK50M       ; CLK50M      ; 1.000        ; -0.040     ; 6.417      ;
; -5.469 ; can_tx_data[14] ; can_tx_data[63] ; CLK50M       ; CLK50M      ; 1.000        ; -0.040     ; 6.416      ;
; -5.469 ; can_tx_data[8]  ; can_tx_data[57] ; CLK50M       ; CLK50M      ; 1.000        ; -0.040     ; 6.416      ;
; -5.469 ; can_tx_data[6]  ; can_tx_data[55] ; CLK50M       ; CLK50M      ; 1.000        ; -0.040     ; 6.416      ;
; -5.463 ; can_tx_data[5]  ; can_tx_data[58] ; CLK50M       ; CLK50M      ; 1.000        ; 0.155      ; 6.605      ;
; -5.462 ; can_tx_data[3]  ; can_tx_data[56] ; CLK50M       ; CLK50M      ; 1.000        ; 0.155      ; 6.604      ;
; -5.459 ; can_tx_data[5]  ; can_tx_data[57] ; CLK50M       ; CLK50M      ; 1.000        ; 0.155      ; 6.601      ;
; -5.458 ; can_tx_data[15] ; can_tx_data[62] ; CLK50M       ; CLK50M      ; 1.000        ; -0.040     ; 6.405      ;
; -5.458 ; can_tx_data[3]  ; can_tx_data[55] ; CLK50M       ; CLK50M      ; 1.000        ; 0.155      ; 6.600      ;
; -5.454 ; can_tx_data[15] ; can_tx_data[61] ; CLK50M       ; CLK50M      ; 1.000        ; -0.040     ; 6.401      ;
; -5.453 ; can_tx_data[11] ; can_tx_data[58] ; CLK50M       ; CLK50M      ; 1.000        ; -0.040     ; 6.400      ;
; -5.452 ; can_tx_data[9]  ; can_tx_data[56] ; CLK50M       ; CLK50M      ; 1.000        ; -0.040     ; 6.399      ;
; -5.450 ; can_tx_data[7]  ; can_tx_data[54] ; CLK50M       ; CLK50M      ; 1.000        ; -0.040     ; 6.397      ;
; -5.450 ; can_tx_data[17] ; can_tx_data[63] ; CLK50M       ; CLK50M      ; 1.000        ; -0.041     ; 6.396      ;
; -5.450 ; can_tx_data[13] ; can_tx_data[60] ; CLK50M       ; CLK50M      ; 1.000        ; -0.040     ; 6.397      ;
; -5.449 ; can_tx_data[11] ; can_tx_data[57] ; CLK50M       ; CLK50M      ; 1.000        ; -0.040     ; 6.396      ;
; -5.448 ; can_tx_data[9]  ; can_tx_data[55] ; CLK50M       ; CLK50M      ; 1.000        ; -0.040     ; 6.395      ;
; -5.446 ; can_tx_data[7]  ; can_tx_data[53] ; CLK50M       ; CLK50M      ; 1.000        ; -0.040     ; 6.393      ;
; -5.446 ; can_tx_data[13] ; can_tx_data[59] ; CLK50M       ; CLK50M      ; 1.000        ; -0.040     ; 6.393      ;
; -5.422 ; can_tx_data[1]  ; can_tx_data[54] ; CLK50M       ; CLK50M      ; 1.000        ; 0.155      ; 6.564      ;
; -5.418 ; can_tx_data[1]  ; can_tx_data[53] ; CLK50M       ; CLK50M      ; 1.000        ; 0.155      ; 6.560      ;
+--------+-----------------+-----------------+--------------+-------------+--------------+------------+------------+


+--------------------------------------------------------------------------------------------------------------------------------------------------------------------------------------------------------------------------------------------------------------------------------------------+
; Fast 1200mV 0C Model Hold: 'CLK50M'                                                                                                                                                                                                                                                        ;
+-------+----------------------------------------------------------------------------------------------------+---------------------------------------------------------------------------------------------------------+--------------+-------------+--------------+------------+------------+
; Slack ; From Node                                                                                          ; To Node                                                                                                 ; Launch Clock ; Latch Clock ; Relationship ; Clock Skew ; Data Delay ;
+-------+----------------------------------------------------------------------------------------------------+---------------------------------------------------------------------------------------------------------+--------------+-------------+--------------+------------+------------+
; 0.108 ; can_top:u_can_top|can_level_packet:u_can_level_packet|tx_crc[4]                                    ; can_top:u_can_top|can_level_packet:u_can_level_packet|tx_crc[5]                                         ; CLK50M       ; CLK50M      ; 0.000        ; 0.232      ; 0.424      ;
; 0.150 ; can_top:u_can_top|can_level_packet:u_can_level_packet|rx_history[4]                                ; can_top:u_can_top|can_level_packet:u_can_level_packet|rx_history[5]                                     ; CLK50M       ; CLK50M      ; 0.000        ; 0.231      ; 0.465      ;
; 0.155 ; can_top:u_can_top|rx_data[0]                                                                       ; uart_tx:u_uart_tx|altsyncram:buffer_rtl_0|altsyncram_c6h1:auto_generated|ram_block1a0~porta_datain_reg0 ; CLK50M       ; CLK50M      ; 0.000        ; 0.232      ; 0.491      ;
; 0.155 ; can_top:u_can_top|rx_data[1]                                                                       ; uart_tx:u_uart_tx|altsyncram:buffer_rtl_0|altsyncram_c6h1:auto_generated|ram_block1a0~porta_datain_reg0 ; CLK50M       ; CLK50M      ; 0.000        ; 0.232      ; 0.491      ;
; 0.155 ; can_top:u_can_top|rx_data[5]                                                                       ; uart_tx:u_uart_tx|altsyncram:buffer_rtl_0|altsyncram_c6h1:auto_generated|ram_block1a0~porta_datain_reg0 ; CLK50M       ; CLK50M      ; 0.000        ; 0.232      ; 0.491      ;
; 0.156 ; can_top:u_can_top|rx_data[3]                                                                       ; uart_tx:u_uart_tx|altsyncram:buffer_rtl_0|altsyncram_c6h1:auto_generated|ram_block1a0~porta_datain_reg0 ; CLK50M       ; CLK50M      ; 0.000        ; 0.232      ; 0.492      ;
; 0.156 ; can_top:u_can_top|rx_data[6]                                                                       ; uart_tx:u_uart_tx|altsyncram:buffer_rtl_0|altsyncram_c6h1:auto_generated|ram_block1a0~porta_datain_reg0 ; CLK50M       ; CLK50M      ; 0.000        ; 0.232      ; 0.492      ;
; 0.166 ; can_top:u_can_top|rx_data[7]                                                                       ; uart_tx:u_uart_tx|altsyncram:buffer_rtl_0|altsyncram_c6h1:auto_generated|ram_block1a0~porta_datain_reg0 ; CLK50M       ; CLK50M      ; 0.000        ; 0.232      ; 0.502      ;
; 0.166 ; can_tx_data[4]                                                                                     ; can_top:u_can_top|altsyncram:buffer_rtl_0|altsyncram_c9h1:auto_generated|ram_block1a0~porta_datain_reg0 ; CLK50M       ; CLK50M      ; 0.000        ; 0.232      ; 0.502      ;
; 0.167 ; can_tx_data[3]                                                                                     ; can_top:u_can_top|altsyncram:buffer_rtl_0|altsyncram_c9h1:auto_generated|ram_block1a0~porta_datain_reg0 ; CLK50M       ; CLK50M      ; 0.000        ; 0.232      ; 0.503      ;
; 0.168 ; can_top:u_can_top|can_level_packet:u_can_level_packet|tx_shift[69]                                 ; can_top:u_can_top|can_level_packet:u_can_level_packet|tx_shift[70]                                      ; CLK50M       ; CLK50M      ; 0.000        ; 0.232      ; 0.484      ;
; 0.177 ; can_top:u_can_top|rx_data[4]                                                                       ; uart_tx:u_uart_tx|altsyncram:buffer_rtl_0|altsyncram_c6h1:auto_generated|ram_block1a0~porta_datain_reg0 ; CLK50M       ; CLK50M      ; 0.000        ; 0.232      ; 0.513      ;
; 0.178 ; can_top:u_can_top|can_level_packet:u_can_level_packet|can_level_bit:u_can_level_bit|can_tx         ; can_top:u_can_top|can_level_packet:u_can_level_packet|can_level_bit:u_can_level_bit|can_tx              ; CLK50M       ; CLK50M      ; 0.000        ; 0.045      ; 0.307      ;
; 0.178 ; uart_tx:u_uart_tx|state[0]                                                                         ; uart_tx:u_uart_tx|state[0]                                                                              ; CLK50M       ; CLK50M      ; 0.000        ; 0.045      ; 0.307      ;
; 0.178 ; can_top:u_can_top|can_level_packet:u_can_level_packet|rx_data[27]                                  ; can_top:u_can_top|can_level_packet:u_can_level_packet|rx_data[27]                                       ; CLK50M       ; CLK50M      ; 0.000        ; 0.045      ; 0.307      ;
; 0.178 ; can_top:u_can_top|can_level_packet:u_can_level_packet|rx_data[26]                                  ; can_top:u_can_top|can_level_packet:u_can_level_packet|rx_data[26]                                       ; CLK50M       ; CLK50M      ; 0.000        ; 0.045      ; 0.307      ;
; 0.178 ; can_top:u_can_top|can_level_packet:u_can_level_packet|rx_data[25]                                  ; can_top:u_can_top|can_level_packet:u_can_level_packet|rx_data[25]                                       ; CLK50M       ; CLK50M      ; 0.000        ; 0.045      ; 0.307      ;
; 0.178 ; can_top:u_can_top|can_level_packet:u_can_level_packet|rx_data[24]                                  ; can_top:u_can_top|can_level_packet:u_can_level_packet|rx_data[24]                                       ; CLK50M       ; CLK50M      ; 0.000        ; 0.045      ; 0.307      ;
; 0.178 ; can_top:u_can_top|can_level_packet:u_can_level_packet|rx_data[23]                                  ; can_top:u_can_top|can_level_packet:u_can_level_packet|rx_data[23]                                       ; CLK50M       ; CLK50M      ; 0.000        ; 0.045      ; 0.307      ;
; 0.178 ; can_top:u_can_top|can_level_packet:u_can_level_packet|rx_data[22]                                  ; can_top:u_can_top|can_level_packet:u_can_level_packet|rx_data[22]                                       ; CLK50M       ; CLK50M      ; 0.000        ; 0.045      ; 0.307      ;
; 0.178 ; can_top:u_can_top|can_level_packet:u_can_level_packet|rx_data[21]                                  ; can_top:u_can_top|can_level_packet:u_can_level_packet|rx_data[21]                                       ; CLK50M       ; CLK50M      ; 0.000        ; 0.045      ; 0.307      ;
; 0.178 ; can_top:u_can_top|can_level_packet:u_can_level_packet|rx_data[20]                                  ; can_top:u_can_top|can_level_packet:u_can_level_packet|rx_data[20]                                       ; CLK50M       ; CLK50M      ; 0.000        ; 0.045      ; 0.307      ;
; 0.178 ; can_top:u_can_top|can_level_packet:u_can_level_packet|rx_data[13]                                  ; can_top:u_can_top|can_level_packet:u_can_level_packet|rx_data[13]                                       ; CLK50M       ; CLK50M      ; 0.000        ; 0.045      ; 0.307      ;
; 0.178 ; can_top:u_can_top|can_level_packet:u_can_level_packet|rx_data[12]                                  ; can_top:u_can_top|can_level_packet:u_can_level_packet|rx_data[12]                                       ; CLK50M       ; CLK50M      ; 0.000        ; 0.045      ; 0.307      ;
; 0.178 ; can_top:u_can_top|can_level_packet:u_can_level_packet|rx_data[11]                                  ; can_top:u_can_top|can_level_packet:u_can_level_packet|rx_data[11]                                       ; CLK50M       ; CLK50M      ; 0.000        ; 0.045      ; 0.307      ;
; 0.178 ; can_top:u_can_top|can_level_packet:u_can_level_packet|rx_data[9]                                   ; can_top:u_can_top|can_level_packet:u_can_level_packet|rx_data[9]                                        ; CLK50M       ; CLK50M      ; 0.000        ; 0.045      ; 0.307      ;
; 0.178 ; can_top:u_can_top|can_level_packet:u_can_level_packet|rx_data[8]                                   ; can_top:u_can_top|can_level_packet:u_can_level_packet|rx_data[8]                                        ; CLK50M       ; CLK50M      ; 0.000        ; 0.045      ; 0.307      ;
; 0.178 ; can_top:u_can_top|can_level_packet:u_can_level_packet|rx_data[7]                                   ; can_top:u_can_top|can_level_packet:u_can_level_packet|rx_data[7]                                        ; CLK50M       ; CLK50M      ; 0.000        ; 0.045      ; 0.307      ;
; 0.178 ; can_top:u_can_top|can_level_packet:u_can_level_packet|rx_data[6]                                   ; can_top:u_can_top|can_level_packet:u_can_level_packet|rx_data[6]                                        ; CLK50M       ; CLK50M      ; 0.000        ; 0.045      ; 0.307      ;
; 0.178 ; can_top:u_can_top|can_level_packet:u_can_level_packet|rx_data[5]                                   ; can_top:u_can_top|can_level_packet:u_can_level_packet|rx_data[5]                                        ; CLK50M       ; CLK50M      ; 0.000        ; 0.045      ; 0.307      ;
; 0.178 ; uart_tx:u_uart_tx|wptr[0]                                                                          ; uart_tx:u_uart_tx|wptr[0]                                                                               ; CLK50M       ; CLK50M      ; 0.000        ; 0.045      ; 0.307      ;
; 0.178 ; can_top:u_can_top|can_level_packet:u_can_level_packet|rx_rtr                                       ; can_top:u_can_top|can_level_packet:u_can_level_packet|rx_rtr                                            ; CLK50M       ; CLK50M      ; 0.000        ; 0.045      ; 0.307      ;
; 0.178 ; can_top:u_can_top|can_level_packet:u_can_level_packet|stat.TRX_ID_BASE                             ; can_top:u_can_top|can_level_packet:u_can_level_packet|stat.TRX_ID_BASE                                  ; CLK50M       ; CLK50M      ; 0.000        ; 0.045      ; 0.307      ;
; 0.178 ; can_top:u_can_top|can_level_packet:u_can_level_packet|rx_len[1]                                    ; can_top:u_can_top|can_level_packet:u_can_level_packet|rx_len[1]                                         ; CLK50M       ; CLK50M      ; 0.000        ; 0.045      ; 0.307      ;
; 0.178 ; can_top:u_can_top|can_level_packet:u_can_level_packet|rx_len[0]                                    ; can_top:u_can_top|can_level_packet:u_can_level_packet|rx_len[0]                                         ; CLK50M       ; CLK50M      ; 0.000        ; 0.045      ; 0.307      ;
; 0.178 ; can_top:u_can_top|can_level_packet:u_can_level_packet|rx_len[2]                                    ; can_top:u_can_top|can_level_packet:u_can_level_packet|rx_len[2]                                         ; CLK50M       ; CLK50M      ; 0.000        ; 0.045      ; 0.307      ;
; 0.178 ; can_top:u_can_top|can_level_packet:u_can_level_packet|rx_len[3]                                    ; can_top:u_can_top|can_level_packet:u_can_level_packet|rx_len[3]                                         ; CLK50M       ; CLK50M      ; 0.000        ; 0.045      ; 0.307      ;
; 0.178 ; can_top:u_can_top|can_level_packet:u_can_level_packet|tx_crc[14]                                   ; can_top:u_can_top|can_level_packet:u_can_level_packet|tx_crc[14]                                        ; CLK50M       ; CLK50M      ; 0.000        ; 0.045      ; 0.307      ;
; 0.178 ; can_top:u_can_top|keepdata[49]                                                                     ; can_top:u_can_top|keepdata[49]                                                                          ; CLK50M       ; CLK50M      ; 0.000        ; 0.045      ; 0.307      ;
; 0.178 ; can_top:u_can_top|keepdata[48]                                                                     ; can_top:u_can_top|keepdata[48]                                                                          ; CLK50M       ; CLK50M      ; 0.000        ; 0.045      ; 0.307      ;
; 0.178 ; can_top:u_can_top|keepdata[47]                                                                     ; can_top:u_can_top|keepdata[47]                                                                          ; CLK50M       ; CLK50M      ; 0.000        ; 0.045      ; 0.307      ;
; 0.178 ; can_top:u_can_top|keepdata[46]                                                                     ; can_top:u_can_top|keepdata[46]                                                                          ; CLK50M       ; CLK50M      ; 0.000        ; 0.045      ; 0.307      ;
; 0.178 ; can_top:u_can_top|keepdata[45]                                                                     ; can_top:u_can_top|keepdata[45]                                                                          ; CLK50M       ; CLK50M      ; 0.000        ; 0.045      ; 0.307      ;
; 0.178 ; can_top:u_can_top|keepdata[44]                                                                     ; can_top:u_can_top|keepdata[44]                                                                          ; CLK50M       ; CLK50M      ; 0.000        ; 0.045      ; 0.307      ;
; 0.178 ; can_top:u_can_top|keepdata[43]                                                                     ; can_top:u_can_top|keepdata[43]                                                                          ; CLK50M       ; CLK50M      ; 0.000        ; 0.045      ; 0.307      ;
; 0.178 ; can_top:u_can_top|keepdata[42]                                                                     ; can_top:u_can_top|keepdata[42]                                                                          ; CLK50M       ; CLK50M      ; 0.000        ; 0.045      ; 0.307      ;
; 0.178 ; can_top:u_can_top|keepdata[40]                                                                     ; can_top:u_can_top|keepdata[40]                                                                          ; CLK50M       ; CLK50M      ; 0.000        ; 0.045      ; 0.307      ;
; 0.178 ; can_top:u_can_top|keepdata[38]                                                                     ; can_top:u_can_top|keepdata[38]                                                                          ; CLK50M       ; CLK50M      ; 0.000        ; 0.045      ; 0.307      ;
; 0.178 ; can_top:u_can_top|keepdata[37]                                                                     ; can_top:u_can_top|keepdata[37]                                                                          ; CLK50M       ; CLK50M      ; 0.000        ; 0.045      ; 0.307      ;
; 0.178 ; can_top:u_can_top|keepdata[36]                                                                     ; can_top:u_can_top|keepdata[36]                                                                          ; CLK50M       ; CLK50M      ; 0.000        ; 0.045      ; 0.307      ;
; 0.178 ; can_top:u_can_top|keepdata[35]                                                                     ; can_top:u_can_top|keepdata[35]                                                                          ; CLK50M       ; CLK50M      ; 0.000        ; 0.045      ; 0.307      ;
; 0.178 ; can_top:u_can_top|keepdata[34]                                                                     ; can_top:u_can_top|keepdata[34]                                                                          ; CLK50M       ; CLK50M      ; 0.000        ; 0.045      ; 0.307      ;
; 0.178 ; can_top:u_can_top|keepdata[31]                                                                     ; can_top:u_can_top|keepdata[31]                                                                          ; CLK50M       ; CLK50M      ; 0.000        ; 0.045      ; 0.307      ;
; 0.178 ; can_top:u_can_top|keepdata[30]                                                                     ; can_top:u_can_top|keepdata[30]                                                                          ; CLK50M       ; CLK50M      ; 0.000        ; 0.045      ; 0.307      ;
; 0.178 ; can_top:u_can_top|keepdata[29]                                                                     ; can_top:u_can_top|keepdata[29]                                                                          ; CLK50M       ; CLK50M      ; 0.000        ; 0.045      ; 0.307      ;
; 0.178 ; can_top:u_can_top|keepdata[6]                                                                      ; can_top:u_can_top|keepdata[6]                                                                           ; CLK50M       ; CLK50M      ; 0.000        ; 0.045      ; 0.307      ;
; 0.178 ; can_top:u_can_top|keepdata[1]                                                                      ; can_top:u_can_top|keepdata[1]                                                                           ; CLK50M       ; CLK50M      ; 0.000        ; 0.045      ; 0.307      ;
; 0.178 ; can_top:u_can_top|keepdata[32]                                                                     ; can_top:u_can_top|keepdata[32]                                                                          ; CLK50M       ; CLK50M      ; 0.000        ; 0.045      ; 0.307      ;
; 0.178 ; can_top:u_can_top|keepdata[33]                                                                     ; can_top:u_can_top|keepdata[33]                                                                          ; CLK50M       ; CLK50M      ; 0.000        ; 0.045      ; 0.307      ;
; 0.178 ; can_top:u_can_top|keepdata[39]                                                                     ; can_top:u_can_top|keepdata[39]                                                                          ; CLK50M       ; CLK50M      ; 0.000        ; 0.045      ; 0.307      ;
; 0.178 ; can_top:u_can_top|keepdata[41]                                                                     ; can_top:u_can_top|keepdata[41]                                                                          ; CLK50M       ; CLK50M      ; 0.000        ; 0.045      ; 0.307      ;
; 0.178 ; can_top:u_can_top|t_rtr_req                                                                        ; can_top:u_can_top|t_rtr_req                                                                             ; CLK50M       ; CLK50M      ; 0.000        ; 0.045      ; 0.307      ;
; 0.178 ; can_top:u_can_top|pkt_txing                                                                        ; can_top:u_can_top|pkt_txing                                                                             ; CLK50M       ; CLK50M      ; 0.000        ; 0.045      ; 0.307      ;
; 0.178 ; can_top:u_can_top|rptr[0]                                                                          ; can_top:u_can_top|rptr[0]                                                                               ; CLK50M       ; CLK50M      ; 0.000        ; 0.045      ; 0.307      ;
; 0.178 ; can_top:u_can_top|buff_valid                                                                       ; can_top:u_can_top|buff_valid                                                                            ; CLK50M       ; CLK50M      ; 0.000        ; 0.045      ; 0.307      ;
; 0.178 ; can_top:u_can_top|wptr[0]                                                                          ; can_top:u_can_top|wptr[0]                                                                               ; CLK50M       ; CLK50M      ; 0.000        ; 0.045      ; 0.307      ;
; 0.179 ; can_top:u_can_top|can_level_packet:u_can_level_packet|can_level_bit:u_can_level_bit|stat.STAT_PTS  ; can_top:u_can_top|can_level_packet:u_can_level_packet|can_level_bit:u_can_level_bit|stat.STAT_PTS       ; CLK50M       ; CLK50M      ; 0.000        ; 0.044      ; 0.307      ;
; 0.179 ; can_top:u_can_top|can_level_packet:u_can_level_packet|can_level_bit:u_can_level_bit|stat.STAT_PBS2 ; can_top:u_can_top|can_level_packet:u_can_level_packet|can_level_bit:u_can_level_bit|stat.STAT_PBS2      ; CLK50M       ; CLK50M      ; 0.000        ; 0.044      ; 0.307      ;
; 0.179 ; can_top:u_can_top|can_level_packet:u_can_level_packet|can_level_bit:u_can_level_bit|cnt_high[2]    ; can_top:u_can_top|can_level_packet:u_can_level_packet|can_level_bit:u_can_level_bit|cnt_high[2]         ; CLK50M       ; CLK50M      ; 0.000        ; 0.044      ; 0.307      ;
; 0.179 ; can_top:u_can_top|can_level_packet:u_can_level_packet|can_level_bit:u_can_level_bit|cnt_high[0]    ; can_top:u_can_top|can_level_packet:u_can_level_packet|can_level_bit:u_can_level_bit|cnt_high[0]         ; CLK50M       ; CLK50M      ; 0.000        ; 0.044      ; 0.307      ;
; 0.179 ; can_top:u_can_top|can_level_packet:u_can_level_packet|can_level_bit:u_can_level_bit|cnt_high[1]    ; can_top:u_can_top|can_level_packet:u_can_level_packet|can_level_bit:u_can_level_bit|cnt_high[1]         ; CLK50M       ; CLK50M      ; 0.000        ; 0.044      ; 0.307      ;
; 0.179 ; can_top:u_can_top|can_level_packet:u_can_level_packet|can_level_bit:u_can_level_bit|inframe        ; can_top:u_can_top|can_level_packet:u_can_level_packet|can_level_bit:u_can_level_bit|inframe             ; CLK50M       ; CLK50M      ; 0.000        ; 0.044      ; 0.307      ;
; 0.179 ; can_top:u_can_top|can_level_packet:u_can_level_packet|rx_data[30]                                  ; can_top:u_can_top|can_level_packet:u_can_level_packet|rx_data[30]                                       ; CLK50M       ; CLK50M      ; 0.000        ; 0.044      ; 0.307      ;
; 0.179 ; can_top:u_can_top|can_level_packet:u_can_level_packet|rx_data[29]                                  ; can_top:u_can_top|can_level_packet:u_can_level_packet|rx_data[29]                                       ; CLK50M       ; CLK50M      ; 0.000        ; 0.044      ; 0.307      ;
; 0.179 ; can_top:u_can_top|can_level_packet:u_can_level_packet|rx_data[28]                                  ; can_top:u_can_top|can_level_packet:u_can_level_packet|rx_data[28]                                       ; CLK50M       ; CLK50M      ; 0.000        ; 0.044      ; 0.307      ;
; 0.179 ; can_top:u_can_top|can_level_packet:u_can_level_packet|rx_data[14]                                  ; can_top:u_can_top|can_level_packet:u_can_level_packet|rx_data[14]                                       ; CLK50M       ; CLK50M      ; 0.000        ; 0.044      ; 0.307      ;
; 0.179 ; can_top:u_can_top|can_level_packet:u_can_level_packet|rx_data[10]                                  ; can_top:u_can_top|can_level_packet:u_can_level_packet|rx_data[10]                                       ; CLK50M       ; CLK50M      ; 0.000        ; 0.044      ; 0.307      ;
; 0.179 ; can_top:u_can_top|can_level_packet:u_can_level_packet|stat.RX_EOF                                  ; can_top:u_can_top|can_level_packet:u_can_level_packet|stat.RX_EOF                                       ; CLK50M       ; CLK50M      ; 0.000        ; 0.044      ; 0.307      ;
; 0.179 ; can_top:u_can_top|keepdata[63]                                                                     ; can_top:u_can_top|keepdata[63]                                                                          ; CLK50M       ; CLK50M      ; 0.000        ; 0.044      ; 0.307      ;
; 0.179 ; can_top:u_can_top|keepdata[60]                                                                     ; can_top:u_can_top|keepdata[60]                                                                          ; CLK50M       ; CLK50M      ; 0.000        ; 0.044      ; 0.307      ;
; 0.179 ; can_top:u_can_top|keepdata[58]                                                                     ; can_top:u_can_top|keepdata[58]                                                                          ; CLK50M       ; CLK50M      ; 0.000        ; 0.044      ; 0.307      ;
; 0.179 ; can_top:u_can_top|keepdata[56]                                                                     ; can_top:u_can_top|keepdata[56]                                                                          ; CLK50M       ; CLK50M      ; 0.000        ; 0.044      ; 0.307      ;
; 0.179 ; can_top:u_can_top|keepdata[54]                                                                     ; can_top:u_can_top|keepdata[54]                                                                          ; CLK50M       ; CLK50M      ; 0.000        ; 0.044      ; 0.307      ;
; 0.179 ; can_top:u_can_top|keepdata[53]                                                                     ; can_top:u_can_top|keepdata[53]                                                                          ; CLK50M       ; CLK50M      ; 0.000        ; 0.044      ; 0.307      ;
; 0.179 ; can_top:u_can_top|keepdata[52]                                                                     ; can_top:u_can_top|keepdata[52]                                                                          ; CLK50M       ; CLK50M      ; 0.000        ; 0.044      ; 0.307      ;
; 0.179 ; can_top:u_can_top|keepdata[51]                                                                     ; can_top:u_can_top|keepdata[51]                                                                          ; CLK50M       ; CLK50M      ; 0.000        ; 0.044      ; 0.307      ;
; 0.179 ; can_top:u_can_top|keepdata[50]                                                                     ; can_top:u_can_top|keepdata[50]                                                                          ; CLK50M       ; CLK50M      ; 0.000        ; 0.044      ; 0.307      ;
; 0.179 ; can_top:u_can_top|keepdata[28]                                                                     ; can_top:u_can_top|keepdata[28]                                                                          ; CLK50M       ; CLK50M      ; 0.000        ; 0.044      ; 0.307      ;
; 0.179 ; can_top:u_can_top|keepdata[27]                                                                     ; can_top:u_can_top|keepdata[27]                                                                          ; CLK50M       ; CLK50M      ; 0.000        ; 0.044      ; 0.307      ;
; 0.179 ; can_top:u_can_top|keepdata[26]                                                                     ; can_top:u_can_top|keepdata[26]                                                                          ; CLK50M       ; CLK50M      ; 0.000        ; 0.044      ; 0.307      ;
; 0.179 ; can_top:u_can_top|keepdata[24]                                                                     ; can_top:u_can_top|keepdata[24]                                                                          ; CLK50M       ; CLK50M      ; 0.000        ; 0.044      ; 0.307      ;
; 0.179 ; can_top:u_can_top|keepdata[22]                                                                     ; can_top:u_can_top|keepdata[22]                                                                          ; CLK50M       ; CLK50M      ; 0.000        ; 0.044      ; 0.307      ;
; 0.179 ; can_top:u_can_top|keepdata[20]                                                                     ; can_top:u_can_top|keepdata[20]                                                                          ; CLK50M       ; CLK50M      ; 0.000        ; 0.044      ; 0.307      ;
; 0.179 ; can_top:u_can_top|keepdata[17]                                                                     ; can_top:u_can_top|keepdata[17]                                                                          ; CLK50M       ; CLK50M      ; 0.000        ; 0.044      ; 0.307      ;
; 0.179 ; can_top:u_can_top|keepdata[12]                                                                     ; can_top:u_can_top|keepdata[12]                                                                          ; CLK50M       ; CLK50M      ; 0.000        ; 0.044      ; 0.307      ;
; 0.179 ; can_top:u_can_top|keepdata[11]                                                                     ; can_top:u_can_top|keepdata[11]                                                                          ; CLK50M       ; CLK50M      ; 0.000        ; 0.044      ; 0.307      ;
; 0.179 ; can_top:u_can_top|keepdata[8]                                                                      ; can_top:u_can_top|keepdata[8]                                                                           ; CLK50M       ; CLK50M      ; 0.000        ; 0.044      ; 0.307      ;
; 0.179 ; can_top:u_can_top|keepdata[7]                                                                      ; can_top:u_can_top|keepdata[7]                                                                           ; CLK50M       ; CLK50M      ; 0.000        ; 0.044      ; 0.307      ;
; 0.179 ; can_top:u_can_top|keepdata[3]                                                                      ; can_top:u_can_top|keepdata[3]                                                                           ; CLK50M       ; CLK50M      ; 0.000        ; 0.044      ; 0.307      ;
; 0.179 ; can_top:u_can_top|keepdata[2]                                                                      ; can_top:u_can_top|keepdata[2]                                                                           ; CLK50M       ; CLK50M      ; 0.000        ; 0.044      ; 0.307      ;
+-------+----------------------------------------------------------------------------------------------------+---------------------------------------------------------------------------------------------------------+--------------+-------------+--------------+------------+------------+


+--------------------------------------------------------------------------------------------------------------------------------------------------------------------------------------------------+
; Fast 1200mV 0C Model Recovery: 'CLK50M'                                                                                                                                                          ;
+--------+-----------+-------------------------------------------------------------------------------------------------------+--------------+-------------+--------------+------------+------------+
; Slack  ; From Node ; To Node                                                                                               ; Launch Clock ; Latch Clock ; Relationship ; Clock Skew ; Data Delay ;
+--------+-----------+-------------------------------------------------------------------------------------------------------+--------------+-------------+--------------+------------+------------+
; -0.512 ; rstn      ; can_top:u_can_top|can_level_packet:u_can_level_packet|can_level_bit:u_can_level_bit|adjust_c_PBS1[8]  ; CLK50M       ; CLK50M      ; 1.000        ; -0.066     ; 1.433      ;
; -0.512 ; rstn      ; can_top:u_can_top|can_level_packet:u_can_level_packet|can_level_bit:u_can_level_bit|adjust_c_PBS1[9]  ; CLK50M       ; CLK50M      ; 1.000        ; -0.066     ; 1.433      ;
; -0.512 ; rstn      ; can_top:u_can_top|can_level_packet:u_can_level_packet|can_level_bit:u_can_level_bit|adjust_c_PBS1[10] ; CLK50M       ; CLK50M      ; 1.000        ; -0.066     ; 1.433      ;
; -0.512 ; rstn      ; can_top:u_can_top|can_level_packet:u_can_level_packet|can_level_bit:u_can_level_bit|adjust_c_PBS1[11] ; CLK50M       ; CLK50M      ; 1.000        ; -0.066     ; 1.433      ;
; -0.512 ; rstn      ; can_top:u_can_top|can_level_packet:u_can_level_packet|can_level_bit:u_can_level_bit|adjust_c_PBS1[12] ; CLK50M       ; CLK50M      ; 1.000        ; -0.066     ; 1.433      ;
; -0.512 ; rstn      ; can_top:u_can_top|can_level_packet:u_can_level_packet|can_level_bit:u_can_level_bit|adjust_c_PBS1[13] ; CLK50M       ; CLK50M      ; 1.000        ; -0.066     ; 1.433      ;
; -0.512 ; rstn      ; can_top:u_can_top|can_level_packet:u_can_level_packet|can_level_bit:u_can_level_bit|adjust_c_PBS1[14] ; CLK50M       ; CLK50M      ; 1.000        ; -0.066     ; 1.433      ;
; -0.512 ; rstn      ; can_top:u_can_top|can_level_packet:u_can_level_packet|can_level_bit:u_can_level_bit|adjust_c_PBS1[15] ; CLK50M       ; CLK50M      ; 1.000        ; -0.066     ; 1.433      ;
; -0.512 ; rstn      ; can_top:u_can_top|can_level_packet:u_can_level_packet|can_level_bit:u_can_level_bit|adjust_c_PBS1[16] ; CLK50M       ; CLK50M      ; 1.000        ; -0.066     ; 1.433      ;
; -0.512 ; rstn      ; can_top:u_can_top|can_level_packet:u_can_level_packet|can_level_bit:u_can_level_bit|stat.STAT_PBS1    ; CLK50M       ; CLK50M      ; 1.000        ; -0.067     ; 1.432      ;
; -0.512 ; rstn      ; can_top:u_can_top|can_level_packet:u_can_level_packet|can_level_bit:u_can_level_bit|cnt[11]           ; CLK50M       ; CLK50M      ; 1.000        ; -0.066     ; 1.433      ;
; -0.504 ; rstn      ; can_top:u_can_top|can_level_packet:u_can_level_packet|tx_shift[61]                                    ; CLK50M       ; CLK50M      ; 1.000        ; -0.051     ; 1.440      ;
; -0.504 ; rstn      ; can_top:u_can_top|can_level_packet:u_can_level_packet|tx_shift[60]                                    ; CLK50M       ; CLK50M      ; 1.000        ; -0.051     ; 1.440      ;
; -0.504 ; rstn      ; can_top:u_can_top|can_level_packet:u_can_level_packet|tx_shift[59]                                    ; CLK50M       ; CLK50M      ; 1.000        ; -0.051     ; 1.440      ;
; -0.504 ; rstn      ; can_top:u_can_top|can_level_packet:u_can_level_packet|tx_shift[58]                                    ; CLK50M       ; CLK50M      ; 1.000        ; -0.051     ; 1.440      ;
; -0.504 ; rstn      ; can_top:u_can_top|can_level_packet:u_can_level_packet|tx_shift[57]                                    ; CLK50M       ; CLK50M      ; 1.000        ; -0.051     ; 1.440      ;
; -0.504 ; rstn      ; can_top:u_can_top|can_level_packet:u_can_level_packet|tx_shift[56]                                    ; CLK50M       ; CLK50M      ; 1.000        ; -0.051     ; 1.440      ;
; -0.504 ; rstn      ; can_top:u_can_top|can_level_packet:u_can_level_packet|tx_shift[55]                                    ; CLK50M       ; CLK50M      ; 1.000        ; -0.051     ; 1.440      ;
; -0.504 ; rstn      ; can_top:u_can_top|can_level_packet:u_can_level_packet|tx_shift[54]                                    ; CLK50M       ; CLK50M      ; 1.000        ; -0.051     ; 1.440      ;
; -0.504 ; rstn      ; can_top:u_can_top|can_level_packet:u_can_level_packet|tx_shift[53]                                    ; CLK50M       ; CLK50M      ; 1.000        ; -0.051     ; 1.440      ;
; -0.504 ; rstn      ; can_top:u_can_top|can_level_packet:u_can_level_packet|tx_shift[52]                                    ; CLK50M       ; CLK50M      ; 1.000        ; -0.051     ; 1.440      ;
; -0.504 ; rstn      ; can_top:u_can_top|can_level_packet:u_can_level_packet|tx_shift[51]                                    ; CLK50M       ; CLK50M      ; 1.000        ; -0.051     ; 1.440      ;
; -0.504 ; rstn      ; can_top:u_can_top|can_level_packet:u_can_level_packet|tx_shift[50]                                    ; CLK50M       ; CLK50M      ; 1.000        ; -0.051     ; 1.440      ;
; -0.504 ; rstn      ; can_top:u_can_top|can_level_packet:u_can_level_packet|tx_shift[49]                                    ; CLK50M       ; CLK50M      ; 1.000        ; -0.051     ; 1.440      ;
; -0.504 ; rstn      ; can_top:u_can_top|can_level_packet:u_can_level_packet|tx_shift[48]                                    ; CLK50M       ; CLK50M      ; 1.000        ; -0.051     ; 1.440      ;
; -0.504 ; rstn      ; can_top:u_can_top|can_level_packet:u_can_level_packet|tx_shift[47]                                    ; CLK50M       ; CLK50M      ; 1.000        ; -0.051     ; 1.440      ;
; -0.504 ; rstn      ; can_top:u_can_top|can_level_packet:u_can_level_packet|tx_shift[46]                                    ; CLK50M       ; CLK50M      ; 1.000        ; -0.051     ; 1.440      ;
; -0.503 ; rstn      ; can_top:u_can_top|can_level_packet:u_can_level_packet|tx_shift[63]                                    ; CLK50M       ; CLK50M      ; 1.000        ; -0.050     ; 1.440      ;
; -0.497 ; rstn      ; uart_tx:u_uart_tx|o_uart_tx                                                                           ; CLK50M       ; CLK50M      ; 1.000        ; -0.039     ; 1.445      ;
; -0.497 ; rstn      ; uart_tx:u_uart_tx|txbits[0]                                                                           ; CLK50M       ; CLK50M      ; 1.000        ; -0.040     ; 1.444      ;
; -0.497 ; rstn      ; uart_tx:u_uart_tx|txbits[1]                                                                           ; CLK50M       ; CLK50M      ; 1.000        ; -0.040     ; 1.444      ;
; -0.497 ; rstn      ; uart_tx:u_uart_tx|txbits[2]                                                                           ; CLK50M       ; CLK50M      ; 1.000        ; -0.040     ; 1.444      ;
; -0.497 ; rstn      ; uart_tx:u_uart_tx|txbits[3]                                                                           ; CLK50M       ; CLK50M      ; 1.000        ; -0.040     ; 1.444      ;
; -0.497 ; rstn      ; uart_tx:u_uart_tx|txbits[4]                                                                           ; CLK50M       ; CLK50M      ; 1.000        ; -0.040     ; 1.444      ;
; -0.497 ; rstn      ; uart_tx:u_uart_tx|txbits[5]                                                                           ; CLK50M       ; CLK50M      ; 1.000        ; -0.040     ; 1.444      ;
; -0.497 ; rstn      ; uart_tx:u_uart_tx|txbits[6]                                                                           ; CLK50M       ; CLK50M      ; 1.000        ; -0.040     ; 1.444      ;
; -0.497 ; rstn      ; uart_tx:u_uart_tx|txbits[7]                                                                           ; CLK50M       ; CLK50M      ; 1.000        ; -0.040     ; 1.444      ;
; -0.497 ; rstn      ; uart_tx:u_uart_tx|txbits[8]                                                                           ; CLK50M       ; CLK50M      ; 1.000        ; -0.040     ; 1.444      ;
; -0.497 ; rstn      ; uart_tx:u_uart_tx|txbits[9]                                                                           ; CLK50M       ; CLK50M      ; 1.000        ; -0.040     ; 1.444      ;
; -0.497 ; rstn      ; uart_tx:u_uart_tx|data[7]                                                                             ; CLK50M       ; CLK50M      ; 1.000        ; -0.040     ; 1.444      ;
; -0.497 ; rstn      ; uart_tx:u_uart_tx|data[6]                                                                             ; CLK50M       ; CLK50M      ; 1.000        ; -0.040     ; 1.444      ;
; -0.497 ; rstn      ; uart_tx:u_uart_tx|data[5]                                                                             ; CLK50M       ; CLK50M      ; 1.000        ; -0.040     ; 1.444      ;
; -0.497 ; rstn      ; uart_tx:u_uart_tx|data[4]                                                                             ; CLK50M       ; CLK50M      ; 1.000        ; -0.040     ; 1.444      ;
; -0.497 ; rstn      ; uart_tx:u_uart_tx|data[3]                                                                             ; CLK50M       ; CLK50M      ; 1.000        ; -0.040     ; 1.444      ;
; -0.497 ; rstn      ; uart_tx:u_uart_tx|data[2]                                                                             ; CLK50M       ; CLK50M      ; 1.000        ; -0.040     ; 1.444      ;
; -0.497 ; rstn      ; uart_tx:u_uart_tx|data[1]                                                                             ; CLK50M       ; CLK50M      ; 1.000        ; -0.040     ; 1.444      ;
; -0.497 ; rstn      ; uart_tx:u_uart_tx|data[0]                                                                             ; CLK50M       ; CLK50M      ; 1.000        ; -0.040     ; 1.444      ;
; -0.497 ; rstn      ; can_top:u_can_top|r_data[48]                                                                          ; CLK50M       ; CLK50M      ; 1.000        ; -0.051     ; 1.433      ;
; -0.497 ; rstn      ; can_top:u_can_top|r_data[16]                                                                          ; CLK50M       ; CLK50M      ; 1.000        ; -0.050     ; 1.434      ;
; -0.497 ; rstn      ; can_top:u_can_top|r_data[8]                                                                           ; CLK50M       ; CLK50M      ; 1.000        ; -0.050     ; 1.434      ;
; -0.497 ; rstn      ; can_top:u_can_top|r_data[17]                                                                          ; CLK50M       ; CLK50M      ; 1.000        ; -0.050     ; 1.434      ;
; -0.497 ; rstn      ; can_top:u_can_top|r_data[9]                                                                           ; CLK50M       ; CLK50M      ; 1.000        ; -0.050     ; 1.434      ;
; -0.497 ; rstn      ; can_top:u_can_top|r_data[50]                                                                          ; CLK50M       ; CLK50M      ; 1.000        ; -0.051     ; 1.433      ;
; -0.497 ; rstn      ; can_top:u_can_top|r_data[18]                                                                          ; CLK50M       ; CLK50M      ; 1.000        ; -0.050     ; 1.434      ;
; -0.497 ; rstn      ; can_top:u_can_top|r_data[10]                                                                          ; CLK50M       ; CLK50M      ; 1.000        ; -0.050     ; 1.434      ;
; -0.497 ; rstn      ; can_top:u_can_top|r_data[51]                                                                          ; CLK50M       ; CLK50M      ; 1.000        ; -0.051     ; 1.433      ;
; -0.497 ; rstn      ; can_top:u_can_top|r_data[27]                                                                          ; CLK50M       ; CLK50M      ; 1.000        ; -0.050     ; 1.434      ;
; -0.497 ; rstn      ; can_top:u_can_top|r_data[44]                                                                          ; CLK50M       ; CLK50M      ; 1.000        ; -0.051     ; 1.433      ;
; -0.497 ; rstn      ; can_top:u_can_top|r_data[28]                                                                          ; CLK50M       ; CLK50M      ; 1.000        ; -0.050     ; 1.434      ;
; -0.497 ; rstn      ; can_top:u_can_top|r_data[45]                                                                          ; CLK50M       ; CLK50M      ; 1.000        ; -0.051     ; 1.433      ;
; -0.497 ; rstn      ; can_top:u_can_top|r_data[62]                                                                          ; CLK50M       ; CLK50M      ; 1.000        ; -0.051     ; 1.433      ;
; -0.497 ; rstn      ; can_top:u_can_top|r_data[54]                                                                          ; CLK50M       ; CLK50M      ; 1.000        ; -0.051     ; 1.433      ;
; -0.497 ; rstn      ; can_top:u_can_top|r_data[46]                                                                          ; CLK50M       ; CLK50M      ; 1.000        ; -0.051     ; 1.433      ;
; -0.497 ; rstn      ; can_top:u_can_top|r_data[30]                                                                          ; CLK50M       ; CLK50M      ; 1.000        ; -0.050     ; 1.434      ;
; -0.497 ; rstn      ; can_top:u_can_top|r_data[14]                                                                          ; CLK50M       ; CLK50M      ; 1.000        ; -0.050     ; 1.434      ;
; -0.497 ; rstn      ; can_top:u_can_top|can_level_packet:u_can_level_packet|rx_data[62]                                     ; CLK50M       ; CLK50M      ; 1.000        ; -0.051     ; 1.433      ;
; -0.497 ; rstn      ; can_top:u_can_top|can_level_packet:u_can_level_packet|rx_data[56]                                     ; CLK50M       ; CLK50M      ; 1.000        ; -0.051     ; 1.433      ;
; -0.497 ; rstn      ; can_top:u_can_top|r_data[15]                                                                          ; CLK50M       ; CLK50M      ; 1.000        ; -0.050     ; 1.434      ;
; -0.497 ; rstn      ; can_top:u_can_top|can_level_packet:u_can_level_packet|rx_data[55]                                     ; CLK50M       ; CLK50M      ; 1.000        ; -0.051     ; 1.433      ;
; -0.497 ; rstn      ; can_top:u_can_top|can_level_packet:u_can_level_packet|rx_data[52]                                     ; CLK50M       ; CLK50M      ; 1.000        ; -0.051     ; 1.433      ;
; -0.497 ; rstn      ; can_top:u_can_top|can_level_packet:u_can_level_packet|rx_data[51]                                     ; CLK50M       ; CLK50M      ; 1.000        ; -0.051     ; 1.433      ;
; -0.497 ; rstn      ; can_top:u_can_top|can_level_packet:u_can_level_packet|rx_data[50]                                     ; CLK50M       ; CLK50M      ; 1.000        ; -0.051     ; 1.433      ;
; -0.497 ; rstn      ; can_top:u_can_top|can_level_packet:u_can_level_packet|rx_data[49]                                     ; CLK50M       ; CLK50M      ; 1.000        ; -0.051     ; 1.433      ;
; -0.497 ; rstn      ; can_top:u_can_top|can_level_packet:u_can_level_packet|rx_data[48]                                     ; CLK50M       ; CLK50M      ; 1.000        ; -0.050     ; 1.434      ;
; -0.497 ; rstn      ; can_top:u_can_top|can_level_packet:u_can_level_packet|rx_data[47]                                     ; CLK50M       ; CLK50M      ; 1.000        ; -0.050     ; 1.434      ;
; -0.497 ; rstn      ; can_top:u_can_top|can_level_packet:u_can_level_packet|rx_data[46]                                     ; CLK50M       ; CLK50M      ; 1.000        ; -0.050     ; 1.434      ;
; -0.497 ; rstn      ; can_top:u_can_top|can_level_packet:u_can_level_packet|rx_data[45]                                     ; CLK50M       ; CLK50M      ; 1.000        ; -0.051     ; 1.433      ;
; -0.497 ; rstn      ; can_top:u_can_top|can_level_packet:u_can_level_packet|rx_data[19]                                     ; CLK50M       ; CLK50M      ; 1.000        ; -0.050     ; 1.434      ;
; -0.497 ; rstn      ; can_top:u_can_top|can_level_packet:u_can_level_packet|rx_data[18]                                     ; CLK50M       ; CLK50M      ; 1.000        ; -0.050     ; 1.434      ;
; -0.497 ; rstn      ; can_top:u_can_top|can_level_packet:u_can_level_packet|rx_data[17]                                     ; CLK50M       ; CLK50M      ; 1.000        ; -0.050     ; 1.434      ;
; -0.497 ; rstn      ; can_top:u_can_top|can_level_packet:u_can_level_packet|rx_data[16]                                     ; CLK50M       ; CLK50M      ; 1.000        ; -0.050     ; 1.434      ;
; -0.497 ; rstn      ; can_top:u_can_top|can_level_packet:u_can_level_packet|rx_data[15]                                     ; CLK50M       ; CLK50M      ; 1.000        ; -0.050     ; 1.434      ;
; -0.497 ; rstn      ; can_top:u_can_top|can_level_packet:u_can_level_packet|rx_data[4]                                      ; CLK50M       ; CLK50M      ; 1.000        ; -0.050     ; 1.434      ;
; -0.497 ; rstn      ; can_top:u_can_top|can_level_packet:u_can_level_packet|rx_data[3]                                      ; CLK50M       ; CLK50M      ; 1.000        ; -0.050     ; 1.434      ;
; -0.497 ; rstn      ; can_top:u_can_top|r_data[2]                                                                           ; CLK50M       ; CLK50M      ; 1.000        ; -0.050     ; 1.434      ;
; -0.497 ; rstn      ; can_top:u_can_top|can_level_packet:u_can_level_packet|rx_data[2]                                      ; CLK50M       ; CLK50M      ; 1.000        ; -0.050     ; 1.434      ;
; -0.497 ; rstn      ; can_top:u_can_top|r_data[1]                                                                           ; CLK50M       ; CLK50M      ; 1.000        ; -0.050     ; 1.434      ;
; -0.497 ; rstn      ; can_top:u_can_top|can_level_packet:u_can_level_packet|rx_data[1]                                      ; CLK50M       ; CLK50M      ; 1.000        ; -0.050     ; 1.434      ;
; -0.497 ; rstn      ; can_top:u_can_top|r_data[0]                                                                           ; CLK50M       ; CLK50M      ; 1.000        ; -0.050     ; 1.434      ;
; -0.497 ; rstn      ; can_top:u_can_top|can_level_packet:u_can_level_packet|rx_data[0]                                      ; CLK50M       ; CLK50M      ; 1.000        ; -0.050     ; 1.434      ;
; -0.497 ; rstn      ; can_top:u_can_top|can_level_packet:u_can_level_packet|stat.RX_IDE_BIT                                 ; CLK50M       ; CLK50M      ; 1.000        ; -0.050     ; 1.434      ;
; -0.497 ; rstn      ; can_top:u_can_top|can_level_packet:u_can_level_packet|stat.TX_PAYLOAD                                 ; CLK50M       ; CLK50M      ; 1.000        ; -0.050     ; 1.434      ;
; -0.497 ; rstn      ; can_top:u_can_top|can_level_packet:u_can_level_packet|stat.IDLE                                       ; CLK50M       ; CLK50M      ; 1.000        ; -0.050     ; 1.434      ;
; -0.497 ; rstn      ; can_top:u_can_top|can_level_packet:u_can_level_packet|stat.RX_ACK                                     ; CLK50M       ; CLK50M      ; 1.000        ; -0.050     ; 1.434      ;
; -0.497 ; rstn      ; can_top:u_can_top|can_level_packet:u_can_level_packet|stat.RX_RESV1_BIT                               ; CLK50M       ; CLK50M      ; 1.000        ; -0.050     ; 1.434      ;
; -0.497 ; rstn      ; can_top:u_can_top|can_level_packet:u_can_level_packet|stat.RX_ID_EXTEND                               ; CLK50M       ; CLK50M      ; 1.000        ; -0.050     ; 1.434      ;
; -0.497 ; rstn      ; can_top:u_can_top|can_level_packet:u_can_level_packet|rx_ide                                          ; CLK50M       ; CLK50M      ; 1.000        ; -0.050     ; 1.434      ;
; -0.497 ; rstn      ; can_top:u_can_top|can_level_packet:u_can_level_packet|rx_crc[5]                                       ; CLK50M       ; CLK50M      ; 1.000        ; -0.049     ; 1.435      ;
; -0.497 ; rstn      ; can_top:u_can_top|can_level_packet:u_can_level_packet|rx_crc[4]                                       ; CLK50M       ; CLK50M      ; 1.000        ; -0.049     ; 1.435      ;
; -0.497 ; rstn      ; can_top:u_can_top|can_level_packet:u_can_level_packet|rx_crc[14]                                      ; CLK50M       ; CLK50M      ; 1.000        ; -0.049     ; 1.435      ;
+--------+-----------+-------------------------------------------------------------------------------------------------------+--------------+-------------+--------------+------------+------------+


+-------------------------------------------------------------------------------------------------------------------------------------------------------------------------------------------+
; Fast 1200mV 0C Model Removal: 'CLK50M'                                                                                                                                                    ;
+-------+-----------+-------------------------------------------------------------------------------------------------+--------------+-------------+--------------+------------+------------+
; Slack ; From Node ; To Node                                                                                         ; Launch Clock ; Latch Clock ; Relationship ; Clock Skew ; Data Delay ;
+-------+-----------+-------------------------------------------------------------------------------------------------+--------------+-------------+--------------+------------+------------+
; 1.014 ; rstn      ; can_top:u_can_top|wptr[10]                                                                      ; CLK50M       ; CLK50M      ; 0.000        ; 0.232      ; 1.330      ;
; 1.014 ; rstn      ; can_top:u_can_top|wptr[9]                                                                       ; CLK50M       ; CLK50M      ; 0.000        ; 0.232      ; 1.330      ;
; 1.014 ; rstn      ; can_top:u_can_top|wptr[1]                                                                       ; CLK50M       ; CLK50M      ; 0.000        ; 0.232      ; 1.330      ;
; 1.014 ; rstn      ; can_top:u_can_top|wptr[5]                                                                       ; CLK50M       ; CLK50M      ; 0.000        ; 0.232      ; 1.330      ;
; 1.014 ; rstn      ; can_top:u_can_top|wptr[2]                                                                       ; CLK50M       ; CLK50M      ; 0.000        ; 0.232      ; 1.330      ;
; 1.014 ; rstn      ; can_top:u_can_top|wptr[3]                                                                       ; CLK50M       ; CLK50M      ; 0.000        ; 0.232      ; 1.330      ;
; 1.014 ; rstn      ; can_top:u_can_top|wptr[4]                                                                       ; CLK50M       ; CLK50M      ; 0.000        ; 0.232      ; 1.330      ;
; 1.014 ; rstn      ; can_top:u_can_top|wptr[7]                                                                       ; CLK50M       ; CLK50M      ; 0.000        ; 0.232      ; 1.330      ;
; 1.014 ; rstn      ; can_top:u_can_top|wptr[6]                                                                       ; CLK50M       ; CLK50M      ; 0.000        ; 0.232      ; 1.330      ;
; 1.014 ; rstn      ; can_top:u_can_top|wptr[8]                                                                       ; CLK50M       ; CLK50M      ; 0.000        ; 0.232      ; 1.330      ;
; 1.019 ; rstn      ; can_top:u_can_top|can_level_packet:u_can_level_packet|can_level_bit:u_can_level_bit|cnt[8]      ; CLK50M       ; CLK50M      ; 0.000        ; 0.222      ; 1.325      ;
; 1.019 ; rstn      ; can_top:u_can_top|can_level_packet:u_can_level_packet|can_level_bit:u_can_level_bit|rx_buf      ; CLK50M       ; CLK50M      ; 0.000        ; 0.222      ; 1.325      ;
; 1.019 ; rstn      ; can_top:u_can_top|can_level_packet:u_can_level_packet|can_level_bit:u_can_level_bit|rx_fall     ; CLK50M       ; CLK50M      ; 0.000        ; 0.222      ; 1.325      ;
; 1.019 ; rstn      ; can_top:u_can_top|can_level_packet:u_can_level_packet|can_level_bit:u_can_level_bit|cnt_high[0] ; CLK50M       ; CLK50M      ; 0.000        ; 0.222      ; 1.325      ;
; 1.020 ; rstn      ; can_top:u_can_top|can_level_packet:u_can_level_packet|rx_id[17]                                 ; CLK50M       ; CLK50M      ; 0.000        ; 0.220      ; 1.324      ;
; 1.020 ; rstn      ; can_top:u_can_top|can_level_packet:u_can_level_packet|rx_id[1]                                  ; CLK50M       ; CLK50M      ; 0.000        ; 0.220      ; 1.324      ;
; 1.020 ; rstn      ; can_top:u_can_top|can_level_packet:u_can_level_packet|rx_id[0]                                  ; CLK50M       ; CLK50M      ; 0.000        ; 0.220      ; 1.324      ;
; 1.020 ; rstn      ; can_top:u_can_top|can_level_packet:u_can_level_packet|tx_shift[81]                              ; CLK50M       ; CLK50M      ; 0.000        ; 0.219      ; 1.323      ;
; 1.020 ; rstn      ; can_top:u_can_top|can_level_packet:u_can_level_packet|tx_shift[80]                              ; CLK50M       ; CLK50M      ; 0.000        ; 0.219      ; 1.323      ;
; 1.020 ; rstn      ; can_top:u_can_top|can_level_packet:u_can_level_packet|tx_shift[79]                              ; CLK50M       ; CLK50M      ; 0.000        ; 0.219      ; 1.323      ;
; 1.020 ; rstn      ; can_top:u_can_top|can_level_packet:u_can_level_packet|tx_shift[78]                              ; CLK50M       ; CLK50M      ; 0.000        ; 0.219      ; 1.323      ;
; 1.020 ; rstn      ; can_top:u_can_top|can_level_packet:u_can_level_packet|tx_shift[77]                              ; CLK50M       ; CLK50M      ; 0.000        ; 0.219      ; 1.323      ;
; 1.020 ; rstn      ; can_top:u_can_top|can_level_packet:u_can_level_packet|tx_shift[76]                              ; CLK50M       ; CLK50M      ; 0.000        ; 0.219      ; 1.323      ;
; 1.020 ; rstn      ; can_top:u_can_top|can_level_packet:u_can_level_packet|tx_shift[71]                              ; CLK50M       ; CLK50M      ; 0.000        ; 0.219      ; 1.323      ;
; 1.020 ; rstn      ; can_top:u_can_top|can_level_packet:u_can_level_packet|tx_shift[70]                              ; CLK50M       ; CLK50M      ; 0.000        ; 0.219      ; 1.323      ;
; 1.020 ; rstn      ; can_top:u_can_top|can_level_packet:u_can_level_packet|tx_crc[14]                                ; CLK50M       ; CLK50M      ; 0.000        ; 0.219      ; 1.323      ;
; 1.020 ; rstn      ; can_top:u_can_top|can_level_packet:u_can_level_packet|tx_crc[13]                                ; CLK50M       ; CLK50M      ; 0.000        ; 0.219      ; 1.323      ;
; 1.020 ; rstn      ; can_top:u_can_top|can_level_packet:u_can_level_packet|tx_crc[12]                                ; CLK50M       ; CLK50M      ; 0.000        ; 0.219      ; 1.323      ;
; 1.020 ; rstn      ; can_top:u_can_top|can_level_packet:u_can_level_packet|tx_crc[11]                                ; CLK50M       ; CLK50M      ; 0.000        ; 0.219      ; 1.323      ;
; 1.020 ; rstn      ; can_top:u_can_top|can_level_packet:u_can_level_packet|tx_crc[10]                                ; CLK50M       ; CLK50M      ; 0.000        ; 0.219      ; 1.323      ;
; 1.020 ; rstn      ; can_top:u_can_top|can_level_packet:u_can_level_packet|tx_crc[9]                                 ; CLK50M       ; CLK50M      ; 0.000        ; 0.219      ; 1.323      ;
; 1.020 ; rstn      ; can_top:u_can_top|can_level_packet:u_can_level_packet|tx_crc[8]                                 ; CLK50M       ; CLK50M      ; 0.000        ; 0.219      ; 1.323      ;
; 1.020 ; rstn      ; can_top:u_can_top|can_level_packet:u_can_level_packet|tx_crc[5]                                 ; CLK50M       ; CLK50M      ; 0.000        ; 0.219      ; 1.323      ;
; 1.020 ; rstn      ; can_top:u_can_top|can_level_packet:u_can_level_packet|tx_crc[3]                                 ; CLK50M       ; CLK50M      ; 0.000        ; 0.219      ; 1.323      ;
; 1.020 ; rstn      ; can_top:u_can_top|can_level_packet:u_can_level_packet|tx_shift[64]                              ; CLK50M       ; CLK50M      ; 0.000        ; 0.219      ; 1.323      ;
; 1.020 ; rstn      ; can_top:u_can_top|can_level_packet:u_can_level_packet|tx_shift[29]                              ; CLK50M       ; CLK50M      ; 0.000        ; 0.222      ; 1.326      ;
; 1.020 ; rstn      ; can_top:u_can_top|can_level_packet:u_can_level_packet|tx_shift[28]                              ; CLK50M       ; CLK50M      ; 0.000        ; 0.222      ; 1.326      ;
; 1.020 ; rstn      ; can_top:u_can_top|can_level_packet:u_can_level_packet|tx_shift[27]                              ; CLK50M       ; CLK50M      ; 0.000        ; 0.222      ; 1.326      ;
; 1.020 ; rstn      ; can_top:u_can_top|can_level_packet:u_can_level_packet|tx_shift[26]                              ; CLK50M       ; CLK50M      ; 0.000        ; 0.222      ; 1.326      ;
; 1.020 ; rstn      ; can_top:u_can_top|can_level_packet:u_can_level_packet|tx_shift[25]                              ; CLK50M       ; CLK50M      ; 0.000        ; 0.222      ; 1.326      ;
; 1.020 ; rstn      ; can_top:u_can_top|can_level_packet:u_can_level_packet|tx_shift[24]                              ; CLK50M       ; CLK50M      ; 0.000        ; 0.222      ; 1.326      ;
; 1.020 ; rstn      ; can_top:u_can_top|can_level_packet:u_can_level_packet|tx_shift[23]                              ; CLK50M       ; CLK50M      ; 0.000        ; 0.222      ; 1.326      ;
; 1.020 ; rstn      ; can_top:u_can_top|can_level_packet:u_can_level_packet|tx_shift[22]                              ; CLK50M       ; CLK50M      ; 0.000        ; 0.222      ; 1.326      ;
; 1.020 ; rstn      ; can_top:u_can_top|can_level_packet:u_can_level_packet|tx_shift[21]                              ; CLK50M       ; CLK50M      ; 0.000        ; 0.222      ; 1.326      ;
; 1.020 ; rstn      ; can_top:u_can_top|can_level_packet:u_can_level_packet|tx_shift[20]                              ; CLK50M       ; CLK50M      ; 0.000        ; 0.222      ; 1.326      ;
; 1.020 ; rstn      ; can_top:u_can_top|can_level_packet:u_can_level_packet|tx_shift[19]                              ; CLK50M       ; CLK50M      ; 0.000        ; 0.222      ; 1.326      ;
; 1.020 ; rstn      ; can_top:u_can_top|can_level_packet:u_can_level_packet|tx_shift[18]                              ; CLK50M       ; CLK50M      ; 0.000        ; 0.222      ; 1.326      ;
; 1.020 ; rstn      ; can_top:u_can_top|can_level_packet:u_can_level_packet|tx_shift[17]                              ; CLK50M       ; CLK50M      ; 0.000        ; 0.222      ; 1.326      ;
; 1.020 ; rstn      ; can_top:u_can_top|can_level_packet:u_can_level_packet|tx_shift[16]                              ; CLK50M       ; CLK50M      ; 0.000        ; 0.222      ; 1.326      ;
; 1.020 ; rstn      ; can_top:u_can_top|can_level_packet:u_can_level_packet|tx_shift[15]                              ; CLK50M       ; CLK50M      ; 0.000        ; 0.222      ; 1.326      ;
; 1.020 ; rstn      ; can_top:u_can_top|pkt_tx_data[28]                                                               ; CLK50M       ; CLK50M      ; 0.000        ; 0.221      ; 1.325      ;
; 1.020 ; rstn      ; can_top:u_can_top|pkt_tx_data[27]                                                               ; CLK50M       ; CLK50M      ; 0.000        ; 0.221      ; 1.325      ;
; 1.020 ; rstn      ; can_top:u_can_top|pkt_tx_data[26]                                                               ; CLK50M       ; CLK50M      ; 0.000        ; 0.221      ; 1.325      ;
; 1.020 ; rstn      ; can_top:u_can_top|pkt_tx_data[24]                                                               ; CLK50M       ; CLK50M      ; 0.000        ; 0.221      ; 1.325      ;
; 1.020 ; rstn      ; can_top:u_can_top|pkt_tx_data[22]                                                               ; CLK50M       ; CLK50M      ; 0.000        ; 0.221      ; 1.325      ;
; 1.020 ; rstn      ; can_top:u_can_top|pkt_tx_data[20]                                                               ; CLK50M       ; CLK50M      ; 0.000        ; 0.222      ; 1.326      ;
; 1.020 ; rstn      ; can_top:u_can_top|pkt_tx_data[17]                                                               ; CLK50M       ; CLK50M      ; 0.000        ; 0.222      ; 1.326      ;
; 1.020 ; rstn      ; can_top:u_can_top|pkt_tx_data[12]                                                               ; CLK50M       ; CLK50M      ; 0.000        ; 0.220      ; 1.324      ;
; 1.020 ; rstn      ; can_top:u_can_top|pkt_tx_data[11]                                                               ; CLK50M       ; CLK50M      ; 0.000        ; 0.220      ; 1.324      ;
; 1.020 ; rstn      ; can_top:u_can_top|pkt_tx_data[8]                                                                ; CLK50M       ; CLK50M      ; 0.000        ; 0.222      ; 1.326      ;
; 1.020 ; rstn      ; can_top:u_can_top|pkt_tx_data[7]                                                                ; CLK50M       ; CLK50M      ; 0.000        ; 0.221      ; 1.325      ;
; 1.020 ; rstn      ; can_top:u_can_top|pkt_tx_data[5]                                                                ; CLK50M       ; CLK50M      ; 0.000        ; 0.220      ; 1.324      ;
; 1.020 ; rstn      ; can_top:u_can_top|pkt_tx_data[9]                                                                ; CLK50M       ; CLK50M      ; 0.000        ; 0.220      ; 1.324      ;
; 1.020 ; rstn      ; can_top:u_can_top|pkt_tx_data[10]                                                               ; CLK50M       ; CLK50M      ; 0.000        ; 0.220      ; 1.324      ;
; 1.020 ; rstn      ; can_top:u_can_top|pkt_tx_data[13]                                                               ; CLK50M       ; CLK50M      ; 0.000        ; 0.220      ; 1.324      ;
; 1.020 ; rstn      ; can_top:u_can_top|pkt_tx_data[14]                                                               ; CLK50M       ; CLK50M      ; 0.000        ; 0.220      ; 1.324      ;
; 1.020 ; rstn      ; can_top:u_can_top|pkt_tx_data[15]                                                               ; CLK50M       ; CLK50M      ; 0.000        ; 0.222      ; 1.326      ;
; 1.020 ; rstn      ; can_top:u_can_top|pkt_tx_data[16]                                                               ; CLK50M       ; CLK50M      ; 0.000        ; 0.222      ; 1.326      ;
; 1.020 ; rstn      ; can_top:u_can_top|pkt_tx_data[18]                                                               ; CLK50M       ; CLK50M      ; 0.000        ; 0.222      ; 1.326      ;
; 1.020 ; rstn      ; can_top:u_can_top|pkt_tx_data[19]                                                               ; CLK50M       ; CLK50M      ; 0.000        ; 0.222      ; 1.326      ;
; 1.020 ; rstn      ; can_top:u_can_top|pkt_tx_data[21]                                                               ; CLK50M       ; CLK50M      ; 0.000        ; 0.222      ; 1.326      ;
; 1.020 ; rstn      ; can_top:u_can_top|pkt_tx_data[23]                                                               ; CLK50M       ; CLK50M      ; 0.000        ; 0.221      ; 1.325      ;
; 1.020 ; rstn      ; can_top:u_can_top|pkt_tx_data[25]                                                               ; CLK50M       ; CLK50M      ; 0.000        ; 0.221      ; 1.325      ;
; 1.020 ; rstn      ; can_top:u_can_top|rptr[8]                                                                       ; CLK50M       ; CLK50M      ; 0.000        ; 0.219      ; 1.323      ;
; 1.020 ; rstn      ; can_top:u_can_top|rptr[1]                                                                       ; CLK50M       ; CLK50M      ; 0.000        ; 0.219      ; 1.323      ;
; 1.020 ; rstn      ; can_top:u_can_top|rptr[2]                                                                       ; CLK50M       ; CLK50M      ; 0.000        ; 0.219      ; 1.323      ;
; 1.020 ; rstn      ; can_top:u_can_top|rptr[3]                                                                       ; CLK50M       ; CLK50M      ; 0.000        ; 0.219      ; 1.323      ;
; 1.020 ; rstn      ; can_top:u_can_top|rptr[4]                                                                       ; CLK50M       ; CLK50M      ; 0.000        ; 0.219      ; 1.323      ;
; 1.020 ; rstn      ; can_top:u_can_top|rptr[5]                                                                       ; CLK50M       ; CLK50M      ; 0.000        ; 0.219      ; 1.323      ;
; 1.020 ; rstn      ; can_top:u_can_top|rptr[6]                                                                       ; CLK50M       ; CLK50M      ; 0.000        ; 0.219      ; 1.323      ;
; 1.020 ; rstn      ; can_top:u_can_top|rptr[7]                                                                       ; CLK50M       ; CLK50M      ; 0.000        ; 0.219      ; 1.323      ;
; 1.020 ; rstn      ; can_top:u_can_top|rptr[10]                                                                      ; CLK50M       ; CLK50M      ; 0.000        ; 0.219      ; 1.323      ;
; 1.020 ; rstn      ; can_top:u_can_top|rptr[9]                                                                       ; CLK50M       ; CLK50M      ; 0.000        ; 0.219      ; 1.323      ;
; 1.020 ; rstn      ; can_top:u_can_top|can_level_packet:u_can_level_packet|can_level_bit:u_can_level_bit|rbit        ; CLK50M       ; CLK50M      ; 0.000        ; 0.221      ; 1.325      ;
; 1.021 ; rstn      ; can_top:u_can_top|can_level_packet:u_can_level_packet|tx_crc[0]                                 ; CLK50M       ; CLK50M      ; 0.000        ; 0.218      ; 1.323      ;
; 1.021 ; rstn      ; can_top:u_can_top|can_level_packet:u_can_level_packet|tx_shift[66]                              ; CLK50M       ; CLK50M      ; 0.000        ; 0.218      ; 1.323      ;
; 1.021 ; rstn      ; can_top:u_can_top|can_level_packet:u_can_level_packet|tx_shift[65]                              ; CLK50M       ; CLK50M      ; 0.000        ; 0.218      ; 1.323      ;
; 1.021 ; rstn      ; can_top:u_can_top|can_level_packet:u_can_level_packet|tx_shift[14]                              ; CLK50M       ; CLK50M      ; 0.000        ; 0.219      ; 1.324      ;
; 1.021 ; rstn      ; can_top:u_can_top|can_level_packet:u_can_level_packet|tx_shift[13]                              ; CLK50M       ; CLK50M      ; 0.000        ; 0.219      ; 1.324      ;
; 1.021 ; rstn      ; can_top:u_can_top|can_level_packet:u_can_level_packet|tx_shift[12]                              ; CLK50M       ; CLK50M      ; 0.000        ; 0.219      ; 1.324      ;
; 1.021 ; rstn      ; can_top:u_can_top|can_level_packet:u_can_level_packet|tx_shift[11]                              ; CLK50M       ; CLK50M      ; 0.000        ; 0.219      ; 1.324      ;
; 1.021 ; rstn      ; can_top:u_can_top|can_level_packet:u_can_level_packet|tx_shift[10]                              ; CLK50M       ; CLK50M      ; 0.000        ; 0.219      ; 1.324      ;
; 1.021 ; rstn      ; can_top:u_can_top|can_level_packet:u_can_level_packet|tx_shift[9]                               ; CLK50M       ; CLK50M      ; 0.000        ; 0.219      ; 1.324      ;
; 1.021 ; rstn      ; can_top:u_can_top|can_level_packet:u_can_level_packet|tx_shift[8]                               ; CLK50M       ; CLK50M      ; 0.000        ; 0.219      ; 1.324      ;
; 1.021 ; rstn      ; can_top:u_can_top|can_level_packet:u_can_level_packet|tx_shift[7]                               ; CLK50M       ; CLK50M      ; 0.000        ; 0.219      ; 1.324      ;
; 1.021 ; rstn      ; can_top:u_can_top|can_level_packet:u_can_level_packet|tx_shift[6]                               ; CLK50M       ; CLK50M      ; 0.000        ; 0.219      ; 1.324      ;
; 1.021 ; rstn      ; can_top:u_can_top|can_level_packet:u_can_level_packet|tx_shift[5]                               ; CLK50M       ; CLK50M      ; 0.000        ; 0.219      ; 1.324      ;
; 1.021 ; rstn      ; can_top:u_can_top|can_level_packet:u_can_level_packet|tx_shift[4]                               ; CLK50M       ; CLK50M      ; 0.000        ; 0.219      ; 1.324      ;
; 1.021 ; rstn      ; can_top:u_can_top|can_level_packet:u_can_level_packet|tx_shift[3]                               ; CLK50M       ; CLK50M      ; 0.000        ; 0.219      ; 1.324      ;
; 1.021 ; rstn      ; can_top:u_can_top|can_level_packet:u_can_level_packet|tx_shift[2]                               ; CLK50M       ; CLK50M      ; 0.000        ; 0.219      ; 1.324      ;
+-------+-----------+-------------------------------------------------------------------------------------------------+--------------+-------------+--------------+------------+------------+


+---------------------------------------------------------------------------------------------------------------------------------------------------------------------------------------+
; Fast 1200mV 0C Model Minimum Pulse Width: 'CLK50M'                                                                                                                                    ;
+--------+--------------+----------------+------------+--------+------------+-----------------------------------------------------------------------------------------------------------+
; Slack  ; Actual Width ; Required Width ; Type       ; Clock  ; Clock Edge ; Target                                                                                                    ;
+--------+--------------+----------------+------------+--------+------------+-----------------------------------------------------------------------------------------------------------+
; -3.000 ; 1.000        ; 4.000          ; Port Rate  ; CLK50M ; Rise       ; CLK50M                                                                                                    ;
; -1.000 ; 1.000        ; 2.000          ; Min Period ; CLK50M ; Rise       ; can_top:u_can_top|altsyncram:buffer_rtl_0|altsyncram_c9h1:auto_generated|ram_block1a0~porta_address_reg0  ;
; -1.000 ; 1.000        ; 2.000          ; Min Period ; CLK50M ; Rise       ; can_top:u_can_top|altsyncram:buffer_rtl_0|altsyncram_c9h1:auto_generated|ram_block1a0~porta_datain_reg0   ;
; -1.000 ; 1.000        ; 2.000          ; Min Period ; CLK50M ; Rise       ; can_top:u_can_top|altsyncram:buffer_rtl_0|altsyncram_c9h1:auto_generated|ram_block1a0~porta_we_reg        ;
; -1.000 ; 1.000        ; 2.000          ; Min Period ; CLK50M ; Rise       ; can_top:u_can_top|altsyncram:buffer_rtl_0|altsyncram_c9h1:auto_generated|ram_block1a0~portb_address_reg0  ;
; -1.000 ; 1.000        ; 2.000          ; Min Period ; CLK50M ; Rise       ; can_top:u_can_top|altsyncram:buffer_rtl_0|altsyncram_c9h1:auto_generated|ram_block1a18~porta_address_reg0 ;
; -1.000 ; 1.000        ; 2.000          ; Min Period ; CLK50M ; Rise       ; can_top:u_can_top|altsyncram:buffer_rtl_0|altsyncram_c9h1:auto_generated|ram_block1a18~porta_datain_reg0  ;
; -1.000 ; 1.000        ; 2.000          ; Min Period ; CLK50M ; Rise       ; can_top:u_can_top|altsyncram:buffer_rtl_0|altsyncram_c9h1:auto_generated|ram_block1a18~porta_we_reg       ;
; -1.000 ; 1.000        ; 2.000          ; Min Period ; CLK50M ; Rise       ; can_top:u_can_top|altsyncram:buffer_rtl_0|altsyncram_c9h1:auto_generated|ram_block1a18~portb_address_reg0 ;
; -1.000 ; 1.000        ; 2.000          ; Min Period ; CLK50M ; Rise       ; can_top:u_can_top|altsyncram:buffer_rtl_0|altsyncram_c9h1:auto_generated|ram_block1a27~porta_address_reg0 ;
; -1.000 ; 1.000        ; 2.000          ; Min Period ; CLK50M ; Rise       ; can_top:u_can_top|altsyncram:buffer_rtl_0|altsyncram_c9h1:auto_generated|ram_block1a27~porta_datain_reg0  ;
; -1.000 ; 1.000        ; 2.000          ; Min Period ; CLK50M ; Rise       ; can_top:u_can_top|altsyncram:buffer_rtl_0|altsyncram_c9h1:auto_generated|ram_block1a27~porta_we_reg       ;
; -1.000 ; 1.000        ; 2.000          ; Min Period ; CLK50M ; Rise       ; can_top:u_can_top|altsyncram:buffer_rtl_0|altsyncram_c9h1:auto_generated|ram_block1a27~portb_address_reg0 ;
; -1.000 ; 1.000        ; 2.000          ; Min Period ; CLK50M ; Rise       ; can_top:u_can_top|altsyncram:buffer_rtl_0|altsyncram_c9h1:auto_generated|ram_block1a36~porta_address_reg0 ;
; -1.000 ; 1.000        ; 2.000          ; Min Period ; CLK50M ; Rise       ; can_top:u_can_top|altsyncram:buffer_rtl_0|altsyncram_c9h1:auto_generated|ram_block1a36~porta_datain_reg0  ;
; -1.000 ; 1.000        ; 2.000          ; Min Period ; CLK50M ; Rise       ; can_top:u_can_top|altsyncram:buffer_rtl_0|altsyncram_c9h1:auto_generated|ram_block1a36~porta_we_reg       ;
; -1.000 ; 1.000        ; 2.000          ; Min Period ; CLK50M ; Rise       ; can_top:u_can_top|altsyncram:buffer_rtl_0|altsyncram_c9h1:auto_generated|ram_block1a36~portb_address_reg0 ;
; -1.000 ; 1.000        ; 2.000          ; Min Period ; CLK50M ; Rise       ; can_top:u_can_top|altsyncram:buffer_rtl_0|altsyncram_c9h1:auto_generated|ram_block1a45~porta_address_reg0 ;
; -1.000 ; 1.000        ; 2.000          ; Min Period ; CLK50M ; Rise       ; can_top:u_can_top|altsyncram:buffer_rtl_0|altsyncram_c9h1:auto_generated|ram_block1a45~porta_datain_reg0  ;
; -1.000 ; 1.000        ; 2.000          ; Min Period ; CLK50M ; Rise       ; can_top:u_can_top|altsyncram:buffer_rtl_0|altsyncram_c9h1:auto_generated|ram_block1a45~porta_we_reg       ;
; -1.000 ; 1.000        ; 2.000          ; Min Period ; CLK50M ; Rise       ; can_top:u_can_top|altsyncram:buffer_rtl_0|altsyncram_c9h1:auto_generated|ram_block1a45~portb_address_reg0 ;
; -1.000 ; 1.000        ; 2.000          ; Min Period ; CLK50M ; Rise       ; can_top:u_can_top|altsyncram:buffer_rtl_0|altsyncram_c9h1:auto_generated|ram_block1a54~porta_address_reg0 ;
; -1.000 ; 1.000        ; 2.000          ; Min Period ; CLK50M ; Rise       ; can_top:u_can_top|altsyncram:buffer_rtl_0|altsyncram_c9h1:auto_generated|ram_block1a54~porta_datain_reg0  ;
; -1.000 ; 1.000        ; 2.000          ; Min Period ; CLK50M ; Rise       ; can_top:u_can_top|altsyncram:buffer_rtl_0|altsyncram_c9h1:auto_generated|ram_block1a54~porta_we_reg       ;
; -1.000 ; 1.000        ; 2.000          ; Min Period ; CLK50M ; Rise       ; can_top:u_can_top|altsyncram:buffer_rtl_0|altsyncram_c9h1:auto_generated|ram_block1a54~portb_address_reg0 ;
; -1.000 ; 1.000        ; 2.000          ; Min Period ; CLK50M ; Rise       ; can_top:u_can_top|altsyncram:buffer_rtl_0|altsyncram_c9h1:auto_generated|ram_block1a9~porta_address_reg0  ;
; -1.000 ; 1.000        ; 2.000          ; Min Period ; CLK50M ; Rise       ; can_top:u_can_top|altsyncram:buffer_rtl_0|altsyncram_c9h1:auto_generated|ram_block1a9~porta_datain_reg0   ;
; -1.000 ; 1.000        ; 2.000          ; Min Period ; CLK50M ; Rise       ; can_top:u_can_top|altsyncram:buffer_rtl_0|altsyncram_c9h1:auto_generated|ram_block1a9~porta_we_reg        ;
; -1.000 ; 1.000        ; 2.000          ; Min Period ; CLK50M ; Rise       ; can_top:u_can_top|altsyncram:buffer_rtl_0|altsyncram_c9h1:auto_generated|ram_block1a9~portb_address_reg0  ;
; -1.000 ; 1.000        ; 2.000          ; Min Period ; CLK50M ; Rise       ; can_top:u_can_top|buff_ready                                                                              ;
; -1.000 ; 1.000        ; 2.000          ; Min Period ; CLK50M ; Rise       ; can_top:u_can_top|buff_valid                                                                              ;
; -1.000 ; 1.000        ; 2.000          ; Min Period ; CLK50M ; Rise       ; can_top:u_can_top|can_level_packet:u_can_level_packet|bit_tx                                              ;
; -1.000 ; 1.000        ; 2.000          ; Min Period ; CLK50M ; Rise       ; can_top:u_can_top|can_level_packet:u_can_level_packet|can_level_bit:u_can_level_bit|adjust_c_PBS1[0]      ;
; -1.000 ; 1.000        ; 2.000          ; Min Period ; CLK50M ; Rise       ; can_top:u_can_top|can_level_packet:u_can_level_packet|can_level_bit:u_can_level_bit|adjust_c_PBS1[10]     ;
; -1.000 ; 1.000        ; 2.000          ; Min Period ; CLK50M ; Rise       ; can_top:u_can_top|can_level_packet:u_can_level_packet|can_level_bit:u_can_level_bit|adjust_c_PBS1[11]     ;
; -1.000 ; 1.000        ; 2.000          ; Min Period ; CLK50M ; Rise       ; can_top:u_can_top|can_level_packet:u_can_level_packet|can_level_bit:u_can_level_bit|adjust_c_PBS1[12]     ;
; -1.000 ; 1.000        ; 2.000          ; Min Period ; CLK50M ; Rise       ; can_top:u_can_top|can_level_packet:u_can_level_packet|can_level_bit:u_can_level_bit|adjust_c_PBS1[13]     ;
; -1.000 ; 1.000        ; 2.000          ; Min Period ; CLK50M ; Rise       ; can_top:u_can_top|can_level_packet:u_can_level_packet|can_level_bit:u_can_level_bit|adjust_c_PBS1[14]     ;
; -1.000 ; 1.000        ; 2.000          ; Min Period ; CLK50M ; Rise       ; can_top:u_can_top|can_level_packet:u_can_level_packet|can_level_bit:u_can_level_bit|adjust_c_PBS1[15]     ;
; -1.000 ; 1.000        ; 2.000          ; Min Period ; CLK50M ; Rise       ; can_top:u_can_top|can_level_packet:u_can_level_packet|can_level_bit:u_can_level_bit|adjust_c_PBS1[16]     ;
; -1.000 ; 1.000        ; 2.000          ; Min Period ; CLK50M ; Rise       ; can_top:u_can_top|can_level_packet:u_can_level_packet|can_level_bit:u_can_level_bit|adjust_c_PBS1[1]      ;
; -1.000 ; 1.000        ; 2.000          ; Min Period ; CLK50M ; Rise       ; can_top:u_can_top|can_level_packet:u_can_level_packet|can_level_bit:u_can_level_bit|adjust_c_PBS1[2]      ;
; -1.000 ; 1.000        ; 2.000          ; Min Period ; CLK50M ; Rise       ; can_top:u_can_top|can_level_packet:u_can_level_packet|can_level_bit:u_can_level_bit|adjust_c_PBS1[3]      ;
; -1.000 ; 1.000        ; 2.000          ; Min Period ; CLK50M ; Rise       ; can_top:u_can_top|can_level_packet:u_can_level_packet|can_level_bit:u_can_level_bit|adjust_c_PBS1[4]      ;
; -1.000 ; 1.000        ; 2.000          ; Min Period ; CLK50M ; Rise       ; can_top:u_can_top|can_level_packet:u_can_level_packet|can_level_bit:u_can_level_bit|adjust_c_PBS1[5]      ;
; -1.000 ; 1.000        ; 2.000          ; Min Period ; CLK50M ; Rise       ; can_top:u_can_top|can_level_packet:u_can_level_packet|can_level_bit:u_can_level_bit|adjust_c_PBS1[6]      ;
; -1.000 ; 1.000        ; 2.000          ; Min Period ; CLK50M ; Rise       ; can_top:u_can_top|can_level_packet:u_can_level_packet|can_level_bit:u_can_level_bit|adjust_c_PBS1[7]      ;
; -1.000 ; 1.000        ; 2.000          ; Min Period ; CLK50M ; Rise       ; can_top:u_can_top|can_level_packet:u_can_level_packet|can_level_bit:u_can_level_bit|adjust_c_PBS1[8]      ;
; -1.000 ; 1.000        ; 2.000          ; Min Period ; CLK50M ; Rise       ; can_top:u_can_top|can_level_packet:u_can_level_packet|can_level_bit:u_can_level_bit|adjust_c_PBS1[9]      ;
; -1.000 ; 1.000        ; 2.000          ; Min Period ; CLK50M ; Rise       ; can_top:u_can_top|can_level_packet:u_can_level_packet|can_level_bit:u_can_level_bit|can_tx                ;
; -1.000 ; 1.000        ; 2.000          ; Min Period ; CLK50M ; Rise       ; can_top:u_can_top|can_level_packet:u_can_level_packet|can_level_bit:u_can_level_bit|cnt[0]                ;
; -1.000 ; 1.000        ; 2.000          ; Min Period ; CLK50M ; Rise       ; can_top:u_can_top|can_level_packet:u_can_level_packet|can_level_bit:u_can_level_bit|cnt[10]               ;
; -1.000 ; 1.000        ; 2.000          ; Min Period ; CLK50M ; Rise       ; can_top:u_can_top|can_level_packet:u_can_level_packet|can_level_bit:u_can_level_bit|cnt[11]               ;
; -1.000 ; 1.000        ; 2.000          ; Min Period ; CLK50M ; Rise       ; can_top:u_can_top|can_level_packet:u_can_level_packet|can_level_bit:u_can_level_bit|cnt[12]               ;
; -1.000 ; 1.000        ; 2.000          ; Min Period ; CLK50M ; Rise       ; can_top:u_can_top|can_level_packet:u_can_level_packet|can_level_bit:u_can_level_bit|cnt[13]               ;
; -1.000 ; 1.000        ; 2.000          ; Min Period ; CLK50M ; Rise       ; can_top:u_can_top|can_level_packet:u_can_level_packet|can_level_bit:u_can_level_bit|cnt[14]               ;
; -1.000 ; 1.000        ; 2.000          ; Min Period ; CLK50M ; Rise       ; can_top:u_can_top|can_level_packet:u_can_level_packet|can_level_bit:u_can_level_bit|cnt[15]               ;
; -1.000 ; 1.000        ; 2.000          ; Min Period ; CLK50M ; Rise       ; can_top:u_can_top|can_level_packet:u_can_level_packet|can_level_bit:u_can_level_bit|cnt[16]               ;
; -1.000 ; 1.000        ; 2.000          ; Min Period ; CLK50M ; Rise       ; can_top:u_can_top|can_level_packet:u_can_level_packet|can_level_bit:u_can_level_bit|cnt[1]                ;
; -1.000 ; 1.000        ; 2.000          ; Min Period ; CLK50M ; Rise       ; can_top:u_can_top|can_level_packet:u_can_level_packet|can_level_bit:u_can_level_bit|cnt[2]                ;
; -1.000 ; 1.000        ; 2.000          ; Min Period ; CLK50M ; Rise       ; can_top:u_can_top|can_level_packet:u_can_level_packet|can_level_bit:u_can_level_bit|cnt[3]                ;
; -1.000 ; 1.000        ; 2.000          ; Min Period ; CLK50M ; Rise       ; can_top:u_can_top|can_level_packet:u_can_level_packet|can_level_bit:u_can_level_bit|cnt[4]                ;
; -1.000 ; 1.000        ; 2.000          ; Min Period ; CLK50M ; Rise       ; can_top:u_can_top|can_level_packet:u_can_level_packet|can_level_bit:u_can_level_bit|cnt[5]                ;
; -1.000 ; 1.000        ; 2.000          ; Min Period ; CLK50M ; Rise       ; can_top:u_can_top|can_level_packet:u_can_level_packet|can_level_bit:u_can_level_bit|cnt[6]                ;
; -1.000 ; 1.000        ; 2.000          ; Min Period ; CLK50M ; Rise       ; can_top:u_can_top|can_level_packet:u_can_level_packet|can_level_bit:u_can_level_bit|cnt[7]                ;
; -1.000 ; 1.000        ; 2.000          ; Min Period ; CLK50M ; Rise       ; can_top:u_can_top|can_level_packet:u_can_level_packet|can_level_bit:u_can_level_bit|cnt[8]                ;
; -1.000 ; 1.000        ; 2.000          ; Min Period ; CLK50M ; Rise       ; can_top:u_can_top|can_level_packet:u_can_level_packet|can_level_bit:u_can_level_bit|cnt[9]                ;
; -1.000 ; 1.000        ; 2.000          ; Min Period ; CLK50M ; Rise       ; can_top:u_can_top|can_level_packet:u_can_level_packet|can_level_bit:u_can_level_bit|cnt_high[0]           ;
; -1.000 ; 1.000        ; 2.000          ; Min Period ; CLK50M ; Rise       ; can_top:u_can_top|can_level_packet:u_can_level_packet|can_level_bit:u_can_level_bit|cnt_high[1]           ;
; -1.000 ; 1.000        ; 2.000          ; Min Period ; CLK50M ; Rise       ; can_top:u_can_top|can_level_packet:u_can_level_packet|can_level_bit:u_can_level_bit|cnt_high[2]           ;
; -1.000 ; 1.000        ; 2.000          ; Min Period ; CLK50M ; Rise       ; can_top:u_can_top|can_level_packet:u_can_level_packet|can_level_bit:u_can_level_bit|inframe               ;
; -1.000 ; 1.000        ; 2.000          ; Min Period ; CLK50M ; Rise       ; can_top:u_can_top|can_level_packet:u_can_level_packet|can_level_bit:u_can_level_bit|rbit                  ;
; -1.000 ; 1.000        ; 2.000          ; Min Period ; CLK50M ; Rise       ; can_top:u_can_top|can_level_packet:u_can_level_packet|can_level_bit:u_can_level_bit|req                   ;
; -1.000 ; 1.000        ; 2.000          ; Min Period ; CLK50M ; Rise       ; can_top:u_can_top|can_level_packet:u_can_level_packet|can_level_bit:u_can_level_bit|rx_buf                ;
; -1.000 ; 1.000        ; 2.000          ; Min Period ; CLK50M ; Rise       ; can_top:u_can_top|can_level_packet:u_can_level_packet|can_level_bit:u_can_level_bit|rx_fall               ;
; -1.000 ; 1.000        ; 2.000          ; Min Period ; CLK50M ; Rise       ; can_top:u_can_top|can_level_packet:u_can_level_packet|can_level_bit:u_can_level_bit|stat.STAT_PBS1        ;
; -1.000 ; 1.000        ; 2.000          ; Min Period ; CLK50M ; Rise       ; can_top:u_can_top|can_level_packet:u_can_level_packet|can_level_bit:u_can_level_bit|stat.STAT_PBS2        ;
; -1.000 ; 1.000        ; 2.000          ; Min Period ; CLK50M ; Rise       ; can_top:u_can_top|can_level_packet:u_can_level_packet|can_level_bit:u_can_level_bit|stat.STAT_PTS         ;
; -1.000 ; 1.000        ; 2.000          ; Min Period ; CLK50M ; Rise       ; can_top:u_can_top|can_level_packet:u_can_level_packet|cnt[0]                                              ;
; -1.000 ; 1.000        ; 2.000          ; Min Period ; CLK50M ; Rise       ; can_top:u_can_top|can_level_packet:u_can_level_packet|cnt[1]                                              ;
; -1.000 ; 1.000        ; 2.000          ; Min Period ; CLK50M ; Rise       ; can_top:u_can_top|can_level_packet:u_can_level_packet|cnt[2]                                              ;
; -1.000 ; 1.000        ; 2.000          ; Min Period ; CLK50M ; Rise       ; can_top:u_can_top|can_level_packet:u_can_level_packet|cnt[3]                                              ;
; -1.000 ; 1.000        ; 2.000          ; Min Period ; CLK50M ; Rise       ; can_top:u_can_top|can_level_packet:u_can_level_packet|cnt[4]                                              ;
; -1.000 ; 1.000        ; 2.000          ; Min Period ; CLK50M ; Rise       ; can_top:u_can_top|can_level_packet:u_can_level_packet|cnt[5]                                              ;
; -1.000 ; 1.000        ; 2.000          ; Min Period ; CLK50M ; Rise       ; can_top:u_can_top|can_level_packet:u_can_level_packet|cnt[6]                                              ;
; -1.000 ; 1.000        ; 2.000          ; Min Period ; CLK50M ; Rise       ; can_top:u_can_top|can_level_packet:u_can_level_packet|cnt[7]                                              ;
; -1.000 ; 1.000        ; 2.000          ; Min Period ; CLK50M ; Rise       ; can_top:u_can_top|can_level_packet:u_can_level_packet|rx_ack_latch                                        ;
; -1.000 ; 1.000        ; 2.000          ; Min Period ; CLK50M ; Rise       ; can_top:u_can_top|can_level_packet:u_can_level_packet|rx_crc[0]                                           ;
; -1.000 ; 1.000        ; 2.000          ; Min Period ; CLK50M ; Rise       ; can_top:u_can_top|can_level_packet:u_can_level_packet|rx_crc[10]                                          ;
; -1.000 ; 1.000        ; 2.000          ; Min Period ; CLK50M ; Rise       ; can_top:u_can_top|can_level_packet:u_can_level_packet|rx_crc[11]                                          ;
; -1.000 ; 1.000        ; 2.000          ; Min Period ; CLK50M ; Rise       ; can_top:u_can_top|can_level_packet:u_can_level_packet|rx_crc[12]                                          ;
; -1.000 ; 1.000        ; 2.000          ; Min Period ; CLK50M ; Rise       ; can_top:u_can_top|can_level_packet:u_can_level_packet|rx_crc[13]                                          ;
; -1.000 ; 1.000        ; 2.000          ; Min Period ; CLK50M ; Rise       ; can_top:u_can_top|can_level_packet:u_can_level_packet|rx_crc[14]                                          ;
; -1.000 ; 1.000        ; 2.000          ; Min Period ; CLK50M ; Rise       ; can_top:u_can_top|can_level_packet:u_can_level_packet|rx_crc[1]                                           ;
; -1.000 ; 1.000        ; 2.000          ; Min Period ; CLK50M ; Rise       ; can_top:u_can_top|can_level_packet:u_can_level_packet|rx_crc[2]                                           ;
; -1.000 ; 1.000        ; 2.000          ; Min Period ; CLK50M ; Rise       ; can_top:u_can_top|can_level_packet:u_can_level_packet|rx_crc[3]                                           ;
; -1.000 ; 1.000        ; 2.000          ; Min Period ; CLK50M ; Rise       ; can_top:u_can_top|can_level_packet:u_can_level_packet|rx_crc[4]                                           ;
; -1.000 ; 1.000        ; 2.000          ; Min Period ; CLK50M ; Rise       ; can_top:u_can_top|can_level_packet:u_can_level_packet|rx_crc[5]                                           ;
; -1.000 ; 1.000        ; 2.000          ; Min Period ; CLK50M ; Rise       ; can_top:u_can_top|can_level_packet:u_can_level_packet|rx_crc[6]                                           ;
; -1.000 ; 1.000        ; 2.000          ; Min Period ; CLK50M ; Rise       ; can_top:u_can_top|can_level_packet:u_can_level_packet|rx_crc[7]                                           ;
+--------+--------------+----------------+------------+--------+------------+-----------------------------------------------------------------------------------------------------------+


+-----------------------------------------------------------------------+
; Setup Times                                                           ;
+-----------+------------+-------+-------+------------+-----------------+
; Data Port ; Clock Port ; Rise  ; Fall  ; Clock Edge ; Clock Reference ;
+-----------+------------+-------+-------+------------+-----------------+
; CAN_RX    ; CLK50M     ; 0.793 ; 1.364 ; Rise       ; CLK50M          ;
+-----------+------------+-------+-------+------------+-----------------+


+-------------------------------------------------------------------------+
; Hold Times                                                              ;
+-----------+------------+--------+--------+------------+-----------------+
; Data Port ; Clock Port ; Rise   ; Fall   ; Clock Edge ; Clock Reference ;
+-----------+------------+--------+--------+------------+-----------------+
; CAN_RX    ; CLK50M     ; -0.558 ; -1.128 ; Rise       ; CLK50M          ;
+-----------+------------+--------+--------+------------+-----------------+


+-----------------------------------------------------------------------+
; Clock to Output Times                                                 ;
+-----------+------------+-------+-------+------------+-----------------+
; Data Port ; Clock Port ; Rise  ; Fall  ; Clock Edge ; Clock Reference ;
+-----------+------------+-------+-------+------------+-----------------+
; CAN_TX    ; CLK50M     ; 3.791 ; 3.782 ; Rise       ; CLK50M          ;
; UART_TX   ; CLK50M     ; 4.160 ; 4.028 ; Rise       ; CLK50M          ;
+-----------+------------+-------+-------+------------+-----------------+


+-----------------------------------------------------------------------+
; Minimum Clock to Output Times                                         ;
+-----------+------------+-------+-------+------------+-----------------+
; Data Port ; Clock Port ; Rise  ; Fall  ; Clock Edge ; Clock Reference ;
+-----------+------------+-------+-------+------------+-----------------+
; CAN_TX    ; CLK50M     ; 3.664 ; 3.657 ; Rise       ; CLK50M          ;
; UART_TX   ; CLK50M     ; 4.015 ; 3.889 ; Rise       ; CLK50M          ;
+-----------+------------+-------+-------+------------+-----------------+


---------------------------------------------
; Fast 1200mV 0C Model Metastability Report ;
---------------------------------------------
No synchronizer chains to report.


+----------------------------------------------------------------------------------+
; Multicorner Timing Analysis Summary                                              ;
+------------------+-----------+-------+-----------+---------+---------------------+
; Clock            ; Setup     ; Hold  ; Recovery  ; Removal ; Minimum Pulse Width ;
+------------------+-----------+-------+-----------+---------+---------------------+
; Worst-case Slack ; -11.017   ; 0.108 ; -1.577    ; 1.014   ; -3.000              ;
;  CLK50M          ; -11.017   ; 0.108 ; -1.577    ; 1.014   ; -3.000              ;
; Design-wide TNS  ; -2901.982 ; 0.0   ; -1065.407 ; 0.0     ; -875.325            ;
;  CLK50M          ; -2901.982 ; 0.000 ; -1065.407 ; 0.000   ; -875.325            ;
+------------------+-----------+-------+-----------+---------+---------------------+


+-----------------------------------------------------------------------+
; Setup Times                                                           ;
+-----------+------------+-------+-------+------------+-----------------+
; Data Port ; Clock Port ; Rise  ; Fall  ; Clock Edge ; Clock Reference ;
+-----------+------------+-------+-------+------------+-----------------+
; CAN_RX    ; CLK50M     ; 1.394 ; 1.829 ; Rise       ; CLK50M          ;
+-----------+------------+-------+-------+------------+-----------------+


+-------------------------------------------------------------------------+
; Hold Times                                                              ;
+-----------+------------+--------+--------+------------+-----------------+
; Data Port ; Clock Port ; Rise   ; Fall   ; Clock Edge ; Clock Reference ;
+-----------+------------+--------+--------+------------+-----------------+
; CAN_RX    ; CLK50M     ; -0.558 ; -1.128 ; Rise       ; CLK50M          ;
+-----------+------------+--------+--------+------------+-----------------+


+-----------------------------------------------------------------------+
; Clock to Output Times                                                 ;
+-----------+------------+-------+-------+------------+-----------------+
; Data Port ; Clock Port ; Rise  ; Fall  ; Clock Edge ; Clock Reference ;
+-----------+------------+-------+-------+------------+-----------------+
; CAN_TX    ; CLK50M     ; 6.377 ; 6.413 ; Rise       ; CLK50M          ;
; UART_TX   ; CLK50M     ; 6.923 ; 6.917 ; Rise       ; CLK50M          ;
+-----------+------------+-------+-------+------------+-----------------+


+-----------------------------------------------------------------------+
; Minimum Clock to Output Times                                         ;
+-----------+------------+-------+-------+------------+-----------------+
; Data Port ; Clock Port ; Rise  ; Fall  ; Clock Edge ; Clock Reference ;
+-----------+------------+-------+-------+------------+-----------------+
; CAN_TX    ; CLK50M     ; 3.664 ; 3.657 ; Rise       ; CLK50M          ;
; UART_TX   ; CLK50M     ; 4.015 ; 3.889 ; Rise       ; CLK50M          ;
+-----------+------------+-------+-------+------------+-----------------+


+------------------------------------------------------------------------------------------------------------------------------------------------------------------------------------------------------------------------------------------------------------------------------------------------------------------------------------------------------------------------------------------------------------------+
; Board Trace Model Assignments                                                                                                                                                                                                                                                                                                                                                                                    ;
+---------------+--------------+-------------------+-------------------------+-------------------------+---------------+---------------------+----------------+------------------+--------+------------------+------------------------+------------------------+--------------+---------------+-----------------+-------+---------------------+--------------------+---------------+-----------------+-------------+
; Pin           ; I/O Standard ; Near Tline Length ; Near Tline L per Length ; Near Tline C per Length ; Near Series R ; Near Differential R ; Near Pull-up R ; Near Pull-down R ; Near C ; Far Tline Length ; Far Tline L per Length ; Far Tline C per Length ; Far Series R ; Far Pull-up R ; Far Pull-down R ; Far C ; Termination Voltage ; Far Differential R ; EBD File Name ; EBD Signal Name ; EBD Far-end ;
+---------------+--------------+-------------------+-------------------------+-------------------------+---------------+---------------------+----------------+------------------+--------+------------------+------------------------+------------------------+--------------+---------------+-----------------+-------+---------------------+--------------------+---------------+-----------------+-------------+
; UART_TX       ; 2.5 V        ; 0 in              ; 0 H/in                  ; 0 F/in                  ; short         ; -                   ; open           ; open             ; open   ; 0 in             ; 0 H/in                 ; 0 F/in                 ; short        ; open          ; open            ; open  ; 0 V                 ; -                  ; n/a           ; n/a             ; n/a         ;
; CAN_TX        ; 2.5 V        ; 0 in              ; 0 H/in                  ; 0 F/in                  ; short         ; -                   ; open           ; open             ; open   ; 0 in             ; 0 H/in                 ; 0 F/in                 ; short        ; open          ; open            ; open  ; 0 V                 ; -                  ; n/a           ; n/a             ; n/a         ;
; ~ALTERA_NCEO~ ; 2.5 V        ; 0 in              ; 0 H/in                  ; 0 F/in                  ; short         ; -                   ; open           ; open             ; open   ; 0 in             ; 0 H/in                 ; 0 F/in                 ; short        ; open          ; open            ; open  ; 0 V                 ; -                  ; n/a           ; n/a             ; n/a         ;
; ~ALTERA_DCLK~ ; 2.5 V        ; 0 in              ; 0 H/in                  ; 0 F/in                  ; short         ; -                   ; open           ; open             ; open   ; 0 in             ; 0 H/in                 ; 0 F/in                 ; short        ; open          ; open            ; open  ; 0 V                 ; -                  ; n/a           ; n/a             ; n/a         ;
+---------------+--------------+-------------------+-------------------------+-------------------------+---------------+---------------------+----------------+------------------+--------+------------------+------------------------+------------------------+--------------+---------------+-----------------+-------+---------------------+--------------------+---------------+-----------------+-------------+


+-------------------------------------------------------------------+
; Input Transition Times                                            ;
+----------------+--------------+-----------------+-----------------+
; Pin            ; I/O Standard ; 10-90 Rise Time ; 90-10 Fall Time ;
+----------------+--------------+-----------------+-----------------+
; CLK50M         ; 2.5 V        ; 2000 ps         ; 2000 ps         ;
; CAN_RX         ; 2.5 V        ; 2000 ps         ; 2000 ps         ;
; ~ALTERA_DATA0~ ; 2.5 V        ; 2000 ps         ; 2000 ps         ;
; ~ALTERA_ASDO~  ; 2.5 V        ; 2000 ps         ; 2000 ps         ;
; ~ALTERA_NCSO~  ; 2.5 V        ; 2000 ps         ; 2000 ps         ;
+----------------+--------------+-----------------+-----------------+


+--------------------------------------------------------------------------------------------------------------------------------------------------------------------------------------------------------------------------------------------------------------------------------------------------------------------------------------------------------------------------------------------------------------------------------------------------------------------------------------------------------------------------------------------------------------------------------------------------------------------------------------------------------------------------------------------+
; Signal Integrity Metrics (Slow 1200mv 0c Model)                                                                                                                                                                                                                                                                                                                                                                                                                                                                                                                                                                                                                                            ;
+---------------+--------------+---------------------+---------------------+------------------------------+------------------------------+---------------------+---------------------+--------------------------------------+--------------------------------------+-----------------------------+-----------------------------+----------------------------+----------------------------+-----------------------------+-----------------------------+--------------------+--------------------+-------------------------------------+-------------------------------------+----------------------------+----------------------------+---------------------------+---------------------------+
; Pin           ; I/O Standard ; Board Delay on Rise ; Board Delay on Fall ; Steady State Voh at FPGA Pin ; Steady State Vol at FPGA Pin ; Voh Max at FPGA Pin ; Vol Min at FPGA Pin ; Ringback Voltage on Rise at FPGA Pin ; Ringback Voltage on Fall at FPGA Pin ; 10-90 Rise Time at FPGA Pin ; 90-10 Fall Time at FPGA Pin ; Monotonic Rise at FPGA Pin ; Monotonic Fall at FPGA Pin ; Steady State Voh at Far-end ; Steady State Vol at Far-end ; Voh Max at Far-end ; Vol Min at Far-end ; Ringback Voltage on Rise at Far-end ; Ringback Voltage on Fall at Far-end ; 10-90 Rise Time at Far-end ; 90-10 Fall Time at Far-end ; Monotonic Rise at Far-end ; Monotonic Fall at Far-end ;
+---------------+--------------+---------------------+---------------------+------------------------------+------------------------------+---------------------+---------------------+--------------------------------------+--------------------------------------+-----------------------------+-----------------------------+----------------------------+----------------------------+-----------------------------+-----------------------------+--------------------+--------------------+-------------------------------------+-------------------------------------+----------------------------+----------------------------+---------------------------+---------------------------+
; UART_TX       ; 2.5 V        ; 0 s                 ; 0 s                 ; 2.32 V                       ; 7.29e-09 V                   ; 2.39 V              ; -0.00339 V          ; 0.206 V                              ; 0.007 V                              ; 2.77e-10 s                  ; 3.24e-10 s                  ; Yes                        ; Yes                        ; 2.32 V                      ; 7.29e-09 V                  ; 2.39 V             ; -0.00339 V         ; 0.206 V                             ; 0.007 V                             ; 2.77e-10 s                 ; 3.24e-10 s                 ; Yes                       ; Yes                       ;
; CAN_TX        ; 2.5 V        ; 0 s                 ; 0 s                 ; 2.32 V                       ; 5.16e-09 V                   ; 2.37 V              ; -0.00861 V          ; 0.168 V                              ; 0.038 V                              ; 6.79e-10 s                  ; 6.49e-10 s                  ; No                         ; Yes                        ; 2.32 V                      ; 5.16e-09 V                  ; 2.37 V             ; -0.00861 V         ; 0.168 V                             ; 0.038 V                             ; 6.79e-10 s                 ; 6.49e-10 s                 ; No                        ; Yes                       ;
; ~ALTERA_NCEO~ ; 2.5 V        ; 0 s                 ; 0 s                 ; 2.32 V                       ; 4.76e-09 V                   ; 2.4 V               ; -0.034 V            ; 0.102 V                              ; 0.065 V                              ; 2.49e-10 s                  ; 3.49e-10 s                  ; Yes                        ; Yes                        ; 2.32 V                      ; 4.76e-09 V                  ; 2.4 V              ; -0.034 V           ; 0.102 V                             ; 0.065 V                             ; 2.49e-10 s                 ; 3.49e-10 s                 ; Yes                       ; Yes                       ;
; ~ALTERA_DCLK~ ; 2.5 V        ; 0 s                 ; 0 s                 ; 2.32 V                       ; 5.94e-09 V                   ; 2.39 V              ; -0.0344 V           ; 0.156 V                              ; 0.089 V                              ; 2.68e-10 s                  ; 2.6e-10 s                   ; Yes                        ; Yes                        ; 2.32 V                      ; 5.94e-09 V                  ; 2.39 V             ; -0.0344 V          ; 0.156 V                             ; 0.089 V                             ; 2.68e-10 s                 ; 2.6e-10 s                  ; Yes                       ; Yes                       ;
+---------------+--------------+---------------------+---------------------+------------------------------+------------------------------+---------------------+---------------------+--------------------------------------+--------------------------------------+-----------------------------+-----------------------------+----------------------------+----------------------------+-----------------------------+-----------------------------+--------------------+--------------------+-------------------------------------+-------------------------------------+----------------------------+----------------------------+---------------------------+---------------------------+


+--------------------------------------------------------------------------------------------------------------------------------------------------------------------------------------------------------------------------------------------------------------------------------------------------------------------------------------------------------------------------------------------------------------------------------------------------------------------------------------------------------------------------------------------------------------------------------------------------------------------------------------------------------------------------------------------+
; Signal Integrity Metrics (Slow 1200mv 85c Model)                                                                                                                                                                                                                                                                                                                                                                                                                                                                                                                                                                                                                                           ;
+---------------+--------------+---------------------+---------------------+------------------------------+------------------------------+---------------------+---------------------+--------------------------------------+--------------------------------------+-----------------------------+-----------------------------+----------------------------+----------------------------+-----------------------------+-----------------------------+--------------------+--------------------+-------------------------------------+-------------------------------------+----------------------------+----------------------------+---------------------------+---------------------------+
; Pin           ; I/O Standard ; Board Delay on Rise ; Board Delay on Fall ; Steady State Voh at FPGA Pin ; Steady State Vol at FPGA Pin ; Voh Max at FPGA Pin ; Vol Min at FPGA Pin ; Ringback Voltage on Rise at FPGA Pin ; Ringback Voltage on Fall at FPGA Pin ; 10-90 Rise Time at FPGA Pin ; 90-10 Fall Time at FPGA Pin ; Monotonic Rise at FPGA Pin ; Monotonic Fall at FPGA Pin ; Steady State Voh at Far-end ; Steady State Vol at Far-end ; Voh Max at Far-end ; Vol Min at Far-end ; Ringback Voltage on Rise at Far-end ; Ringback Voltage on Fall at Far-end ; 10-90 Rise Time at Far-end ; 90-10 Fall Time at Far-end ; Monotonic Rise at Far-end ; Monotonic Fall at Far-end ;
+---------------+--------------+---------------------+---------------------+------------------------------+------------------------------+---------------------+---------------------+--------------------------------------+--------------------------------------+-----------------------------+-----------------------------+----------------------------+----------------------------+-----------------------------+-----------------------------+--------------------+--------------------+-------------------------------------+-------------------------------------+----------------------------+----------------------------+---------------------------+---------------------------+
; UART_TX       ; 2.5 V        ; 0 s                 ; 0 s                 ; 2.32 V                       ; 1.21e-06 V                   ; 2.37 V              ; -0.00606 V          ; 0.107 V                              ; 0.021 V                              ; 4.26e-10 s                  ; 4.03e-10 s                  ; Yes                        ; Yes                        ; 2.32 V                      ; 1.21e-06 V                  ; 2.37 V             ; -0.00606 V         ; 0.107 V                             ; 0.021 V                             ; 4.26e-10 s                 ; 4.03e-10 s                 ; Yes                       ; Yes                       ;
; CAN_TX        ; 2.5 V        ; 0 s                 ; 0 s                 ; 2.32 V                       ; 8.13e-07 V                   ; 2.35 V              ; -0.00662 V          ; 0.129 V                              ; 0.049 V                              ; 8.55e-10 s                  ; 8.01e-10 s                  ; No                         ; Yes                        ; 2.32 V                      ; 8.13e-07 V                  ; 2.35 V             ; -0.00662 V         ; 0.129 V                             ; 0.049 V                             ; 8.55e-10 s                 ; 8.01e-10 s                 ; No                        ; Yes                       ;
; ~ALTERA_NCEO~ ; 2.5 V        ; 0 s                 ; 0 s                 ; 2.32 V                       ; 7.93e-07 V                   ; 2.37 V              ; -0.0278 V           ; 0.106 V                              ; 0.115 V                              ; 2.69e-10 s                  ; 4.05e-10 s                  ; Yes                        ; Yes                        ; 2.32 V                      ; 7.93e-07 V                  ; 2.37 V             ; -0.0278 V          ; 0.106 V                             ; 0.115 V                             ; 2.69e-10 s                 ; 4.05e-10 s                 ; Yes                       ; Yes                       ;
; ~ALTERA_DCLK~ ; 2.5 V        ; 0 s                 ; 0 s                 ; 2.32 V                       ; 9.76e-07 V                   ; 2.36 V              ; -0.00439 V          ; 0.088 V                              ; 0.007 V                              ; 4.05e-10 s                  ; 3.35e-10 s                  ; Yes                        ; Yes                        ; 2.32 V                      ; 9.76e-07 V                  ; 2.36 V             ; -0.00439 V         ; 0.088 V                             ; 0.007 V                             ; 4.05e-10 s                 ; 3.35e-10 s                 ; Yes                       ; Yes                       ;
+---------------+--------------+---------------------+---------------------+------------------------------+------------------------------+---------------------+---------------------+--------------------------------------+--------------------------------------+-----------------------------+-----------------------------+----------------------------+----------------------------+-----------------------------+-----------------------------+--------------------+--------------------+-------------------------------------+-------------------------------------+----------------------------+----------------------------+---------------------------+---------------------------+


+--------------------------------------------------------------------------------------------------------------------------------------------------------------------------------------------------------------------------------------------------------------------------------------------------------------------------------------------------------------------------------------------------------------------------------------------------------------------------------------------------------------------------------------------------------------------------------------------------------------------------------------------------------------------------------------------+
; Signal Integrity Metrics (Fast 1200mv 0c Model)                                                                                                                                                                                                                                                                                                                                                                                                                                                                                                                                                                                                                                            ;
+---------------+--------------+---------------------+---------------------+------------------------------+------------------------------+---------------------+---------------------+--------------------------------------+--------------------------------------+-----------------------------+-----------------------------+----------------------------+----------------------------+-----------------------------+-----------------------------+--------------------+--------------------+-------------------------------------+-------------------------------------+----------------------------+----------------------------+---------------------------+---------------------------+
; Pin           ; I/O Standard ; Board Delay on Rise ; Board Delay on Fall ; Steady State Voh at FPGA Pin ; Steady State Vol at FPGA Pin ; Voh Max at FPGA Pin ; Vol Min at FPGA Pin ; Ringback Voltage on Rise at FPGA Pin ; Ringback Voltage on Fall at FPGA Pin ; 10-90 Rise Time at FPGA Pin ; 90-10 Fall Time at FPGA Pin ; Monotonic Rise at FPGA Pin ; Monotonic Fall at FPGA Pin ; Steady State Voh at Far-end ; Steady State Vol at Far-end ; Voh Max at Far-end ; Vol Min at Far-end ; Ringback Voltage on Rise at Far-end ; Ringback Voltage on Fall at Far-end ; 10-90 Rise Time at Far-end ; 90-10 Fall Time at Far-end ; Monotonic Rise at Far-end ; Monotonic Fall at Far-end ;
+---------------+--------------+---------------------+---------------------+------------------------------+------------------------------+---------------------+---------------------+--------------------------------------+--------------------------------------+-----------------------------+-----------------------------+----------------------------+----------------------------+-----------------------------+-----------------------------+--------------------+--------------------+-------------------------------------+-------------------------------------+----------------------------+----------------------------+---------------------------+---------------------------+
; UART_TX       ; 2.5 V        ; 0 s                 ; 0 s                 ; 2.62 V                       ; 4.66e-08 V                   ; 2.73 V              ; -0.0205 V           ; 0.17 V                               ; 0.027 V                              ; 2.58e-10 s                  ; 2.57e-10 s                  ; Yes                        ; Yes                        ; 2.62 V                      ; 4.66e-08 V                  ; 2.73 V             ; -0.0205 V          ; 0.17 V                              ; 0.027 V                             ; 2.58e-10 s                 ; 2.57e-10 s                 ; Yes                       ; Yes                       ;
; CAN_TX        ; 2.5 V        ; 0 s                 ; 0 s                 ; 2.62 V                       ; 3.16e-08 V                   ; 2.71 V              ; -0.0171 V           ; 0.273 V                              ; 0.065 V                              ; 4.95e-10 s                  ; 5.37e-10 s                  ; No                         ; Yes                        ; 2.62 V                      ; 3.16e-08 V                  ; 2.71 V             ; -0.0171 V          ; 0.273 V                             ; 0.065 V                             ; 4.95e-10 s                 ; 5.37e-10 s                 ; No                        ; Yes                       ;
; ~ALTERA_NCEO~ ; 2.5 V        ; 0 s                 ; 0 s                 ; 2.62 V                       ; 3.06e-08 V                   ; 2.86 V              ; -0.0341 V           ; 0.364 V                              ; 0.046 V                              ; 1.17e-10 s                  ; 2.6e-10 s                   ; No                         ; Yes                        ; 2.62 V                      ; 3.06e-08 V                  ; 2.86 V             ; -0.0341 V          ; 0.364 V                             ; 0.046 V                             ; 1.17e-10 s                 ; 2.6e-10 s                  ; No                        ; Yes                       ;
; ~ALTERA_DCLK~ ; 2.5 V        ; 0 s                 ; 0 s                 ; 2.62 V                       ; 3.81e-08 V                   ; 2.72 V              ; -0.0542 V           ; 0.144 V                              ; 0.087 V                              ; 2.55e-10 s                  ; 2.14e-10 s                  ; Yes                        ; Yes                        ; 2.62 V                      ; 3.81e-08 V                  ; 2.72 V             ; -0.0542 V          ; 0.144 V                             ; 0.087 V                             ; 2.55e-10 s                 ; 2.14e-10 s                 ; Yes                       ; Yes                       ;
+---------------+--------------+---------------------+---------------------+------------------------------+------------------------------+---------------------+---------------------+--------------------------------------+--------------------------------------+-----------------------------+-----------------------------+----------------------------+----------------------------+-----------------------------+-----------------------------+--------------------+--------------------+-------------------------------------+-------------------------------------+----------------------------+----------------------------+---------------------------+---------------------------+


+--------------------------------------------------------------------+
; Setup Transfers                                                    ;
+------------+----------+-----------+----------+----------+----------+
; From Clock ; To Clock ; RR Paths  ; FR Paths ; RF Paths ; FF Paths ;
+------------+----------+-----------+----------+----------+----------+
; CLK50M     ; CLK50M   ; 539336166 ; 0        ; 0        ; 0        ;
+------------+----------+-----------+----------+----------+----------+
Entries labeled "false path" only account for clock-to-clock false paths and not path-based false paths. As a result, actual path counts may be lower than reported.


+--------------------------------------------------------------------+
; Hold Transfers                                                     ;
+------------+----------+-----------+----------+----------+----------+
; From Clock ; To Clock ; RR Paths  ; FR Paths ; RF Paths ; FF Paths ;
+------------+----------+-----------+----------+----------+----------+
; CLK50M     ; CLK50M   ; 539336166 ; 0        ; 0        ; 0        ;
+------------+----------+-----------+----------+----------+----------+
Entries labeled "false path" only account for clock-to-clock false paths and not path-based false paths. As a result, actual path counts may be lower than reported.


+-------------------------------------------------------------------+
; Recovery Transfers                                                ;
+------------+----------+----------+----------+----------+----------+
; From Clock ; To Clock ; RR Paths ; FR Paths ; RF Paths ; FF Paths ;
+------------+----------+----------+----------+----------+----------+
; CLK50M     ; CLK50M   ; 798      ; 0        ; 0        ; 0        ;
+------------+----------+----------+----------+----------+----------+
Entries labeled "false path" only account for clock-to-clock false paths and not path-based false paths. As a result, actual path counts may be lower than reported.


+-------------------------------------------------------------------+
; Removal Transfers                                                 ;
+------------+----------+----------+----------+----------+----------+
; From Clock ; To Clock ; RR Paths ; FR Paths ; RF Paths ; FF Paths ;
+------------+----------+----------+----------+----------+----------+
; CLK50M     ; CLK50M   ; 798      ; 0        ; 0        ; 0        ;
+------------+----------+----------+----------+----------+----------+
Entries labeled "false path" only account for clock-to-clock false paths and not path-based false paths. As a result, actual path counts may be lower than reported.


---------------
; Report TCCS ;
---------------
No dedicated SERDES Transmitter circuitry present in device or used in design


---------------
; Report RSKM ;
---------------
No non-DPA dedicated SERDES Receiver circuitry present in device or used in design


+------------------------------------------------+
; Unconstrained Paths                            ;
+---------------------------------+-------+------+
; Property                        ; Setup ; Hold ;
+---------------------------------+-------+------+
; Illegal Clocks                  ; 0     ; 0    ;
; Unconstrained Clocks            ; 0     ; 0    ;
; Unconstrained Input Ports       ; 1     ; 1    ;
; Unconstrained Input Port Paths  ; 2     ; 2    ;
; Unconstrained Output Ports      ; 2     ; 2    ;
; Unconstrained Output Port Paths ; 2     ; 2    ;
+---------------------------------+-------+------+


+------------------------------------+
; TimeQuest Timing Analyzer Messages ;
+------------------------------------+
Info: *******************************************************************
Info: Running Quartus II 64-Bit TimeQuest Timing Analyzer
    Info: Version 13.1.0 Build 162 10/23/2013 SJ Full Version
    Info: Processing started: Tue Jul 28 16:58:22 2026
Info: Command: quartus_sta FPGA -c FPGA
Info: qsta_default_script.tcl version: #1
Info (20030): Parallel compilation is enabled and will use 16 of the 20 processors detected
Info (21076): High junction temperature operating condition is not set. Assuming a default value of '85'.
Info (21076): Low junction temperature operating condition is not set. Assuming a default value of '0'.
Critical Warning (332012): Synopsys Design Constraints File file not found: 'FPGA.sdc'. A Synopsys Design Constraints File is required by the TimeQuest Timing Analyzer to get proper timing constraints. Without it, the Compiler will not properly optimize the design.
Info (332142): No user constrained base clocks found in the design. Calling "derive_clocks -period 1.0"
Info (332105): Deriving Clocks
    Info (332105): create_clock -period 1.000 -name CLK50M CLK50M
Info (332143): No user constrained clock uncertainty found in the design. Calling "derive_clock_uncertainty"
Info (332123): Deriving Clock Uncertainty. Please refer to report_sdc in TimeQuest to see clock uncertainties.
Info: Found TIMEQUEST_REPORT_SCRIPT_INCLUDE_DEFAULT_ANALYSIS = ON
Info: Analyzing Slow 1200mV 85C Model
Critical Warning (332148): Timing requirements not met
    Info (11105): For recommendations on closing timing, run Report Timing Closure Recommendations in the TimeQuest Timing Analyzer.
Info (332146): Worst-case setup slack is -11.017
    Info (332119):     Slack       End Point TNS Clock 
    Info (332119): ========= =================== =====================
    Info (332119):   -11.017           -2901.982 CLK50M 
Info (332146): Worst-case hold slack is 0.207
    Info (332119):     Slack       End Point TNS Clock 
    Info (332119): ========= =================== =====================
    Info (332119):     0.207               0.000 CLK50M 
Info (332146): Worst-case recovery slack is -1.577
    Info (332119):     Slack       End Point TNS Clock 
    Info (332119): ========= =================== =====================
    Info (332119):    -1.577           -1065.407 CLK50M 
Info (332146): Worst-case removal slack is 1.745
    Info (332119):     Slack       End Point TNS Clock 
    Info (332119): ========= =================== =====================
    Info (332119):     1.745               0.000 CLK50M 
Info (332146): Worst-case minimum pulse width slack is -3.000
    Info (332119):     Slack       End Point TNS Clock 
    Info (332119): ========= =================== =====================
    Info (332119):    -3.000            -874.568 CLK50M 
Info: Analyzing Slow 1200mV 0C Model
Info (334003): Started post-fitting delay annotation
Info (334004): Delay annotation completed successfully
Info (332123): Deriving Clock Uncertainty. Please refer to report_sdc in TimeQuest to see clock uncertainties.
Critical Warning (332148): Timing requirements not met
    Info (11105): For recommendations on closing timing, run Report Timing Closure Recommendations in the TimeQuest Timing Analyzer.
Info (332146): Worst-case setup slack is -9.597
    Info (332119):     Slack       End Point TNS Clock 
    Info (332119): ========= =================== =====================
    Info (332119):    -9.597           -2520.714 CLK50M 
Info (332146): Worst-case hold slack is 0.182
    Info (332119):     Slack       End Point TNS Clock 
    Info (332119): ========= =================== =====================
    Info (332119):     0.182               0.000 CLK50M 
Info (332146): Worst-case recovery slack is -1.302
    Info (332119):     Slack       End Point TNS Clock 
    Info (332119): ========= =================== =====================
    Info (332119):    -1.302            -863.530 CLK50M 
Info (332146): Worst-case removal slack is 1.534
    Info (332119):     Slack       End Point TNS Clock 
    Info (332119): ========= =================== =====================
    Info (332119):     1.534               0.000 CLK50M 
Info (332146): Worst-case minimum pulse width slack is -3.000
    Info (332119):     Slack       End Point TNS Clock 
    Info (332119): ========= =================== =====================
    Info (332119):    -3.000            -874.568 CLK50M 
Info: Analyzing Fast 1200mV 0C Model
Info (332123): Deriving Clock Uncertainty. Please refer to report_sdc in TimeQuest to see clock uncertainties.
Critical Warning (332148): Timing requirements not met
    Info (11105): For recommendations on closing timing, run Report Timing Closure Recommendations in the TimeQuest Timing Analyzer.
Info (332146): Worst-case setup slack is -5.786
    Info (332119):     Slack       End Point TNS Clock 
    Info (332119): ========= =================== =====================
    Info (332119):    -5.786           -1267.640 CLK50M 
Info (332146): Worst-case hold slack is 0.108
    Info (332119):     Slack       End Point TNS Clock 
    Info (332119): ========= =================== =====================
    Info (332119):     0.108               0.000 CLK50M 
Info (332146): Worst-case recovery slack is -0.512
    Info (332119):     Slack       End Point TNS Clock 
    Info (332119): ========= =================== =====================
    Info (332119):    -0.512            -298.435 CLK50M 
Info (332146): Worst-case removal slack is 1.014
    Info (332119):     Slack       End Point TNS Clock 
    Info (332119): ========= =================== =====================
    Info (332119):     1.014               0.000 CLK50M 
Info (332146): Worst-case minimum pulse width slack is -3.000
    Info (332119):     Slack       End Point TNS Clock 
    Info (332119): ========= =================== =====================
    Info (332119):    -3.000            -875.325 CLK50M 
Info (332102): Design is not fully constrained for setup requirements
Info (332102): Design is not fully constrained for hold requirements
Info: Quartus II 64-Bit TimeQuest Timing Analyzer was successful. 0 errors, 4 warnings
    Info: Peak virtual memory: 5123 megabytes
    Info: Processing ended: Tue Jul 28 16:58:23 2026
    Info: Elapsed time: 00:00:01
    Info: Total CPU time (on all processors): 00:00:02


