Fitter report for FPGA
Tue Jul 28 16:58:19 2026
Quartus II 64-Bit Version 13.1.0 Build 162 10/23/2013 SJ Full Version


---------------------
; Table of Contents ;
---------------------
  1. Legal Notice
  2. Fitter Summary
  3. Fitter Settings
  4. Parallel Compilation
  5. I/O Assignment Warnings
  6. Incremental Compilation Preservation Summary
  7. Incremental Compilation Partition Settings
  8. Incremental Compilation Placement Preservation
  9. Pin-Out File
 10. Fitter Resource Usage Summary
 11. Fitter Partition Statistics
 12. Input Pins
 13. Output Pins
 14. Dual Purpose and Dedicated Pins
 15. I/O Bank Usage
 16. All Package Pins
 17. Fitter Resource Utilization by Entity
 18. Delay Chain Summary
 19. Pad To Core Delay Chain Fanout
 20. Control Signals
 21. Global & Other Fast Signals
 22. Non-Global High Fan-Out Signals
 23. Fitter RAM Summary
 24. Routing Usage Summary
 25. LAB Logic Elements
 26. LAB-wide Signals
 27. LAB Signals Sourced
 28. LAB Signals Sourced Out
 29. LAB Distinct Inputs
 30. I/O Rules Summary
 31. I/O Rules Details
 32. I/O Rules Matrix
 33. Fitter Device Options
 34. Operating Settings and Conditions
 35. Estimated Delay Added for Hold Timing Summary
 36. Estimated Delay Added for Hold Timing Details
 37. Fitter Messages
 38. Fitter Suppressed Messages



----------------
; Legal Notice ;
----------------
Copyright (C) 1991-2013 Altera Corporation
Your use of Altera Corporation's design tools, logic functions 
and other software and tools, and its AMPP partner logic 
functions, and any output files from any of the foregoing 
(including device programming or simulation files), and any 
associated documentation or information are expressly subject 
to the terms and conditions of the Altera Program License 
Subscription Agreement, Altera MegaCore Function License 
Agreement, or other applicable license agreement, including, 
without limitation, that your use is for the sole purpose of 
programming logic devices manufactured by Altera and sold by 
Altera or its authorized distributors.  Please refer to the 
applicable agreement for further details.



+----------------------------------------------------------------------------------+
; Fitter Summary                                                                   ;
+------------------------------------+---------------------------------------------+
; Fitter Status                      ; Successful - Tue Jul 28 16:58:19 2026       ;
; Quartus II 64-Bit Version          ; 13.1.0 Build 162 10/23/2013 SJ Full Version ;
; Revision Name                      ; FPGA                                        ;
; Top-level Entity Name              ; fpga_top                                    ;
; Family                             ; Cyclone IV GX                               ;
; Device                             ; EP4CGX15BF14C6                              ;
; Timing Models                      ; Final                                       ;
; Total logic elements               ; 1,308 / 14,400 ( 9 % )                      ;
;     Total combinational functions  ; 1,212 / 14,400 ( 8 % )                      ;
;     Dedicated logic registers      ; 802 / 14,400 ( 6 % )                        ;
; Total registers                    ; 802                                         ;
; Total pins                         ; 4 / 81 ( 5 % )                              ;
; Total virtual pins                 ; 0                                           ;
; Total memory bits                  ; 73,728 / 552,960 ( 13 % )                   ;
; Embedded Multiplier 9-bit elements ; 0                                           ;
; Total GXB Receiver Channel PCS     ; 0 / 2 ( 0 % )                               ;
; Total GXB Receiver Channel PMA     ; 0 / 2 ( 0 % )                               ;
; Total GXB Transmitter Channel PCS  ; 0 / 2 ( 0 % )                               ;
; Total GXB Transmitter Channel PMA  ; 0 / 2 ( 0 % )                               ;
; Total PLLs                         ; 0 / 3 ( 0 % )                               ;
+------------------------------------+---------------------------------------------+


+------------------------------------------------------------------------------------------------------------------------------------------------------------+
; Fitter Settings                                                                                                                                            ;
+----------------------------------------------------------------------------+---------------------------------------+---------------------------------------+
; Option                                                                     ; Setting                               ; Default Value                         ;
+----------------------------------------------------------------------------+---------------------------------------+---------------------------------------+
; Device                                                                     ; AUTO                                  ;                                       ;
; Fit Attempts to Skip                                                       ; 0                                     ; 0.0                                   ;
; Use smart compilation                                                      ; Off                                   ; Off                                   ;
; Enable parallel Assembler and TimeQuest Timing Analyzer during compilation ; On                                    ; On                                    ;
; Enable compact report table                                                ; Off                                   ; Off                                   ;
; Auto Merge PLLs                                                            ; On                                    ; On                                    ;
; Router Timing Optimization Level                                           ; Normal                                ; Normal                                ;
; Perform Clocking Topology Analysis During Routing                          ; Off                                   ; Off                                   ;
; Placement Effort Multiplier                                                ; 1.0                                   ; 1.0                                   ;
; Router Effort Multiplier                                                   ; 1.0                                   ; 1.0                                   ;
; Optimize Hold Timing                                                       ; All Paths                             ; All Paths                             ;
; Optimize Multi-Corner Timing                                               ; On                                    ; On                                    ;
; PowerPlay Power Optimization                                               ; Normal compilation                    ; Normal compilation                    ;
; SSN Optimization                                                           ; Off                                   ; Off                                   ;
; Optimize Timing                                                            ; Normal compilation                    ; Normal compilation                    ;
; Optimize Timing for ECOs                                                   ; Off                                   ; Off                                   ;
; Regenerate full fit report during ECO compiles                             ; Off                                   ; Off                                   ;
; Optimize IOC Register Placement for Timing                                 ; Normal                                ; Normal                                ;
; Limit to One Fitting Attempt                                               ; Off                                   ; Off                                   ;
; Final Placement Optimizations                                              ; Automatically                         ; Automatically                         ;
; Fitter Aggressive Routability Optimizations                                ; Automatically                         ; Automatically                         ;
; Fitter Initial Placement Seed                                              ; 1                                     ; 1                                     ;
; PCI I/O                                                                    ; Off                                   ; Off                                   ;
; Weak Pull-Up Resistor                                                      ; Off                                   ; Off                                   ;
; Enable Bus-Hold Circuitry                                                  ; Off                                   ; Off                                   ;
; Auto Packed Registers                                                      ; Auto                                  ; Auto                                  ;
; Auto Delay Chains                                                          ; On                                    ; On                                    ;
; Auto Delay Chains for High Fanout Input Pins                               ; Off                                   ; Off                                   ;
; Allow Single-ended Buffer for Differential-XSTL Input                      ; Off                                   ; Off                                   ;
; Treat Bidirectional Pin as Output Pin                                      ; Off                                   ; Off                                   ;
; Perform Physical Synthesis for Combinational Logic for Fitting             ; Off                                   ; Off                                   ;
; Perform Physical Synthesis for Combinational Logic for Performance         ; Off                                   ; Off                                   ;
; Perform Register Duplication for Performance                               ; Off                                   ; Off                                   ;
; Perform Logic to Memory Mapping for Fitting                                ; Off                                   ; Off                                   ;
; Perform Register Retiming for Performance                                  ; Off                                   ; Off                                   ;
; Perform Asynchronous Signal Pipelining                                     ; Off                                   ; Off                                   ;
; Fitter Effort                                                              ; Auto Fit                              ; Auto Fit                              ;
; Physical Synthesis Effort Level                                            ; Normal                                ; Normal                                ;
; Logic Cell Insertion - Logic Duplication                                   ; Auto                                  ; Auto                                  ;
; Auto Register Duplication                                                  ; Auto                                  ; Auto                                  ;
; Auto Global Clock                                                          ; On                                    ; On                                    ;
; Auto Global Register Control Signals                                       ; On                                    ; On                                    ;
; Generate GXB Reconfig MIF                                                  ; Off                                   ; Off                                   ;
; Reserve all unused pins                                                    ; As input tri-stated with weak pull-up ; As input tri-stated with weak pull-up ;
; Synchronizer Identification                                                ; Off                                   ; Off                                   ;
; Enable Beneficial Skew Optimization                                        ; On                                    ; On                                    ;
; Optimize Design for Metastability                                          ; On                                    ; On                                    ;
; Active Serial clock source                                                 ; FREQ_40MHz                            ; FREQ_40MHz                            ;
; Force Fitter to Avoid Periphery Placement Warnings                         ; Off                                   ; Off                                   ;
; Enable input tri-state on active configuration pins in user mode           ; Off                                   ; Off                                   ;
+----------------------------------------------------------------------------+---------------------------------------+---------------------------------------+


+------------------------------------------+
; Parallel Compilation                     ;
+----------------------------+-------------+
; Processors                 ; Number      ;
+----------------------------+-------------+
; Number detected on machine ; 20          ;
; Maximum allowed            ; 16          ;
;                            ;             ;
; Average used               ; 4.00        ;
; Maximum used               ; 16          ;
;                            ;             ;
; Usage by Processor         ; % Time Used ;
;     Processor 1            ; 100.0%      ;
;     Processors 2-4         ;  33.3%      ;
;     Processors 5-16        ;  16.7%      ;
;     Processors 17-20       ;   0.0%      ;
+----------------------------+-------------+


+------------------------------------------+
; I/O Assignment Warnings                  ;
+----------+-------------------------------+
; Pin Name ; Reason                        ;
+----------+-------------------------------+
; UART_TX  ; Incomplete set of assignments ;
; CAN_TX   ; Incomplete set of assignments ;
; CLK50M   ; Incomplete set of assignments ;
; CAN_RX   ; Incomplete set of assignments ;
+----------+-------------------------------+


+---------------------------------------------------------------------------------------------------+
; Incremental Compilation Preservation Summary                                                      ;
+---------------------+---------------------+----------------------------+--------------------------+
; Type                ; Total [A + B]       ; From Design Partitions [A] ; From Rapid Recompile [B] ;
+---------------------+---------------------+----------------------------+--------------------------+
; Placement (by node) ;                     ;                            ;                          ;
;     -- Requested    ; 0.00 % ( 0 / 2104 ) ; 0.00 % ( 0 / 2104 )        ; 0.00 % ( 0 / 2104 )      ;
;     -- Achieved     ; 0.00 % ( 0 / 2104 ) ; 0.00 % ( 0 / 2104 )        ; 0.00 % ( 0 / 2104 )      ;
;                     ;                     ;                            ;                          ;
; Routing (by net)    ;                     ;                            ;                          ;
;     -- Requested    ; 0.00 % ( 0 / 0 )    ; 0.00 % ( 0 / 0 )           ; 0.00 % ( 0 / 0 )         ;
;     -- Achieved     ; 0.00 % ( 0 / 0 )    ; 0.00 % ( 0 / 0 )           ; 0.00 % ( 0 / 0 )         ;
+---------------------+---------------------+----------------------------+--------------------------+


+----------------------------------------------------------------------------------------------------------------------------------------------------------------------------------------+
; Incremental Compilation Partition Settings                                                                                                                                             ;
+--------------------------------+----------------+-------------------+-------------------------+------------------------+------------------------------+--------------------------------+
; Partition Name                 ; Partition Type ; Netlist Type Used ; Preservation Level Used ; Netlist Type Requested ; Preservation Level Requested ; Contents                       ;
+--------------------------------+----------------+-------------------+-------------------------+------------------------+------------------------------+--------------------------------+
; Top                            ; User-created   ; Source File       ; N/A                     ; Source File            ; N/A                          ;                                ;
; hard_block:auto_generated_inst ; Auto-generated ; Source File       ; N/A                     ; Source File            ; N/A                          ; hard_block:auto_generated_inst ;
+--------------------------------+----------------+-------------------+-------------------------+------------------------+------------------------------+--------------------------------+


+------------------------------------------------------------------------------------------------------------------------------------+
; Incremental Compilation Placement Preservation                                                                                     ;
+--------------------------------+-----------------------+-------------------------+-------------------+---------------------+-------+
; Partition Name                 ; Preservation Achieved ; Preservation Level Used ; Netlist Type Used ; Preservation Method ; Notes ;
+--------------------------------+-----------------------+-------------------------+-------------------+---------------------+-------+
; Top                            ; 0.00 % ( 0 / 2094 )   ; N/A                     ; Source File       ; N/A                 ;       ;
; hard_block:auto_generated_inst ; 0.00 % ( 0 / 10 )     ; N/A                     ; Source File       ; N/A                 ;       ;
+--------------------------------+-----------------------+-------------------------+-------------------+---------------------+-------+


+--------------+
; Pin-Out File ;
+--------------+
The pin-out file can be found in D:/Project/Work/FPGA/FPGA.pin.


+-------------------------------------------------------------------------+
; Fitter Resource Usage Summary                                           ;
+---------------------------------------------+---------------------------+
; Resource                                    ; Usage                     ;
+---------------------------------------------+---------------------------+
; Total logic elements                        ; 1,308 / 14,400 ( 9 % )    ;
;     -- Combinational with no register       ; 506                       ;
;     -- Register only                        ; 96                        ;
;     -- Combinational with a register        ; 706                       ;
;                                             ;                           ;
; Logic element usage by number of LUT inputs ;                           ;
;     -- 4 input functions                    ; 414                       ;
;     -- 3 input functions                    ; 235                       ;
;     -- <=2 input functions                  ; 563                       ;
;     -- Register only                        ; 96                        ;
;                                             ;                           ;
; Logic elements by mode                      ;                           ;
;     -- normal mode                          ; 744                       ;
;     -- arithmetic mode                      ; 468                       ;
;                                             ;                           ;
; Total registers*                            ; 802 / 14,733 ( 5 % )      ;
;     -- Dedicated logic registers            ; 802 / 14,400 ( 6 % )      ;
;     -- I/O registers                        ; 0 / 333 ( 0 % )           ;
;                                             ;                           ;
; Total LABs:  partially or completely used   ; 102 / 900 ( 11 % )        ;
; Virtual pins                                ; 0                         ;
; I/O pins                                    ; 4 / 81 ( 5 % )            ;
;     -- Clock pins                           ; 1 / 6 ( 17 % )            ;
;     -- Dedicated input pins                 ; 0 / 12 ( 0 % )            ;
;                                             ;                           ;
; Global signals                              ; 2                         ;
; M9Ks                                        ; 8 / 60 ( 13 % )           ;
; Total block memory bits                     ; 73,728 / 552,960 ( 13 % ) ;
; Total block memory implementation bits      ; 73,728 / 552,960 ( 13 % ) ;
; PLLs                                        ; 0 / 3 ( 0 % )             ;
; Global clocks                               ; 2 / 20 ( 10 % )           ;
; JTAGs                                       ; 0 / 1 ( 0 % )             ;
; CRC blocks                                  ; 0 / 1 ( 0 % )             ;
; ASMI blocks                                 ; 0 / 1 ( 0 % )             ;
; GXB Receiver channel PCSs                   ; 0 / 2 ( 0 % )             ;
; GXB Receiver channel PMAs                   ; 0 / 2 ( 0 % )             ;
; GXB Transmitter channel PCSs                ; 0 / 2 ( 0 % )             ;
; GXB Transmitter channel PMAs                ; 0 / 2 ( 0 % )             ;
; Impedance control blocks                    ; 0 / 3 ( 0 % )             ;
; Average interconnect usage (total/H/V)      ; 1% / 1% / 1%              ;
; Peak interconnect usage (total/H/V)         ; 5% / 4% / 5%              ;
; Maximum fan-out                             ; 810                       ;
; Highest non-global fan-out                  ; 154                       ;
; Total fan-out                               ; 6970                      ;
; Average fan-out                             ; 3.28                      ;
+---------------------------------------------+---------------------------+
*  Register count does not include registers inside RAM blocks or DSP blocks.



+-----------------------------------------------------------------------------------------------------+
; Fitter Partition Statistics                                                                         ;
+---------------------------------------------+----------------------+--------------------------------+
; Statistic                                   ; Top                  ; hard_block:auto_generated_inst ;
+---------------------------------------------+----------------------+--------------------------------+
; Difficulty Clustering Region                ; Low                  ; Low                            ;
;                                             ;                      ;                                ;
; Total logic elements                        ; 1308 / 14400 ( 9 % ) ; 0 / 14400 ( 0 % )              ;
;     -- Combinational with no register       ; 506                  ; 0                              ;
;     -- Register only                        ; 96                   ; 0                              ;
;     -- Combinational with a register        ; 706                  ; 0                              ;
;                                             ;                      ;                                ;
; Logic element usage by number of LUT inputs ;                      ;                                ;
;     -- 4 input functions                    ; 414                  ; 0                              ;
;     -- 3 input functions                    ; 235                  ; 0                              ;
;     -- <=2 input functions                  ; 563                  ; 0                              ;
;     -- Register only                        ; 96                   ; 0                              ;
;                                             ;                      ;                                ;
; Logic elements by mode                      ;                      ;                                ;
;     -- normal mode                          ; 744                  ; 0                              ;
;     -- arithmetic mode                      ; 468                  ; 0                              ;
;                                             ;                      ;                                ;
; Total registers                             ; 802                  ; 0                              ;
;     -- Dedicated logic registers            ; 802 / 14400 ( 6 % )  ; 0 / 14400 ( 0 % )              ;
;     -- I/O registers                        ; 0                    ; 0                              ;
;                                             ;                      ;                                ;
; Total LABs:  partially or completely used   ; 102 / 900 ( 11 % )   ; 0 / 900 ( 0 % )                ;
;                                             ;                      ;                                ;
; Virtual pins                                ; 0                    ; 0                              ;
; I/O pins                                    ; 4                    ; 0                              ;
; Embedded Multiplier 9-bit elements          ; 0                    ; 0                              ;
; Total memory bits                           ; 73728                ; 0                              ;
; Total RAM block bits                        ; 73728                ; 0                              ;
; M9K                                         ; 8 / 60 ( 13 % )      ; 0 / 60 ( 0 % )                 ;
; Clock control block                         ; 2 / 23 ( 8 % )       ; 0 / 23 ( 0 % )                 ;
;                                             ;                      ;                                ;
; Connections                                 ;                      ;                                ;
;     -- Input Connections                    ; 0                    ; 0                              ;
;     -- Registered Input Connections         ; 0                    ; 0                              ;
;     -- Output Connections                   ; 0                    ; 0                              ;
;     -- Registered Output Connections        ; 0                    ; 0                              ;
;                                             ;                      ;                                ;
; Internal Connections                        ;                      ;                                ;
;     -- Total Connections                    ; 6965                 ; 5                              ;
;     -- Registered Connections               ; 2337                 ; 0                              ;
;                                             ;                      ;                                ;
; External Connections                        ;                      ;                                ;
;     -- Top                                  ; 0                    ; 0                              ;
;     -- hard_block:auto_generated_inst       ; 0                    ; 0                              ;
;                                             ;                      ;                                ;
; Partition Interface                         ;                      ;                                ;
;     -- Input Ports                          ; 2                    ; 0                              ;
;     -- Output Ports                         ; 2                    ; 0                              ;
;     -- Bidir Ports                          ; 0                    ; 0                              ;
;                                             ;                      ;                                ;
; Registered Ports                            ;                      ;                                ;
;     -- Registered Input Ports               ; 0                    ; 0                              ;
;     -- Registered Output Ports              ; 0                    ; 0                              ;
;                                             ;                      ;                                ;
; Port Connectivity                           ;                      ;                                ;
;     -- Input Ports driven by GND            ; 0                    ; 0                              ;
;     -- Output Ports driven by GND           ; 0                    ; 0                              ;
;     -- Input Ports driven by VCC            ; 0                    ; 0                              ;
;     -- Output Ports driven by VCC           ; 0                    ; 0                              ;
;     -- Input Ports with no Source           ; 0                    ; 0                              ;
;     -- Output Ports with no Source          ; 0                    ; 0                              ;
;     -- Input Ports with no Fanout           ; 0                    ; 0                              ;
;     -- Output Ports with no Fanout          ; 0                    ; 0                              ;
+---------------------------------------------+----------------------+--------------------------------+


+-------------------------------------------------------------------------------------------------------------------------------------------------------------------------------------------------------------------------------------------------------------------------------------------+
; Input Pins                                                                                                                                                                                                                                                                                ;
+--------+-------+----------+--------------+--------------+--------------+-----------------------+--------------------+--------+----------------+---------------+-----------------+----------+--------------+--------------+-------------+---------------------------+----------------------+
; Name   ; Pin # ; I/O Bank ; X coordinate ; Y coordinate ; Z coordinate ; Combinational Fan-Out ; Registered Fan-Out ; Global ; Input Register ; Power Up High ; PCI I/O Enabled ; Bus Hold ; Weak Pull Up ; I/O Standard ; Termination ; Termination Control Block ; Location assigned by ;
+--------+-------+----------+--------------+--------------+--------------+-----------------------+--------------------+--------+----------------+---------------+-----------------+----------+--------------+--------------+-------------+---------------------------+----------------------+
; CAN_RX ; C8    ; 7        ; 22           ; 31           ; 7            ; 2                     ; 0                  ; no     ; no             ; no            ; yes             ; no       ; Off          ; 2.5 V        ; Off         ; --                        ; Fitter               ;
; CLK50M ; J7    ; 3A       ; 16           ; 0            ; 14           ; 810                   ; 0                  ; yes    ; no             ; no            ; yes             ; no       ; Off          ; 2.5 V        ; Off         ; --                        ; Fitter               ;
+--------+-------+----------+--------------+--------------+--------------+-----------------------+--------------------+--------+----------------+---------------+-----------------+----------+--------------+--------------+-------------+---------------------------+----------------------+


+----------------------------------------------------------------------------------------------------------------------------------------------------------------------------------------------------------------------------------------------------------------------------------------------------------------------------------------------------------------------------------------------------------------------------------------------------------+
; Output Pins                                                                                                                                                                                                                                                                                                                                                                                                                                              ;
+---------+-------+----------+--------------+--------------+--------------+-----------------+------------------------+---------------+-----------+-----------------+------------+---------------+----------+--------------+--------------+------------------+-----------------------------------+---------------------------+----------------------------+-----------------------------+----------------------+----------------------+---------------------+
; Name    ; Pin # ; I/O Bank ; X coordinate ; Y coordinate ; Z coordinate ; Output Register ; Output Enable Register ; Power Up High ; Slew Rate ; PCI I/O Enabled ; Open Drain ; TRI Primitive ; Bus Hold ; Weak Pull Up ; I/O Standard ; Current Strength ; Termination                       ; Termination Control Block ; Output Buffer Pre-emphasis ; Voltage Output Differential ; Location assigned by ; Output Enable Source ; Output Enable Group ;
+---------+-------+----------+--------------+--------------+--------------+-----------------+------------------------+---------------+-----------+-----------------+------------+---------------+----------+--------------+--------------+------------------+-----------------------------------+---------------------------+----------------------------+-----------------------------+----------------------+----------------------+---------------------+
; CAN_TX  ; G10   ; 6        ; 33           ; 22           ; 7            ; no              ; no                     ; no            ; 2         ; no              ; no         ; no            ; no       ; Off          ; 2.5 V        ; Default          ; Series 50 Ohm without Calibration ; --                        ; no                         ; no                          ; Fitter               ; -                    ; -                   ;
; UART_TX ; A6    ; 8        ; 10           ; 31           ; 0            ; no              ; no                     ; no            ; 2         ; no              ; no         ; no            ; no       ; Off          ; 2.5 V        ; Default          ; Series 50 Ohm without Calibration ; --                        ; no                         ; no                          ; Fitter               ; -                    ; -                   ;
+---------+-------+----------+--------------+--------------+--------------+-----------------+------------------------+---------------+-----------+-----------------+------------+---------------+----------+--------------+--------------+------------------+-----------------------------------+---------------------------+----------------------------+-----------------------------+----------------------+----------------------+---------------------+


+---------------------------------------------------------------------------------------------------------+
; Dual Purpose and Dedicated Pins                                                                         ;
+----------+--------------------+--------------------------+------------------+---------------------------+
; Location ; Pin Name           ; Reserved As              ; User Signal Name ; Pin Type                  ;
+----------+--------------------+--------------------------+------------------+---------------------------+
; L3       ; MSEL2              ; -                        ; -                ; Dedicated Programming Pin ;
; N3       ; MSEL1              ; -                        ; -                ; Dedicated Programming Pin ;
; K5       ; MSEL0              ; -                        ; -                ; Dedicated Programming Pin ;
; J5       ; CONF_DONE          ; -                        ; -                ; Dedicated Programming Pin ;
; K6       ; nSTATUS            ; -                        ; -                ; Dedicated Programming Pin ;
; N5       ; DIFFIO_B1n, NCEO   ; Use as programming pin   ; ~ALTERA_NCEO~    ; Dual Purpose Pin          ;
; G10      ; DIFFIO_R4n, DEV_OE ; Use as regular IO        ; CAN_TX           ; Dual Purpose Pin          ;
; A6       ; CLKUSR             ; Use as regular IO        ; UART_TX          ; Dual Purpose Pin          ;
; A5       ; DATA0              ; As input tri-stated      ; ~ALTERA_DATA0~   ; Dual Purpose Pin          ;
; B5       ; ASDO               ; As input tri-stated      ; ~ALTERA_ASDO~    ; Dual Purpose Pin          ;
; C5       ; NCSO               ; As input tri-stated      ; ~ALTERA_NCSO~    ; Dual Purpose Pin          ;
; A4       ; DCLK               ; As output driving ground ; ~ALTERA_DCLK~    ; Dual Purpose Pin          ;
; D5       ; nCONFIG            ; -                        ; -                ; Dedicated Programming Pin ;
; C4       ; nCE                ; -                        ; -                ; Dedicated Programming Pin ;
+----------+--------------------+--------------------------+------------------+---------------------------+


+------------------------------------------------------------------------------+
; I/O Bank Usage                                                               ;
+----------+-----------------+---------------+--------------+------------------+
; I/O Bank ; Usage           ; VCCIO Voltage ; VREF Voltage ; VCCCLKIN Voltage ;
+----------+-----------------+---------------+--------------+------------------+
; QL0      ; 0 / 8 ( 0 % )   ; --            ; --           ; --               ;
; 3        ; 1 / 8 ( 13 % )  ; 2.5V          ; --           ; --               ;
; 3A       ; 1 / 2 ( 50 % )  ; --            ; --           ; 2.5V             ;
; 4        ; 0 / 14 ( 0 % )  ; 2.5V          ; --           ; --               ;
; 5        ; 0 / 12 ( 0 % )  ; 2.5V          ; --           ; --               ;
; 6        ; 1 / 12 ( 8 % )  ; 2.5V          ; --           ; --               ;
; 7        ; 1 / 14 ( 7 % )  ; 2.5V          ; --           ; --               ;
; 8A       ; 0 / 2 ( 0 % )   ; --            ; --           ; 2.5V             ;
; 8        ; 1 / 5 ( 20 % )  ; 2.5V          ; --           ; --               ;
; 9        ; 4 / 4 ( 100 % ) ; 2.5V          ; --           ; --               ;
+----------+-----------------+---------------+--------------+------------------+


+--------------------------------------------------------------------------------------------------------------------------------------------------------------------------------+
; All Package Pins                                                                                                                                                               ;
+----------+------------+----------+--------------------------------------------------+--------+--------------+---------+------------+-----------------+----------+--------------+
; Location ; Pad Number ; I/O Bank ; Pin Name/Usage                                   ; Dir.   ; I/O Standard ; Voltage ; I/O Type   ; User Assignment ; Bus Hold ; Weak Pull Up ;
+----------+------------+----------+--------------------------------------------------+--------+--------------+---------+------------+-----------------+----------+--------------+
; A1       ; 99         ; 9        ; #TDO                                             ; output ;              ;         ; --         ;                 ; --       ; --           ;
; A2       ; 98         ; 9        ; #TMS                                             ; input  ;              ;         ; --         ;                 ; --       ; --           ;
; A3       ; 96         ; 9        ; #TDI                                             ; input  ;              ;         ; --         ;                 ; --       ; --           ;
; A4       ; 93         ; 9        ; ~ALTERA_DCLK~                                    ; output ; 2.5 V        ;         ; Column I/O ; N               ; no       ; On           ;
; A5       ; 90         ; 9        ; ~ALTERA_DATA0~ / RESERVED_INPUT_WITH_WEAK_PULLUP ; input  ; 2.5 V        ;         ; Column I/O ; N               ; no       ; On           ;
; A6       ; 89         ; 8        ; UART_TX                                          ; output ; 2.5 V        ;         ; Column I/O ; N               ; no       ; Off          ;
; A7       ; 87         ; 8        ; RESERVED_INPUT_WITH_WEAK_PULLUP                  ;        ;              ;         ; Column I/O ;                 ; no       ; On           ;
; A8       ; 88         ; 8        ; RESERVED_INPUT_WITH_WEAK_PULLUP                  ;        ;              ;         ; Column I/O ;                 ; no       ; On           ;
; A9       ; 81         ; 7        ; GND+                                             ;        ;              ;         ; Column I/O ;                 ; --       ; --           ;
; A10      ; 82         ; 7        ; GND+                                             ;        ;              ;         ; Column I/O ;                 ; --       ; --           ;
; A11      ; 79         ; 7        ; RESERVED_INPUT_WITH_WEAK_PULLUP                  ;        ;              ;         ; Column I/O ;                 ; no       ; On           ;
; A12      ; 80         ; 7        ; RESERVED_INPUT_WITH_WEAK_PULLUP                  ;        ;              ;         ; Column I/O ;                 ; no       ; On           ;
; A13      ; 73         ; 7        ; RESERVED_INPUT_WITH_WEAK_PULLUP                  ;        ;              ;         ; Column I/O ;                 ; no       ; On           ;
; B1       ;            ;          ; GND                                              ; gnd    ;              ;         ; --         ;                 ; --       ; --           ;
; B2       ;            ;          ; GND                                              ; gnd    ;              ;         ; --         ;                 ; --       ; --           ;
; B3       ; 97         ; 9        ; #TCK                                             ; input  ;              ;         ; --         ;                 ; --       ; --           ;
; B4       ;            ;          ; GND                                              ; gnd    ;              ;         ; --         ;                 ; --       ; --           ;
; B5       ; 91         ; 9        ; ~ALTERA_ASDO~ / RESERVED_INPUT_WITH_WEAK_PULLUP  ; input  ; 2.5 V        ;         ; Column I/O ; N               ; no       ; On           ;
; B6       ; 86         ; 8        ; RESERVED_INPUT_WITH_WEAK_PULLUP                  ;        ;              ;         ; Column I/O ;                 ; no       ; On           ;
; B7       ;            ;          ; GND                                              ; gnd    ;              ;         ; --         ;                 ; --       ; --           ;
; B8       ; 77         ; 7        ; RESERVED_INPUT_WITH_WEAK_PULLUP                  ;        ;              ;         ; Column I/O ;                 ; no       ; On           ;
; B9       ;            ;          ; GND                                              ; gnd    ;              ;         ; --         ;                 ; --       ; --           ;
; B10      ; 76         ; 7        ; RESERVED_INPUT_WITH_WEAK_PULLUP                  ;        ;              ;         ; Column I/O ;                 ; --       ; --           ;
; B11      ; 75         ; 7        ; RESERVED_INPUT_WITH_WEAK_PULLUP                  ;        ;              ;         ; Column I/O ;                 ; no       ; On           ;
; B12      ;            ;          ; GND                                              ; gnd    ;              ;         ; --         ;                 ; --       ; --           ;
; B13      ; 74         ; 7        ; RESERVED_INPUT_WITH_WEAK_PULLUP                  ;        ;              ;         ; Column I/O ;                 ; no       ; On           ;
; C1       ; 9          ; QL0      ; GXB_NC                                           ;        ;              ;         ; --         ;                 ; --       ; --           ;
; C2       ; 8          ; QL0      ; GXB_NC                                           ;        ;              ;         ; --         ;                 ; --       ; --           ;
; C3       ;            ; 9        ; VCCIO9                                           ; power  ;              ; 2.5V    ; --         ;                 ; --       ; --           ;
; C4       ; 95         ; 9        ; ^nCE                                             ;        ;              ;         ; --         ;                 ; --       ; --           ;
; C5       ; 92         ; 9        ; ~ALTERA_NCSO~ / RESERVED_INPUT_WITH_WEAK_PULLUP  ; input  ; 2.5 V        ;         ; Column I/O ; N               ; no       ; On           ;
; C6       ; 85         ; 8        ; RESERVED_INPUT_WITH_WEAK_PULLUP                  ;        ;              ;         ; Column I/O ;                 ; --       ; --           ;
; C7       ;            ; 8        ; VCCIO8                                           ; power  ;              ; 2.5V    ; --         ;                 ; --       ; --           ;
; C8       ; 78         ; 7        ; CAN_RX                                           ; input  ; 2.5 V        ;         ; Column I/O ; N               ; no       ; Off          ;
; C9       ;            ; 7        ; VCCIO7                                           ; power  ;              ; 2.5V    ; --         ;                 ; --       ; --           ;
; C10      ;            ; 7        ; VCCIO7                                           ; power  ;              ; 2.5V    ; --         ;                 ; --       ; --           ;
; C11      ; 69         ; 7        ; RESERVED_INPUT_WITH_WEAK_PULLUP                  ;        ;              ;         ; Column I/O ;                 ; no       ; On           ;
; C12      ; 70         ; 7        ; RESERVED_INPUT_WITH_WEAK_PULLUP                  ;        ;              ;         ; Column I/O ;                 ; no       ; On           ;
; C13      ; 71         ; 7        ; RESERVED_INPUT_WITH_WEAK_PULLUP                  ;        ;              ;         ; Column I/O ;                 ; no       ; On           ;
; D1       ;            ;          ; GND                                              ; gnd    ;              ;         ; --         ;                 ; --       ; --           ;
; D2       ;            ;          ; GND                                              ; gnd    ;              ;         ; --         ;                 ; --       ; --           ;
; D3       ;            ;          ; VCCD_PLL                                         ; power  ;              ; 1.2V    ; --         ;                 ; --       ; --           ;
; D4       ;            ; --       ; VCCA                                             ; power  ;              ; 2.5V    ; --         ;                 ; --       ; --           ;
; D5       ; 94         ; 9        ; ^nCONFIG                                         ;        ;              ;         ; --         ;                 ; --       ; --           ;
; D6       ;            ;          ; GND                                              ; gnd    ;              ;         ; --         ;                 ; --       ; --           ;
; D7       ;            ; 8A       ; VCC_CLKIN8A                                      ; power  ;              ; 2.5V    ; --         ;                 ; --       ; --           ;
; D8       ;            ;          ; GND                                              ; gnd    ;              ;         ; --         ;                 ; --       ; --           ;
; D9       ;            ; --       ; VCCA                                             ; power  ;              ; 2.5V    ; --         ;                 ; --       ; --           ;
; D10      ; 65         ; 6        ; RESERVED_INPUT_WITH_WEAK_PULLUP                  ;        ;              ;         ; Row I/O    ;                 ; no       ; On           ;
; D11      ; 68         ; 6        ; RESERVED_INPUT_WITH_WEAK_PULLUP                  ;        ;              ;         ; Row I/O    ;                 ; no       ; On           ;
; D12      ; 67         ; 6        ; RESERVED_INPUT_WITH_WEAK_PULLUP                  ;        ;              ;         ; Row I/O    ;                 ; no       ; On           ;
; D13      ; 72         ; 7        ; RESERVED_INPUT_WITH_WEAK_PULLUP                  ;        ;              ;         ; Column I/O ;                 ; no       ; On           ;
; E1       ; 11         ; QL0      ; GXB_GND*                                         ;        ;              ;         ; --         ;                 ; --       ; --           ;
; E2       ; 10         ; QL0      ; GXB_GND*                                         ;        ;              ;         ; --         ;                 ; --       ; --           ;
; E3       ;            ;          ; GND                                              ; gnd    ;              ;         ; --         ;                 ; --       ; --           ;
; E4       ;            ;          ; VCCINT                                           ; power  ;              ; 1.2V    ; --         ;                 ; --       ; --           ;
; E5       ;            ;          ; GND                                              ; gnd    ;              ;         ; --         ;                 ; --       ; --           ;
; E6       ; 83         ; 8A       ; GXB_GND*                                         ;        ;              ;         ; Column I/O ;                 ; --       ; --           ;
; E7       ; 84         ; 8A       ; GXB_GND*                                         ;        ;              ;         ; Column I/O ;                 ; --       ; --           ;
; E8       ;            ;          ; VCCINT                                           ; power  ;              ; 1.2V    ; --         ;                 ; --       ; --           ;
; E9       ;            ;          ; GND                                              ; gnd    ;              ;         ; --         ;                 ; --       ; --           ;
; E10      ; 66         ; 6        ; RESERVED_INPUT_WITH_WEAK_PULLUP                  ;        ;              ;         ; Row I/O    ;                 ; no       ; On           ;
; E11      ;            ; 6        ; VCCIO6                                           ; power  ;              ; 2.5V    ; --         ;                 ; --       ; --           ;
; E12      ;            ;          ; GND                                              ; gnd    ;              ;         ; --         ;                 ; --       ; --           ;
; E13      ; 63         ; 6        ; RESERVED_INPUT_WITH_WEAK_PULLUP                  ;        ;              ;         ; Row I/O    ;                 ; --       ; --           ;
; F1       ;            ;          ; GND                                              ; gnd    ;              ;         ; --         ;                 ; --       ; --           ;
; F2       ;            ;          ; GND                                              ; gnd    ;              ;         ; --         ;                 ; --       ; --           ;
; F3       ;            ; --       ; VCCL_GXB                                         ; power  ;              ; 1.2V    ; --         ;                 ; --       ; --           ;
; F4       ;            ;          ; GND                                              ; gnd    ;              ;         ; --         ;                 ; --       ; --           ;
; F5       ;            ;          ; VCCINT                                           ; power  ;              ; 1.2V    ; --         ;                 ; --       ; --           ;
; F6       ;            ;          ; GND                                              ; gnd    ;              ;         ; --         ;                 ; --       ; --           ;
; F7       ;            ;          ; VCCINT                                           ; power  ;              ; 1.2V    ; --         ;                 ; --       ; --           ;
; F8       ;            ;          ; GND                                              ; gnd    ;              ;         ; --         ;                 ; --       ; --           ;
; F9       ; 64         ; 6        ; RESERVED_INPUT_WITH_WEAK_PULLUP                  ;        ;              ;         ; Row I/O    ;                 ; no       ; On           ;
; F10      ; 62         ; 6        ; RESERVED_INPUT_WITH_WEAK_PULLUP                  ;        ;              ;         ; Row I/O    ;                 ; no       ; On           ;
; F11      ; 61         ; 6        ; RESERVED_INPUT_WITH_WEAK_PULLUP                  ;        ;              ;         ; Row I/O    ;                 ; no       ; On           ;
; F12      ; 58         ; 6        ; GND+                                             ;        ;              ;         ; Row I/O    ;                 ; --       ; --           ;
; F13      ; 57         ; 6        ; GND+                                             ;        ;              ;         ; Row I/O    ;                 ; --       ; --           ;
; G1       ; 13         ; QL0      ; GXB_NC                                           ;        ;              ;         ; --         ;                 ; --       ; --           ;
; G2       ; 12         ; QL0      ; GXB_NC                                           ;        ;              ;         ; --         ;                 ; --       ; --           ;
; G3       ;            ; --       ; VCCH_GXB                                         ; power  ;              ; 2.5V    ; --         ;                 ; --       ; --           ;
; G4       ;            ;          ; VCCINT                                           ; power  ;              ; 1.2V    ; --         ;                 ; --       ; --           ;
; G5       ;            ;          ; GND                                              ; gnd    ;              ;         ; --         ;                 ; --       ; --           ;
; G6       ;            ;          ; VCCINT                                           ; power  ;              ; 1.2V    ; --         ;                 ; --       ; --           ;
; G7       ;            ;          ; GND                                              ; gnd    ;              ;         ; --         ;                 ; --       ; --           ;
; G8       ;            ;          ; VCCINT                                           ; power  ;              ; 1.2V    ; --         ;                 ; --       ; --           ;
; G9       ; 60         ; 6        ; RESERVED_INPUT_WITH_WEAK_PULLUP                  ;        ;              ;         ; Row I/O    ;                 ; no       ; On           ;
; G10      ; 59         ; 6        ; CAN_TX                                           ; output ; 2.5 V        ;         ; Row I/O    ; N               ; no       ; Off          ;
; G11      ;            ; 6        ; VCCIO6                                           ; power  ;              ; 2.5V    ; --         ;                 ; --       ; --           ;
; G12      ;            ;          ; GND                                              ; gnd    ;              ;         ; --         ;                 ; --       ; --           ;
; G13      ; 55         ; 5        ; GND+                                             ;        ;              ;         ; Row I/O    ;                 ; --       ; --           ;
; H1       ;            ;          ; GND                                              ; gnd    ;              ;         ; --         ;                 ; --       ; --           ;
; H2       ;            ;          ; GND                                              ; gnd    ;              ;         ; --         ;                 ; --       ; --           ;
; H3       ;            ; --       ; VCCL_GXB                                         ; power  ;              ; 1.2V    ; --         ;                 ; --       ; --           ;
; H4       ;            ;          ; GND                                              ; gnd    ;              ;         ; --         ;                 ; --       ; --           ;
; H5       ;            ;          ; VCCINT                                           ; power  ;              ; 1.2V    ; --         ;                 ; --       ; --           ;
; H6       ;            ;          ; GND                                              ; gnd    ;              ;         ; --         ;                 ; --       ; --           ;
; H7       ;            ;          ; VCCINT                                           ; power  ;              ; 1.2V    ; --         ;                 ; --       ; --           ;
; H8       ;            ;          ; GND                                              ; gnd    ;              ;         ; --         ;                 ; --       ; --           ;
; H9       ;            ; --       ; VCCA                                             ; power  ;              ; 2.5V    ; --         ;                 ; --       ; --           ;
; H10      ; 52         ; 5        ; RESERVED_INPUT_WITH_WEAK_PULLUP                  ;        ;              ;         ; Row I/O    ;                 ; no       ; On           ;
; H11      ;            ; 5        ; VCCIO5                                           ; power  ;              ; 2.5V    ; --         ;                 ; --       ; --           ;
; H12      ; 51         ; 5        ; RESERVED_INPUT_WITH_WEAK_PULLUP                  ;        ;              ;         ; Row I/O    ;                 ; --       ; --           ;
; H13      ; 56         ; 5        ; GND+                                             ;        ;              ;         ; Row I/O    ;                 ; --       ; --           ;
; J1       ; 15         ; QL0      ; GXB_GND*                                         ;        ;              ;         ; --         ;                 ; --       ; --           ;
; J2       ; 14         ; QL0      ; GXB_GND*                                         ;        ;              ;         ; --         ;                 ; --       ; --           ;
; J3       ;            ; --       ; VCCA_GXB                                         ; power  ;              ; 2.5V    ; --         ;                 ; --       ; --           ;
; J4       ;            ;          ; VCCD_PLL                                         ; power  ;              ; 1.2V    ; --         ;                 ; --       ; --           ;
; J5       ; 19         ; 3        ; ^CONF_DONE                                       ;        ;              ;         ; --         ;                 ; --       ; --           ;
; J6       ; 29         ; 3A       ; GXB_GND*                                         ;        ;              ;         ; Column I/O ;                 ; --       ; --           ;
; J7       ; 30         ; 3A       ; CLK50M                                           ; input  ; 2.5 V        ;         ; Column I/O ; N               ; no       ; Off          ;
; J8       ;            ;          ; VCCINT                                           ; power  ;              ; 1.2V    ; --         ;                 ; --       ; --           ;
; J9       ;            ;          ; GND                                              ; gnd    ;              ;         ; --         ;                 ; --       ; --           ;
; J10      ;            ;          ; VCCD_PLL                                         ; power  ;              ; 1.2V    ; --         ;                 ; --       ; --           ;
; J11      ;            ; 5        ; VCCIO5                                           ; power  ;              ; 2.5V    ; --         ;                 ; --       ; --           ;
; J12      ;            ;          ; GND                                              ; gnd    ;              ;         ; --         ;                 ; --       ; --           ;
; J13      ; 53         ; 5        ; RESERVED_INPUT_WITH_WEAK_PULLUP                  ;        ;              ;         ; Row I/O    ;                 ; no       ; On           ;
; K1       ;            ;          ; GND                                              ; gnd    ;              ;         ; --         ;                 ; --       ; --           ;
; K2       ;            ;          ; GND                                              ; gnd    ;              ;         ; --         ;                 ; --       ; --           ;
; K3       ;            ;          ; GND                                              ; gnd    ;              ;         ; --         ;                 ; --       ; --           ;
; K4       ;            ; --       ; VCCA                                             ; power  ;              ; 2.5V    ; --         ;                 ; --       ; --           ;
; K5       ; 18         ; 3        ; ^MSEL0                                           ;        ;              ;         ; --         ;                 ; --       ; --           ;
; K6       ; 20         ; 3        ; ^nSTATUS                                         ;        ;              ;         ; --         ;                 ; --       ; --           ;
; K7       ;            ; 3A       ; VCC_CLKIN3A                                      ; power  ;              ; 2.5V    ; --         ;                 ; --       ; --           ;
; K8       ; 35         ; 4        ; RESERVED_INPUT_WITH_WEAK_PULLUP                  ;        ;              ;         ; Column I/O ;                 ; --       ; --           ;
; K9       ; 36         ; 4        ; RESERVED_INPUT_WITH_WEAK_PULLUP                  ;        ;              ;         ; Column I/O ;                 ; no       ; On           ;
; K10      ; 43         ; 4        ; RESERVED_INPUT_WITH_WEAK_PULLUP                  ;        ;              ;         ; Column I/O ;                 ; no       ; On           ;
; K11      ; 48         ; 5        ; RESERVED_INPUT_WITH_WEAK_PULLUP                  ;        ;              ;         ; Row I/O    ;                 ; no       ; On           ;
; K12      ; 47         ; 5        ; RESERVED_INPUT_WITH_WEAK_PULLUP                  ;        ;              ;         ; Row I/O    ;                 ; no       ; On           ;
; K13      ; 54         ; 5        ; RESERVED_INPUT_WITH_WEAK_PULLUP                  ;        ;              ;         ; Row I/O    ;                 ; no       ; On           ;
; L1       ;            ;          ; RREF                                             ;        ;              ;         ; --         ;                 ; --       ; --           ;
; L2       ;            ;          ; GND                                              ; gnd    ;              ;         ; --         ;                 ; --       ; --           ;
; L3       ; 16         ; 3        ; ^MSEL2                                           ;        ;              ;         ; --         ;                 ; --       ; --           ;
; L4       ; 21         ; 3        ; RESERVED_INPUT_WITH_WEAK_PULLUP                  ;        ;              ;         ; Column I/O ;                 ; no       ; On           ;
; L5       ; 27         ; 3        ; RESERVED_INPUT_WITH_WEAK_PULLUP                  ;        ;              ;         ; Column I/O ;                 ; no       ; On           ;
; L6       ;            ; 3        ; VCCIO3                                           ; power  ;              ; 2.5V    ; --         ;                 ; --       ; --           ;
; L7       ; 28         ; 3        ; RESERVED_INPUT_WITH_WEAK_PULLUP                  ;        ;              ;         ; Column I/O ;                 ; --       ; --           ;
; L8       ;            ; 4        ; VCCIO4                                           ; power  ;              ; 2.5V    ; --         ;                 ; --       ; --           ;
; L9       ; 37         ; 4        ; RESERVED_INPUT_WITH_WEAK_PULLUP                  ;        ;              ;         ; Column I/O ;                 ; no       ; On           ;
; L10      ;            ; 4        ; VCCIO4                                           ; power  ;              ; 2.5V    ; --         ;                 ; --       ; --           ;
; L11      ; 44         ; 4        ; RESERVED_INPUT_WITH_WEAK_PULLUP                  ;        ;              ;         ; Column I/O ;                 ; no       ; On           ;
; L12      ; 50         ; 5        ; RESERVED_INPUT_WITH_WEAK_PULLUP                  ;        ;              ;         ; Row I/O    ;                 ; no       ; On           ;
; L13      ; 49         ; 5        ; RESERVED_INPUT_WITH_WEAK_PULLUP                  ;        ;              ;         ; Row I/O    ;                 ; no       ; On           ;
; M1       ;            ;          ; GND                                              ; gnd    ;              ;         ; --         ;                 ; --       ; --           ;
; M2       ;            ; --       ; VCCA_GXB                                         ; power  ;              ; 2.5V    ; --         ;                 ; --       ; --           ;
; M3       ;            ;          ; NC                                               ;        ;              ;         ; --         ;                 ; --       ; --           ;
; M4       ; 22         ; 3        ; RESERVED_INPUT_WITH_WEAK_PULLUP                  ;        ;              ;         ; Column I/O ;                 ; no       ; On           ;
; M5       ;            ;          ; GND                                              ; gnd    ;              ;         ; --         ;                 ; --       ; --           ;
; M6       ; 25         ; 3        ; RESERVED_INPUT_WITH_WEAK_PULLUP                  ;        ;              ;         ; Column I/O ;                 ; no       ; On           ;
; M7       ; 31         ; 4        ; GND+                                             ;        ;              ;         ; Column I/O ;                 ; --       ; --           ;
; M8       ;            ;          ; GND                                              ; gnd    ;              ;         ; --         ;                 ; --       ; --           ;
; M9       ; 38         ; 4        ; RESERVED_INPUT_WITH_WEAK_PULLUP                  ;        ;              ;         ; Column I/O ;                 ; no       ; On           ;
; M10      ;            ;          ; GND                                              ; gnd    ;              ;         ; --         ;                 ; --       ; --           ;
; M11      ; 41         ; 4        ; RESERVED_INPUT_WITH_WEAK_PULLUP                  ;        ;              ;         ; Column I/O ;                 ; no       ; On           ;
; M12      ;            ;          ; GND                                              ; gnd    ;              ;         ; --         ;                 ; --       ; --           ;
; M13      ; 46         ; 5        ; RESERVED_INPUT_WITH_WEAK_PULLUP                  ;        ;              ;         ; Row I/O    ;                 ; no       ; On           ;
; N1       ;            ; --       ; VCCL_GXB                                         ; power  ;              ; 1.2V    ; --         ;                 ; --       ; --           ;
; N2       ;            ;          ; NC                                               ;        ;              ;         ; --         ;                 ; --       ; --           ;
; N3       ; 17         ; 3        ; ^MSEL1                                           ;        ;              ;         ; --         ;                 ; --       ; --           ;
; N4       ; 23         ; 3        ; RESERVED_INPUT_WITH_WEAK_PULLUP                  ;        ;              ;         ; Column I/O ;                 ; no       ; On           ;
; N5       ; 24         ; 3        ; ~ALTERA_NCEO~ / RESERVED_OUTPUT_OPEN_DRAIN       ; output ; 2.5 V        ;         ; Column I/O ; N               ; no       ; Off          ;
; N6       ; 26         ; 3        ; RESERVED_INPUT_WITH_WEAK_PULLUP                  ;        ;              ;         ; Column I/O ;                 ; no       ; On           ;
; N7       ; 32         ; 4        ; GND+                                             ;        ;              ;         ; Column I/O ;                 ; --       ; --           ;
; N8       ; 33         ; 4        ; RESERVED_INPUT_WITH_WEAK_PULLUP                  ;        ;              ;         ; Column I/O ;                 ; no       ; On           ;
; N9       ; 34         ; 4        ; RESERVED_INPUT_WITH_WEAK_PULLUP                  ;        ;              ;         ; Column I/O ;                 ; no       ; On           ;
; N10      ; 39         ; 4        ; RESERVED_INPUT_WITH_WEAK_PULLUP                  ;        ;              ;         ; Column I/O ;                 ; no       ; On           ;
; N11      ; 40         ; 4        ; RESERVED_INPUT_WITH_WEAK_PULLUP                  ;        ;              ;         ; Column I/O ;                 ; no       ; On           ;
; N12      ; 42         ; 4        ; RESERVED_INPUT_WITH_WEAK_PULLUP                  ;        ;              ;         ; Column I/O ;                 ; no       ; On           ;
; N13      ; 45         ; 5        ; RESERVED_INPUT_WITH_WEAK_PULLUP                  ;        ;              ;         ; Row I/O    ;                 ; no       ; On           ;
+----------+------------+----------+--------------------------------------------------+--------+--------------+---------+------------+-----------------+----------+--------------+
Note: Pin directions (input, output or bidir) are based on device operating in user mode.


+------------------------------------------------------------------------------------------------------------------------------------------------------------------------------------------------------------------------------------------------------------------------------------------------------------------------------------------------------------------------+
; Fitter Resource Utilization by Entity                                                                                                                                                                                                                                                                                                                                  ;
+---------------------------------------------+-------------+---------------------------+---------------+-------------+------+--------------+---------+-----------+-----------+------+--------------+--------------+-------------------+------------------+-----------------------------------------------------------------------------------------------+--------------+
; Compilation Hierarchy Node                  ; Logic Cells ; Dedicated Logic Registers ; I/O Registers ; Memory Bits ; M9Ks ; DSP Elements ; DSP 9x9 ; DSP 18x18 ; DSP 36x36 ; Pins ; Virtual Pins ; LUT-Only LCs ; Register-Only LCs ; LUT/Register LCs ; Full Hierarchy Name                                                                           ; Library Name ;
+---------------------------------------------+-------------+---------------------------+---------------+-------------+------+--------------+---------+-----------+-----------+------+--------------+--------------+-------------------+------------------+-----------------------------------------------------------------------------------------------+--------------+
; |fpga_top                                   ; 1308 (349)  ; 802 (132)                 ; 0 (0)         ; 73728       ; 8    ; 0            ; 0       ; 0         ; 0         ; 4    ; 0            ; 506 (217)    ; 96 (3)            ; 706 (129)        ; |fpga_top                                                                                     ; work         ;
;    |can_top:u_can_top|                      ; 789 (268)   ; 539 (238)                 ; 0 (0)         ; 64512       ; 7    ; 0            ; 0       ; 0         ; 0         ; 0    ; 0            ; 250 (30)     ; 74 (65)           ; 465 (173)        ; |fpga_top|can_top:u_can_top                                                                   ; work         ;
;       |altsyncram:buffer_rtl_0|             ; 0 (0)       ; 0 (0)                     ; 0 (0)         ; 64512       ; 7    ; 0            ; 0       ; 0         ; 0         ; 0    ; 0            ; 0 (0)        ; 0 (0)             ; 0 (0)            ; |fpga_top|can_top:u_can_top|altsyncram:buffer_rtl_0                                           ; work         ;
;          |altsyncram_c9h1:auto_generated|   ; 0 (0)       ; 0 (0)                     ; 0 (0)         ; 64512       ; 7    ; 0            ; 0       ; 0         ; 0         ; 0    ; 0            ; 0 (0)        ; 0 (0)             ; 0 (0)            ; |fpga_top|can_top:u_can_top|altsyncram:buffer_rtl_0|altsyncram_c9h1:auto_generated            ; work         ;
;       |can_level_packet:u_can_level_packet| ; 521 (408)   ; 301 (255)                 ; 0 (0)         ; 0           ; 0    ; 0            ; 0       ; 0         ; 0         ; 0    ; 0            ; 220 (153)    ; 9 (7)             ; 292 (248)        ; |fpga_top|can_top:u_can_top|can_level_packet:u_can_level_packet                               ; work         ;
;          |can_level_bit:u_can_level_bit|    ; 113 (113)   ; 46 (46)                   ; 0 (0)         ; 0           ; 0    ; 0            ; 0       ; 0         ; 0         ; 0    ; 0            ; 67 (67)      ; 2 (2)             ; 44 (44)          ; |fpga_top|can_top:u_can_top|can_level_packet:u_can_level_packet|can_level_bit:u_can_level_bit ; work         ;
;    |uart_tx:u_uart_tx|                      ; 170 (170)   ; 131 (131)                 ; 0 (0)         ; 9216        ; 1    ; 0            ; 0       ; 0         ; 0         ; 0    ; 0            ; 39 (39)      ; 19 (19)           ; 112 (112)        ; |fpga_top|uart_tx:u_uart_tx                                                                   ; work         ;
;       |altsyncram:buffer_rtl_0|             ; 0 (0)       ; 0 (0)                     ; 0 (0)         ; 9216        ; 1    ; 0            ; 0       ; 0         ; 0         ; 0    ; 0            ; 0 (0)        ; 0 (0)             ; 0 (0)            ; |fpga_top|uart_tx:u_uart_tx|altsyncram:buffer_rtl_0                                           ; work         ;
;          |altsyncram_c6h1:auto_generated|   ; 0 (0)       ; 0 (0)                     ; 0 (0)         ; 9216        ; 1    ; 0            ; 0       ; 0         ; 0         ; 0    ; 0            ; 0 (0)        ; 0 (0)             ; 0 (0)            ; |fpga_top|uart_tx:u_uart_tx|altsyncram:buffer_rtl_0|altsyncram_c6h1:auto_generated            ; work         ;
+---------------------------------------------+-------------+---------------------------+---------------+-------------+------+--------------+---------+-----------+-----------+------+--------------+--------------+-------------------+------------------+-----------------------------------------------------------------------------------------------+--------------+
Note: For table entries with two numbers listed, the numbers in parentheses indicate the number of resources of the given type used by the specific entity alone. The numbers listed outside of parentheses indicate the total resources of the given type used by the specific entity and all of its sub-entities in the hierarchy.


+-----------------------------------------------------------------------------------------+
; Delay Chain Summary                                                                     ;
+---------+----------+---------------+---------------+-----------------------+-----+------+
; Name    ; Pin Type ; Pad to Core 0 ; Pad to Core 1 ; Pad to Input Register ; TCO ; TCOE ;
+---------+----------+---------------+---------------+-----------------------+-----+------+
; UART_TX ; Output   ; --            ; --            ; --                    ; --  ; --   ;
; CAN_TX  ; Output   ; --            ; --            ; --                    ; --  ; --   ;
; CLK50M  ; Input    ; (0) 0 ps      ; --            ; --                    ; --  ; --   ;
; CAN_RX  ; Input    ; --            ; (6) 1313 ps   ; --                    ; --  ; --   ;
+---------+----------+---------------+---------------+-----------------------+-----+------+


+------------------------------------------------------------------------------------------------------------------------------------+
; Pad To Core Delay Chain Fanout                                                                                                     ;
+------------------------------------------------------------------------------------------------------+-------------------+---------+
; Source Pin / Fanout                                                                                  ; Pad To Core Index ; Setting ;
+------------------------------------------------------------------------------------------------------+-------------------+---------+
; CLK50M                                                                                               ;                   ;         ;
; CAN_RX                                                                                               ;                   ;         ;
;      - can_top:u_can_top|can_level_packet:u_can_level_packet|can_level_bit:u_can_level_bit|rx_fall~0 ; 1                 ; 6       ;
;      - can_top:u_can_top|can_level_packet:u_can_level_packet|can_level_bit:u_can_level_bit|rx_buf~0  ; 1                 ; 6       ;
+------------------------------------------------------------------------------------------------------+-------------------+---------+


+-----------------------------------------------------------------------------------------------------------------------------------------------------------------------------------------------------------------------------------------------------+
; Control Signals                                                                                                                                                                                                                                     ;
+----------------------------------------------------------------------------------------------------------+--------------------+---------+----------------------------+--------+----------------------+------------------+---------------------------+
; Name                                                                                                     ; Location           ; Fan-Out ; Usage                      ; Global ; Global Resource Used ; Global Line Name ; Enable Signal Source Name ;
+----------------------------------------------------------------------------------------------------------+--------------------+---------+----------------------------+--------+----------------------+------------------+---------------------------+
; CLK50M                                                                                                   ; PIN_J7             ; 810     ; Clock                      ; yes    ; Global Clock         ; GCLK17           ; --                        ;
; LessThan0~20                                                                                             ; LCCOMB_X15_Y7_N4   ; 128     ; Clock enable, Sync. clear  ; no     ; --                   ; --               ; --                        ;
; can_top:u_can_top|always0~0                                                                              ; LCCOMB_X8_Y1_N6    ; 18      ; Clock enable, Write enable ; no     ; --                   ; --               ; --                        ;
; can_top:u_can_top|buff_ready~0                                                                           ; LCCOMB_X8_Y7_N6    ; 64      ; Clock enable               ; no     ; --                   ; --               ; --                        ;
; can_top:u_can_top|can_level_packet:u_can_level_packet|can_level_bit:u_can_level_bit|adjust_c_PBS1[13]~53 ; LCCOMB_X23_Y21_N22 ; 17      ; Sync. load                 ; no     ; --                   ; --               ; --                        ;
; can_top:u_can_top|can_level_packet:u_can_level_packet|can_level_bit:u_can_level_bit|adjust_c_PBS1[13]~55 ; LCCOMB_X23_Y22_N8  ; 17      ; Clock enable               ; no     ; --                   ; --               ; --                        ;
; can_top:u_can_top|can_level_packet:u_can_level_packet|can_level_bit:u_can_level_bit|rbit~3               ; LCCOMB_X22_Y22_N14 ; 5       ; Clock enable               ; no     ; --                   ; --               ; --                        ;
; can_top:u_can_top|can_level_packet:u_can_level_packet|can_level_bit:u_can_level_bit|req                  ; FF_X18_Y21_N5      ; 99      ; Clock enable, Sync. clear  ; no     ; --                   ; --               ; --                        ;
; can_top:u_can_top|can_level_packet:u_can_level_packet|cnt[1]~37                                          ; LCCOMB_X10_Y14_N30 ; 8       ; Sync. clear                ; no     ; --                   ; --               ; --                        ;
; can_top:u_can_top|can_level_packet:u_can_level_packet|cnt[7]~45                                          ; LCCOMB_X11_Y12_N24 ; 8       ; Clock enable               ; no     ; --                   ; --               ; --                        ;
; can_top:u_can_top|can_level_packet:u_can_level_packet|rx_crc[13]~3                                       ; LCCOMB_X10_Y13_N24 ; 15      ; Clock enable               ; no     ; --                   ; --               ; --                        ;
; can_top:u_can_top|can_level_packet:u_can_level_packet|rx_id[10]~3                                        ; LCCOMB_X10_Y14_N10 ; 29      ; Clock enable               ; no     ; --                   ; --               ; --                        ;
; can_top:u_can_top|can_level_packet:u_can_level_packet|stat.IDLE                                          ; FF_X11_Y13_N27     ; 154     ; Sync. clear                ; no     ; --                   ; --               ; --                        ;
; can_top:u_can_top|can_level_packet:u_can_level_packet|stat.RX_CRC                                        ; FF_X10_Y13_N29     ; 10      ; Sync. load                 ; no     ; --                   ; --               ; --                        ;
; can_top:u_can_top|can_level_packet:u_can_level_packet|stat~65                                            ; LCCOMB_X11_Y13_N2  ; 8       ; Clock enable               ; no     ; --                   ; --               ; --                        ;
; can_top:u_can_top|can_level_packet:u_can_level_packet|stat~94                                            ; LCCOMB_X11_Y13_N12 ; 2       ; Clock enable               ; no     ; --                   ; --               ; --                        ;
; can_top:u_can_top|can_level_packet:u_can_level_packet|tx_shift[81]~5                                     ; LCCOMB_X12_Y14_N28 ; 96      ; Clock enable               ; no     ; --                   ; --               ; --                        ;
; can_top:u_can_top|r_data[27]~1                                                                           ; LCCOMB_X12_Y15_N10 ; 64      ; Clock enable               ; no     ; --                   ; --               ; --                        ;
; can_top:u_can_top|r_len[3]~0                                                                             ; LCCOMB_X12_Y15_N20 ; 5       ; Clock enable               ; no     ; --                   ; --               ; --                        ;
; can_top:u_can_top|rdack~0                                                                                ; LCCOMB_X8_Y7_N30   ; 11      ; Clock enable               ; no     ; --                   ; --               ; --                        ;
; rstn                                                                                                     ; FF_X1_Y15_N17      ; 798     ; Async. clear               ; yes    ; Global Clock         ; GCLK1            ; --                        ;
; uart_tx:u_uart_tx|Selector13~0                                                                           ; LCCOMB_X3_Y11_N6   ; 10      ; Clock enable               ; no     ; --                   ; --               ; --                        ;
; uart_tx:u_uart_tx|Selector2~0                                                                            ; LCCOMB_X3_Y11_N16  ; 8       ; Clock enable               ; no     ; --                   ; --               ; --                        ;
; uart_tx:u_uart_tx|always0~0                                                                              ; LCCOMB_X6_Y11_N2   ; 12      ; Clock enable, Write enable ; no     ; --                   ; --               ; --                        ;
; uart_tx:u_uart_tx|state[1]                                                                               ; FF_X3_Y12_N3       ; 28      ; Clock enable, Sync. clear  ; no     ; --                   ; --               ; --                        ;
; uart_tx:u_uart_tx|txcnt[27]~32                                                                           ; LCCOMB_X3_Y12_N10  ; 64      ; Clock enable, Sync. load   ; no     ; --                   ; --               ; --                        ;
; uart_tx:u_uart_tx|txcnt[27]~35                                                                           ; LCCOMB_X3_Y12_N16  ; 32      ; Sync. clear                ; no     ; --                   ; --               ; --                        ;
+----------------------------------------------------------------------------------------------------------+--------------------+---------+----------------------------+--------+----------------------+------------------+---------------------------+


+-----------------------------------------------------------------------------------------------------------------------------------------------+
; Global & Other Fast Signals                                                                                                                   ;
+--------+---------------+---------+--------------------------------------+----------------------+------------------+---------------------------+
; Name   ; Location      ; Fan-Out ; Fan-Out Using Intentional Clock Skew ; Global Resource Used ; Global Line Name ; Enable Signal Source Name ;
+--------+---------------+---------+--------------------------------------+----------------------+------------------+---------------------------+
; CLK50M ; PIN_J7        ; 810     ; 533                                  ; Global Clock         ; GCLK17           ; --                        ;
; rstn   ; FF_X1_Y15_N17 ; 798     ; 0                                    ; Global Clock         ; GCLK1            ; --                        ;
+--------+---------------+---------+--------------------------------------+----------------------+------------------+---------------------------+


+--------------------------------------------------------------------------------------------------------------------+
; Non-Global High Fan-Out Signals                                                                                    ;
+----------------------------------------------------------------------------------------------------------+---------+
; Name                                                                                                     ; Fan-Out ;
+----------------------------------------------------------------------------------------------------------+---------+
; can_top:u_can_top|can_level_packet:u_can_level_packet|stat.IDLE                                          ; 154     ;
; LessThan0~20                                                                                             ; 128     ;
; can_top:u_can_top|can_level_packet:u_can_level_packet|can_level_bit:u_can_level_bit|req                  ; 99      ;
; can_top:u_can_top|can_level_packet:u_can_level_packet|tx_shift[81]~5                                     ; 96      ;
; can_top:u_can_top|r_cnt[3]                                                                               ; 80      ;
; can_top:u_can_top|LessThan0~0                                                                            ; 77      ;
; can_top:u_can_top|can_level_packet:u_can_level_packet|Selector58~0                                       ; 64      ;
; can_top:u_can_top|can_level_packet:u_can_level_packet|Selector59~0                                       ; 64      ;
; can_top:u_can_top|r_data[27]~1                                                                           ; 64      ;
; can_top:u_can_top|buff_ready~0                                                                           ; 64      ;
; uart_tx:u_uart_tx|txcnt[27]~32                                                                           ; 64      ;
; can_top:u_can_top|rdack                                                                                  ; 63      ;
; ~GND                                                                                                     ; 48      ;
; can_top:u_can_top|can_level_packet:u_can_level_packet|can_level_bit:u_can_level_bit|rbit                 ; 34      ;
; uart_tx:u_uart_tx|txcnt[27]~35                                                                           ; 32      ;
; can_top:u_can_top|can_level_packet:u_can_level_packet|rx_id[10]~3                                        ; 29      ;
; uart_tx:u_uart_tx|state[1]                                                                               ; 28      ;
; can_top:u_can_top|can_level_packet:u_can_level_packet|stat.TRX_ID_BASE                                   ; 26      ;
; can_top:u_can_top|can_level_packet:u_can_level_packet|rx_ben                                             ; 25      ;
; uart_tx:u_uart_tx|state[0]                                                                               ; 24      ;
; can_top:u_can_top|always0~0                                                                              ; 18      ;
; can_top:u_can_top|can_level_packet:u_can_level_packet|can_level_bit:u_can_level_bit|always1~4            ; 18      ;
; can_top:u_can_top|can_level_packet:u_can_level_packet|can_level_bit:u_can_level_bit|adjust_c_PBS1[13]~55 ; 17      ;
; can_top:u_can_top|can_level_packet:u_can_level_packet|can_level_bit:u_can_level_bit|adjust_c_PBS1[13]~53 ; 17      ;
; can_top:u_can_top|can_level_packet:u_can_level_packet|tx_shift[81]                                       ; 17      ;
; can_top:u_can_top|can_level_packet:u_can_level_packet|stat.TX_PAYLOAD                                    ; 16      ;
; can_top:u_can_top|can_level_packet:u_can_level_packet|can_level_bit:u_can_level_bit|cnt[13]~6            ; 16      ;
; can_top:u_can_top|can_level_packet:u_can_level_packet|rx_crc[13]~3                                       ; 15      ;
; can_top:u_can_top|can_level_packet:u_can_level_packet|stat.RX_ID_EXTEND                                  ; 15      ;
; can_top:u_can_top|can_level_packet:u_can_level_packet|tx_shift[71]~2                                     ; 15      ;
; can_top:u_can_top|can_level_packet:u_can_level_packet|can_level_bit:u_can_level_bit|cnt~8                ; 15      ;
; can_top:u_can_top|can_level_packet:u_can_level_packet|tx_crc[14]                                         ; 14      ;
; can_top:u_can_top|can_level_packet:u_can_level_packet|cnt[4]                                             ; 14      ;
; can_top:u_can_top|can_level_packet:u_can_level_packet|stat.RX_CTRL                                       ; 13      ;
; can_top:u_can_top|can_level_packet:u_can_level_packet|bit_tx                                             ; 13      ;
; uart_tx:u_uart_tx|always0~0                                                                              ; 12      ;
; can_top:u_can_top|can_level_packet:u_can_level_packet|stat~46                                            ; 12      ;
; can_top:u_can_top|can_level_packet:u_can_level_packet|cnt[3]                                             ; 12      ;
; can_top:u_can_top|rdack~0                                                                                ; 11      ;
; can_top:u_can_top|can_level_packet:u_can_level_packet|stat.RX_EOF                                        ; 11      ;
; can_top:u_can_top|can_level_packet:u_can_level_packet|cnt[6]                                             ; 11      ;
; can_top:u_can_top|can_level_packet:u_can_level_packet|cnt[7]                                             ; 11      ;
; can_top:u_can_top|rptr[0]                                                                                ; 10      ;
; can_top:u_can_top|wptr[0]                                                                                ; 10      ;
; can_top:u_can_top|can_level_packet:u_can_level_packet|stat.RX_DATA                                       ; 10      ;
; can_top:u_can_top|can_level_packet:u_can_level_packet|stat.RX_CRC                                        ; 10      ;
; can_top:u_can_top|can_level_packet:u_can_level_packet|LessThan5~0                                        ; 10      ;
; can_top:u_can_top|can_level_packet:u_can_level_packet|rx_history[0]                                      ; 10      ;
; uart_tx:u_uart_tx|Selector13~0                                                                           ; 10      ;
; can_top:u_can_top|can_level_packet:u_can_level_packet|rx_len[0]                                          ; 9       ;
; can_top:u_can_top|can_level_packet:u_can_level_packet|Equal0~2                                           ; 9       ;
; can_top:u_can_top|pkt_txing                                                                              ; 9       ;
; can_top:u_can_top|can_level_packet:u_can_level_packet|can_level_bit:u_can_level_bit|rx_fall              ; 9       ;
; can_top:u_can_top|wptr[6]                                                                                ; 9       ;
; can_top:u_can_top|wptr[7]                                                                                ; 9       ;
; can_top:u_can_top|rptr[7]                                                                                ; 9       ;
; can_top:u_can_top|rptr[6]                                                                                ; 9       ;
; can_top:u_can_top|wptr[4]                                                                                ; 9       ;
; can_top:u_can_top|wptr[5]                                                                                ; 9       ;
; can_top:u_can_top|rptr[5]                                                                                ; 9       ;
; can_top:u_can_top|rptr[4]                                                                                ; 9       ;
; can_top:u_can_top|wptr[2]                                                                                ; 9       ;
; can_top:u_can_top|wptr[3]                                                                                ; 9       ;
; can_top:u_can_top|rptr[3]                                                                                ; 9       ;
; can_top:u_can_top|rptr[2]                                                                                ; 9       ;
; can_top:u_can_top|wptr[1]                                                                                ; 9       ;
; can_top:u_can_top|rptr[1]                                                                                ; 9       ;
; can_top:u_can_top|wptr[8]                                                                                ; 9       ;
; can_top:u_can_top|wptr[9]                                                                                ; 9       ;
; can_top:u_can_top|rptr[9]                                                                                ; 9       ;
; can_top:u_can_top|rptr[8]                                                                                ; 9       ;
; can_top:u_can_top|can_level_packet:u_can_level_packet|cnt[2]                                             ; 9       ;
; uart_tx:u_uart_tx|Selector2~0                                                                            ; 8       ;
; can_top:u_can_top|can_level_packet:u_can_level_packet|cnt[7]~45                                          ; 8       ;
; can_top:u_can_top|can_level_packet:u_can_level_packet|cnt[1]~37                                          ; 8       ;
; can_top:u_can_top|can_level_packet:u_can_level_packet|stat~65                                            ; 8       ;
; can_top:u_can_top|can_level_packet:u_can_level_packet|stat.TX_EOF                                        ; 8       ;
; can_top:u_can_top|can_level_packet:u_can_level_packet|rx_len[1]                                          ; 8       ;
; can_top:u_can_top|can_level_packet:u_can_level_packet|Equal1~1                                           ; 8       ;
; can_top:u_can_top|can_level_packet:u_can_level_packet|LessThan1~1                                        ; 8       ;
; can_top:u_can_top|can_level_packet:u_can_level_packet|stat.TX_ID_MSB                                     ; 8       ;
; can_top:u_can_top|can_level_packet:u_can_level_packet|can_level_bit:u_can_level_bit|stat~12              ; 8       ;
; can_top:u_can_top|can_level_packet:u_can_level_packet|can_level_bit:u_can_level_bit|inframe              ; 8       ;
; can_top:u_can_top|can_level_packet:u_can_level_packet|can_level_bit:u_can_level_bit|cnt[1]               ; 8       ;
; can_top:u_can_top|can_level_packet:u_can_level_packet|cnt[5]                                             ; 8       ;
; can_top:u_can_top|can_level_packet:u_can_level_packet|rx_crc[14]                                         ; 8       ;
; can_top:u_can_top|can_level_packet:u_can_level_packet|rx_len[3]                                          ; 7       ;
; can_top:u_can_top|can_level_packet:u_can_level_packet|can_level_bit:u_can_level_bit|stat.STAT_PBS1       ; 7       ;
; can_top:u_can_top|can_level_packet:u_can_level_packet|tx_arbitrary                                       ; 7       ;
; can_top:u_can_top|can_level_packet:u_can_level_packet|Equal0~0                                           ; 7       ;
; can_top:u_can_top|can_level_packet:u_can_level_packet|tx_ben                                             ; 7       ;
; can_top:u_can_top|can_level_packet:u_can_level_packet|can_level_bit:u_can_level_bit|stat.STAT_PTS        ; 7       ;
; can_top:u_can_top|can_level_packet:u_can_level_packet|can_level_bit:u_can_level_bit|stat.STAT_PBS2       ; 7       ;
; can_top:u_can_top|can_level_packet:u_can_level_packet|can_level_bit:u_can_level_bit|cnt[2]               ; 7       ;
; can_top:u_can_top|can_level_packet:u_can_level_packet|can_level_bit:u_can_level_bit|cnt[3]               ; 7       ;
; can_top:u_can_top|buff_valid                                                                             ; 6       ;
; can_top:u_can_top|can_level_packet:u_can_level_packet|rx_len[2]                                          ; 6       ;
; can_top:u_can_top|can_level_packet:u_can_level_packet|cnt[7]~9                                           ; 6       ;
; can_top:u_can_top|can_level_packet:u_can_level_packet|stat.RX_IDE_BIT                                    ; 6       ;
; can_top:u_can_top|can_level_packet:u_can_level_packet|Equal1~0                                           ; 6       ;
; can_top:u_can_top|can_level_packet:u_can_level_packet|can_level_bit:u_can_level_bit|LessThan1~1          ; 6       ;
; can_top:u_can_top|can_level_packet:u_can_level_packet|can_level_bit:u_can_level_bit|cnt[0]               ; 6       ;
; can_top:u_can_top|can_level_packet:u_can_level_packet|can_level_bit:u_can_level_bit|cnt[4]               ; 6       ;
; can_top:u_can_top|can_level_packet:u_can_level_packet|can_level_bit:u_can_level_bit|cnt[5]               ; 6       ;
; can_top:u_can_top|can_level_packet:u_can_level_packet|cnt[1]                                             ; 6       ;
; can_top:u_can_top|can_level_packet:u_can_level_packet|can_level_bit:u_can_level_bit|LessThan3~32         ; 6       ;
; can_top:u_can_top|r_len[3]~0                                                                             ; 5       ;
; can_top:u_can_top|r_cnt[0]                                                                               ; 5       ;
; can_top:u_can_top|r_cnt[1]                                                                               ; 5       ;
; can_top:u_can_top|r_cnt[2]                                                                               ; 5       ;
; can_top:u_can_top|can_level_packet:u_can_level_packet|rx_valid                                           ; 5       ;
; uart_tx:u_uart_tx|wptr[0]                                                                                ; 5       ;
; can_top:u_can_top|can_level_packet:u_can_level_packet|stat~68                                            ; 5       ;
; can_top:u_can_top|can_level_packet:u_can_level_packet|can_level_bit:u_can_level_bit|rbit~3               ; 5       ;
; can_top:u_can_top|can_level_packet:u_can_level_packet|LessThan5~1                                        ; 5       ;
; can_top:u_can_top|can_level_packet:u_can_level_packet|tx_history[0]                                      ; 5       ;
; can_top:u_can_top|can_level_packet:u_can_level_packet|can_level_bit:u_can_level_bit|rx_buf               ; 5       ;
; can_top:u_can_top|can_level_packet:u_can_level_packet|rx_id[0]                                           ; 4       ;
; can_top:u_can_top|can_level_packet:u_can_level_packet|Selector48~1                                       ; 4       ;
; can_top:u_can_top|can_level_packet:u_can_level_packet|Selector48~0                                       ; 4       ;
; can_top:u_can_top|can_level_packet:u_can_level_packet|rx_rtr                                             ; 4       ;
; can_top:u_can_top|can_level_packet:u_can_level_packet|stat.TX_ACK                                        ; 4       ;
; can_top:u_can_top|can_level_packet:u_can_level_packet|LessThan2~0                                        ; 4       ;
; can_top:u_can_top|can_level_packet:u_can_level_packet|stat.RX_RESV1_BIT                                  ; 4       ;
; can_top:u_can_top|can_level_packet:u_can_level_packet|LessThan8~2                                        ; 4       ;
; can_top:u_can_top|can_level_packet:u_can_level_packet|rx_history[5]                                      ; 4       ;
; can_top:u_can_top|can_level_packet:u_can_level_packet|stat~45                                            ; 4       ;
; can_top:u_can_top|can_level_packet:u_can_level_packet|can_level_bit:u_can_level_bit|cnt_high[0]          ; 4       ;
; can_top:u_can_top|can_level_packet:u_can_level_packet|cnt[1]~8                                           ; 4       ;
; can_top:u_can_top|can_level_packet:u_can_level_packet|LessThan0~0                                        ; 4       ;
; can_top:u_can_top|can_level_packet:u_can_level_packet|stat.RX_ACK                                        ; 4       ;
; can_top:u_can_top|can_level_packet:u_can_level_packet|Selector9~0                                        ; 4       ;
; uart_tx:u_uart_tx|keep[0]                                                                                ; 4       ;
; can_top:u_can_top|can_level_packet:u_can_level_packet|can_level_bit:u_can_level_bit|cnt[14]              ; 4       ;
; can_top:u_can_top|can_level_packet:u_can_level_packet|can_level_bit:u_can_level_bit|cnt[15]              ; 4       ;
; can_top:u_can_top|can_level_packet:u_can_level_packet|can_level_bit:u_can_level_bit|cnt[16]              ; 4       ;
; can_top:u_can_top|can_level_packet:u_can_level_packet|can_level_bit:u_can_level_bit|cnt[6]               ; 4       ;
; can_top:u_can_top|can_level_packet:u_can_level_packet|can_level_bit:u_can_level_bit|cnt[7]               ; 4       ;
; can_top:u_can_top|can_level_packet:u_can_level_packet|can_level_bit:u_can_level_bit|cnt[8]               ; 4       ;
; can_top:u_can_top|can_level_packet:u_can_level_packet|can_level_bit:u_can_level_bit|cnt[9]               ; 4       ;
; can_top:u_can_top|can_level_packet:u_can_level_packet|can_level_bit:u_can_level_bit|cnt[10]              ; 4       ;
; can_top:u_can_top|can_level_packet:u_can_level_packet|can_level_bit:u_can_level_bit|cnt[11]              ; 4       ;
; can_top:u_can_top|can_level_packet:u_can_level_packet|can_level_bit:u_can_level_bit|cnt[12]              ; 4       ;
; can_top:u_can_top|can_level_packet:u_can_level_packet|can_level_bit:u_can_level_bit|cnt[13]              ; 4       ;
; uart_tx:u_uart_tx|wptr[9]                                                                                ; 4       ;
; uart_tx:u_uart_tx|wptr[8]                                                                                ; 4       ;
; uart_tx:u_uart_tx|wptr[6]                                                                                ; 4       ;
; uart_tx:u_uart_tx|wptr[7]                                                                                ; 4       ;
; uart_tx:u_uart_tx|wptr[4]                                                                                ; 4       ;
; uart_tx:u_uart_tx|wptr[5]                                                                                ; 4       ;
; uart_tx:u_uart_tx|wptr[2]                                                                                ; 4       ;
; uart_tx:u_uart_tx|wptr[3]                                                                                ; 4       ;
; uart_tx:u_uart_tx|wptr[1]                                                                                ; 4       ;
; can_top:u_can_top|can_level_packet:u_can_level_packet|cnt[0]                                             ; 4       ;
; can_tx_data[1]                                                                                           ; 3       ;
; can_top:u_can_top|can_level_packet:u_can_level_packet|rx_data[4]                                         ; 3       ;
; can_top:u_can_top|can_level_packet:u_can_level_packet|rx_data[3]                                         ; 3       ;
; can_top:u_can_top|can_level_packet:u_can_level_packet|rx_data[12]                                        ; 3       ;
; can_top:u_can_top|can_level_packet:u_can_level_packet|rx_data[5]                                         ; 3       ;
; can_top:u_can_top|can_level_packet:u_can_level_packet|rx_data[2]                                         ; 3       ;
; can_top:u_can_top|can_level_packet:u_can_level_packet|rx_data[11]                                        ; 3       ;
; can_top:u_can_top|can_level_packet:u_can_level_packet|rx_data[20]                                        ; 3       ;
; can_top:u_can_top|can_level_packet:u_can_level_packet|rx_data[13]                                        ; 3       ;
; can_top:u_can_top|can_level_packet:u_can_level_packet|rx_data[6]                                         ; 3       ;
; can_top:u_can_top|can_level_packet:u_can_level_packet|rx_data[1]                                         ; 3       ;
; can_top:u_can_top|can_level_packet:u_can_level_packet|rx_data[10]                                        ; 3       ;
; can_top:u_can_top|can_level_packet:u_can_level_packet|rx_data[19]                                        ; 3       ;
; can_top:u_can_top|can_level_packet:u_can_level_packet|rx_data[28]                                        ; 3       ;
; can_top:u_can_top|can_level_packet:u_can_level_packet|rx_data[21]                                        ; 3       ;
; can_top:u_can_top|can_level_packet:u_can_level_packet|rx_data[14]                                        ; 3       ;
; can_top:u_can_top|can_level_packet:u_can_level_packet|rx_data[7]                                         ; 3       ;
; can_top:u_can_top|can_level_packet:u_can_level_packet|rx_data[0]                                         ; 3       ;
; can_top:u_can_top|can_level_packet:u_can_level_packet|rx_data[9]                                         ; 3       ;
; can_top:u_can_top|can_level_packet:u_can_level_packet|rx_data[18]                                        ; 3       ;
; can_top:u_can_top|can_level_packet:u_can_level_packet|rx_data[27]                                        ; 3       ;
; can_top:u_can_top|can_level_packet:u_can_level_packet|rx_data[36]                                        ; 3       ;
; can_top:u_can_top|can_level_packet:u_can_level_packet|rx_data[29]                                        ; 3       ;
; can_top:u_can_top|can_level_packet:u_can_level_packet|rx_data[22]                                        ; 3       ;
; can_top:u_can_top|can_level_packet:u_can_level_packet|rx_data[15]                                        ; 3       ;
; can_top:u_can_top|can_level_packet:u_can_level_packet|rx_data[8]                                         ; 3       ;
; can_top:u_can_top|can_level_packet:u_can_level_packet|rx_data[17]                                        ; 3       ;
; can_top:u_can_top|can_level_packet:u_can_level_packet|rx_data[26]                                        ; 3       ;
; can_top:u_can_top|can_level_packet:u_can_level_packet|rx_data[35]                                        ; 3       ;
; can_top:u_can_top|can_level_packet:u_can_level_packet|rx_data[62]                                        ; 3       ;
; can_top:u_can_top|can_level_packet:u_can_level_packet|rx_data[44]                                        ; 3       ;
; can_top:u_can_top|can_level_packet:u_can_level_packet|rx_data[37]                                        ; 3       ;
; can_top:u_can_top|can_level_packet:u_can_level_packet|rx_data[30]                                        ; 3       ;
; can_top:u_can_top|can_level_packet:u_can_level_packet|rx_data[23]                                        ; 3       ;
; can_top:u_can_top|can_level_packet:u_can_level_packet|rx_data[16]                                        ; 3       ;
; can_top:u_can_top|can_level_packet:u_can_level_packet|rx_data[25]                                        ; 3       ;
; can_top:u_can_top|can_level_packet:u_can_level_packet|rx_data[34]                                        ; 3       ;
; can_top:u_can_top|can_level_packet:u_can_level_packet|rx_data[43]                                        ; 3       ;
; can_top:u_can_top|can_level_packet:u_can_level_packet|rx_data[61]                                        ; 3       ;
; can_top:u_can_top|can_level_packet:u_can_level_packet|rx_data[52]                                        ; 3       ;
; can_top:u_can_top|can_level_packet:u_can_level_packet|rx_data[45]                                        ; 3       ;
; can_top:u_can_top|can_level_packet:u_can_level_packet|rx_data[38]                                        ; 3       ;
; can_top:u_can_top|can_level_packet:u_can_level_packet|rx_data[31]                                        ; 3       ;
; can_top:u_can_top|can_level_packet:u_can_level_packet|rx_data[24]                                        ; 3       ;
; can_top:u_can_top|can_level_packet:u_can_level_packet|rx_data[33]                                        ; 3       ;
; can_top:u_can_top|can_level_packet:u_can_level_packet|rx_data[42]                                        ; 3       ;
; can_top:u_can_top|can_level_packet:u_can_level_packet|rx_data[51]                                        ; 3       ;
; can_top:u_can_top|can_level_packet:u_can_level_packet|rx_data[60]                                        ; 3       ;
; can_top:u_can_top|can_level_packet:u_can_level_packet|rx_data[53]                                        ; 3       ;
; can_top:u_can_top|can_level_packet:u_can_level_packet|rx_data[46]                                        ; 3       ;
; can_top:u_can_top|can_level_packet:u_can_level_packet|rx_data[39]                                        ; 3       ;
; can_top:u_can_top|can_level_packet:u_can_level_packet|rx_data[32]                                        ; 3       ;
; can_top:u_can_top|can_level_packet:u_can_level_packet|rx_data[41]                                        ; 3       ;
; can_top:u_can_top|can_level_packet:u_can_level_packet|rx_data[50]                                        ; 3       ;
; can_top:u_can_top|can_level_packet:u_can_level_packet|rx_data[59]                                        ; 3       ;
; can_top:u_can_top|can_level_packet:u_can_level_packet|rx_data[54]                                        ; 3       ;
; can_top:u_can_top|can_level_packet:u_can_level_packet|rx_data[47]                                        ; 3       ;
; can_top:u_can_top|can_level_packet:u_can_level_packet|rx_data[40]                                        ; 3       ;
; can_top:u_can_top|can_level_packet:u_can_level_packet|rx_data[49]                                        ; 3       ;
; can_top:u_can_top|can_level_packet:u_can_level_packet|rx_data[58]                                        ; 3       ;
; can_top:u_can_top|can_level_packet:u_can_level_packet|rx_data[55]                                        ; 3       ;
; can_top:u_can_top|can_level_packet:u_can_level_packet|rx_data[48]                                        ; 3       ;
; can_top:u_can_top|can_level_packet:u_can_level_packet|rx_data[57]                                        ; 3       ;
; can_top:u_can_top|can_level_packet:u_can_level_packet|rx_data[56]                                        ; 3       ;
; can_top:u_can_top|Equal1~0                                                                               ; 3       ;
; can_top:u_can_top|buff_ready                                                                             ; 3       ;
; can_top:u_can_top|can_level_packet:u_can_level_packet|rx_id[1]                                           ; 3       ;
; can_top:u_can_top|can_level_packet:u_can_level_packet|rx_ide                                             ; 3       ;
; can_top:u_can_top|can_level_packet:u_can_level_packet|rx_id[3]                                           ; 3       ;
; can_top:u_can_top|can_level_packet:u_can_level_packet|rx_id[9]                                           ; 3       ;
; can_top:u_can_top|can_level_packet:u_can_level_packet|rx_id[8]                                           ; 3       ;
; can_top:u_can_top|can_level_packet:u_can_level_packet|rx_id[4]                                           ; 3       ;
; can_top:u_can_top|can_level_packet:u_can_level_packet|rx_id[6]                                           ; 3       ;
; can_top:u_can_top|can_level_packet:u_can_level_packet|rx_id[10]                                          ; 3       ;
; can_top:u_can_top|can_level_packet:u_can_level_packet|rx_id[2]                                           ; 3       ;
; can_top:u_can_top|can_level_packet:u_can_level_packet|rx_id[7]                                           ; 3       ;
; can_top:u_can_top|can_level_packet:u_can_level_packet|rx_id[5]                                           ; 3       ;
; can_top:u_can_top|t_retry_cnt[1]                                                                         ; 3       ;
; can_top:u_can_top|t_retry_cnt[0]                                                                         ; 3       ;
; can_top:u_can_top|can_level_packet:u_can_level_packet|cnt[1]~39                                          ; 3       ;
; can_top:u_can_top|can_level_packet:u_can_level_packet|stat.TX_ACK_DEL                                    ; 3       ;
; can_top:u_can_top|can_level_packet:u_can_level_packet|Selector7~0                                        ; 3       ;
; can_top:u_can_top|can_level_packet:u_can_level_packet|stat~55                                            ; 3       ;
; can_top:u_can_top|can_level_packet:u_can_level_packet|LessThan6~0                                        ; 3       ;
; can_top:u_can_top|can_level_packet:u_can_level_packet|LessThan7~5                                        ; 3       ;
; can_top:u_can_top|can_level_packet:u_can_level_packet|stat~51                                            ; 3       ;
; can_top:u_can_top|can_level_packet:u_can_level_packet|stat.INIT                                          ; 3       ;
; can_top:u_can_top|can_level_packet:u_can_level_packet|Equal0~1                                           ; 3       ;
; can_top:u_can_top|can_level_packet:u_can_level_packet|can_level_bit:u_can_level_bit|cnt_high[1]          ; 3       ;
; can_top:u_can_top|can_level_packet:u_can_level_packet|can_level_bit:u_can_level_bit|cnt_high[2]          ; 3       ;
; can_top:u_can_top|can_level_packet:u_can_level_packet|rx_history[1]                                      ; 3       ;
; can_top:u_can_top|can_level_packet:u_can_level_packet|rx_history[2]                                      ; 3       ;
; can_top:u_can_top|can_level_packet:u_can_level_packet|rx_history[3]                                      ; 3       ;
; can_top:u_can_top|can_level_packet:u_can_level_packet|rx_history[4]                                      ; 3       ;
; can_top:u_can_top|can_level_packet:u_can_level_packet|tx_history[1]                                      ; 3       ;
; can_top:u_can_top|can_level_packet:u_can_level_packet|tx_history[2]                                      ; 3       ;
; uart_tx:u_uart_tx|LessThan1~9                                                                            ; 3       ;
; can_top:u_can_top|can_level_packet:u_can_level_packet|can_level_bit:u_can_level_bit|always1~3            ; 3       ;
; can_top:u_can_top|can_level_packet:u_can_level_packet|can_level_bit:u_can_level_bit|always1~1            ; 3       ;
; can_top:u_can_top|wptr[10]                                                                               ; 3       ;
; can_top:u_can_top|rptr[10]                                                                               ; 3       ;
; uart_tx:u_uart_tx|wptr[10]                                                                               ; 3       ;
; uart_tx:u_uart_tx|Add0~18                                                                                ; 3       ;
; uart_tx:u_uart_tx|Add0~16                                                                                ; 3       ;
; uart_tx:u_uart_tx|Add0~14                                                                                ; 3       ;
; uart_tx:u_uart_tx|Add0~12                                                                                ; 3       ;
; uart_tx:u_uart_tx|Add0~10                                                                                ; 3       ;
; uart_tx:u_uart_tx|Add0~8                                                                                 ; 3       ;
; uart_tx:u_uart_tx|Add0~6                                                                                 ; 3       ;
; uart_tx:u_uart_tx|Add0~4                                                                                 ; 3       ;
; uart_tx:u_uart_tx|Add0~2                                                                                 ; 3       ;
; uart_tx:u_uart_tx|Add0~0                                                                                 ; 3       ;
; CAN_RX~input                                                                                             ; 2       ;
; can_top:u_can_top|can_level_packet:u_can_level_packet|stat~98                                            ; 2       ;
; can_top:u_can_top|can_level_packet:u_can_level_packet|Selector227~5                                      ; 2       ;
; can_top:u_can_top|can_level_packet:u_can_level_packet|can_level_bit:u_can_level_bit|adjust_c_PBS1[13]~56 ; 2       ;
; can_top:u_can_top|buff_data[1]~62                                                                        ; 2       ;
; can_top:u_can_top|can_level_packet:u_can_level_packet|tx_shift[0]                                        ; 2       ;
; can_top:u_can_top|buff_data[2]~61                                                                        ; 2       ;
; can_top:u_can_top|buff_data[3]~60                                                                        ; 2       ;
; can_top:u_can_top|buff_data[4]~59                                                                        ; 2       ;
; can_top:u_can_top|buff_data[5]~58                                                                        ; 2       ;
; can_top:u_can_top|buff_data[6]~57                                                                        ; 2       ;
; can_top:u_can_top|buff_data[7]~56                                                                        ; 2       ;
; can_top:u_can_top|buff_data[8]~55                                                                        ; 2       ;
; can_top:u_can_top|buff_data[9]~54                                                                        ; 2       ;
; can_top:u_can_top|buff_data[10]~53                                                                       ; 2       ;
; can_top:u_can_top|buff_data[11]~52                                                                       ; 2       ;
; can_top:u_can_top|buff_data[12]~51                                                                       ; 2       ;
; can_top:u_can_top|buff_data[13]~50                                                                       ; 2       ;
; can_top:u_can_top|buff_data[14]~49                                                                       ; 2       ;
; can_top:u_can_top|buff_data[15]~48                                                                       ; 2       ;
; can_top:u_can_top|buff_data[16]~47                                                                       ; 2       ;
; can_top:u_can_top|buff_data[17]~46                                                                       ; 2       ;
; can_top:u_can_top|buff_data[18]~45                                                                       ; 2       ;
; can_top:u_can_top|buff_data[19]~44                                                                       ; 2       ;
; can_top:u_can_top|buff_data[20]~43                                                                       ; 2       ;
; can_top:u_can_top|buff_data[21]~42                                                                       ; 2       ;
; can_top:u_can_top|buff_data[22]~41                                                                       ; 2       ;
; can_top:u_can_top|buff_data[23]~40                                                                       ; 2       ;
; can_top:u_can_top|buff_data[24]~39                                                                       ; 2       ;
; can_top:u_can_top|buff_data[25]~38                                                                       ; 2       ;
; can_top:u_can_top|buff_data[26]~37                                                                       ; 2       ;
; can_top:u_can_top|buff_data[27]~36                                                                       ; 2       ;
; can_top:u_can_top|buff_data[28]~35                                                                       ; 2       ;
; can_top:u_can_top|buff_data[29]~34                                                                       ; 2       ;
; can_top:u_can_top|buff_data[30]~33                                                                       ; 2       ;
; can_top:u_can_top|buff_data[31]~32                                                                       ; 2       ;
; can_top:u_can_top|buff_data[32]~31                                                                       ; 2       ;
; can_top:u_can_top|buff_data[33]~30                                                                       ; 2       ;
; can_top:u_can_top|buff_data[34]~29                                                                       ; 2       ;
; can_top:u_can_top|buff_data[35]~28                                                                       ; 2       ;
; can_top:u_can_top|buff_data[36]~27                                                                       ; 2       ;
; can_top:u_can_top|buff_data[37]~26                                                                       ; 2       ;
; can_top:u_can_top|buff_data[38]~25                                                                       ; 2       ;
; can_top:u_can_top|buff_data[39]~24                                                                       ; 2       ;
; can_top:u_can_top|buff_data[40]~23                                                                       ; 2       ;
; can_top:u_can_top|buff_data[41]~22                                                                       ; 2       ;
; can_top:u_can_top|buff_data[42]~21                                                                       ; 2       ;
; can_top:u_can_top|buff_data[43]~20                                                                       ; 2       ;
; can_top:u_can_top|buff_data[44]~19                                                                       ; 2       ;
; can_top:u_can_top|buff_data[45]~18                                                                       ; 2       ;
; can_top:u_can_top|buff_data[46]~17                                                                       ; 2       ;
; can_top:u_can_top|buff_data[47]~16                                                                       ; 2       ;
; can_top:u_can_top|buff_data[48]~15                                                                       ; 2       ;
; can_top:u_can_top|buff_data[49]~14                                                                       ; 2       ;
; can_top:u_can_top|buff_data[50]~13                                                                       ; 2       ;
; can_top:u_can_top|buff_data[51]~12                                                                       ; 2       ;
; can_top:u_can_top|buff_data[52]~11                                                                       ; 2       ;
; can_top:u_can_top|buff_data[53]~10                                                                       ; 2       ;
; can_top:u_can_top|buff_data[54]~9                                                                        ; 2       ;
; can_top:u_can_top|buff_data[55]~8                                                                        ; 2       ;
; can_top:u_can_top|buff_data[56]~7                                                                        ; 2       ;
; can_top:u_can_top|buff_data[57]~6                                                                        ; 2       ;
; can_top:u_can_top|buff_data[58]~5                                                                        ; 2       ;
; can_top:u_can_top|buff_data[59]~4                                                                        ; 2       ;
; can_top:u_can_top|buff_data[60]~3                                                                        ; 2       ;
; can_top:u_can_top|buff_data[61]~2                                                                        ; 2       ;
; can_tx_data[2]                                                                                           ; 2       ;
; can_tx_data[3]                                                                                           ; 2       ;
; can_tx_data[4]                                                                                           ; 2       ;
; can_tx_data[5]                                                                                           ; 2       ;
; can_tx_data[6]                                                                                           ; 2       ;
; can_tx_data[7]                                                                                           ; 2       ;
; can_tx_data[8]                                                                                           ; 2       ;
; can_tx_data[9]                                                                                           ; 2       ;
; can_tx_data[10]                                                                                          ; 2       ;
; can_tx_data[11]                                                                                          ; 2       ;
; can_tx_data[12]                                                                                          ; 2       ;
; can_tx_data[13]                                                                                          ; 2       ;
; can_tx_data[14]                                                                                          ; 2       ;
; can_tx_data[15]                                                                                          ; 2       ;
; can_tx_data[16]                                                                                          ; 2       ;
; can_tx_data[17]                                                                                          ; 2       ;
; can_tx_data[18]                                                                                          ; 2       ;
; can_tx_data[19]                                                                                          ; 2       ;
; can_tx_data[20]                                                                                          ; 2       ;
; can_tx_data[21]                                                                                          ; 2       ;
; can_tx_data[22]                                                                                          ; 2       ;
; can_tx_data[23]                                                                                          ; 2       ;
; can_tx_data[24]                                                                                          ; 2       ;
; can_tx_data[25]                                                                                          ; 2       ;
; can_tx_data[26]                                                                                          ; 2       ;
; can_tx_data[27]                                                                                          ; 2       ;
; can_tx_data[28]                                                                                          ; 2       ;
; can_tx_data[29]                                                                                          ; 2       ;
; can_tx_data[30]                                                                                          ; 2       ;
; can_tx_data[31]                                                                                          ; 2       ;
; can_tx_data[32]                                                                                          ; 2       ;
; can_tx_data[33]                                                                                          ; 2       ;
; can_tx_data[34]                                                                                          ; 2       ;
; can_tx_data[35]                                                                                          ; 2       ;
; can_tx_data[36]                                                                                          ; 2       ;
; can_tx_data[37]                                                                                          ; 2       ;
; can_tx_data[38]                                                                                          ; 2       ;
; can_tx_data[39]                                                                                          ; 2       ;
; can_tx_data[40]                                                                                          ; 2       ;
; can_top:u_can_top|buff_data[62]~1                                                                        ; 2       ;
; can_top:u_can_top|buff_data[63]~0                                                                        ; 2       ;
; can_top:u_can_top|can_level_packet:u_can_level_packet|tx_crc[0]                                          ; 2       ;
; can_top:u_can_top|can_level_packet:u_can_level_packet|tx_crc[1]                                          ; 2       ;
; can_top:u_can_top|can_level_packet:u_can_level_packet|tx_crc[2]                                          ; 2       ;
; can_top:u_can_top|can_level_packet:u_can_level_packet|rx_data[63]                                        ; 2       ;
; can_top:u_can_top|can_level_packet:u_can_level_packet|tx_crc[3]                                          ; 2       ;
; can_top:u_can_top|can_level_packet:u_can_level_packet|tx_crc[4]                                          ; 2       ;
; can_top:u_can_top|can_level_packet:u_can_level_packet|tx_crc[5]                                          ; 2       ;
; can_top:u_can_top|can_level_packet:u_can_level_packet|tx_crc[6]                                          ; 2       ;
; can_top:u_can_top|can_level_packet:u_can_level_packet|tx_crc[7]                                          ; 2       ;
; can_top:u_can_top|can_level_packet:u_can_level_packet|tx_crc[8]                                          ; 2       ;
; can_top:u_can_top|can_level_packet:u_can_level_packet|tx_crc[9]                                          ; 2       ;
; can_top:u_can_top|can_level_packet:u_can_level_packet|tx_crc[10]                                         ; 2       ;
; can_top:u_can_top|can_level_packet:u_can_level_packet|WideOr2                                            ; 2       ;
; can_top:u_can_top|can_level_packet:u_can_level_packet|tx_crc[11]                                         ; 2       ;
; can_top:u_can_top|Equal0~5                                                                               ; 2       ;
; can_top:u_can_top|Equal0~0                                                                               ; 2       ;
; can_top:u_can_top|t_retry_cnt[1]~0                                                                       ; 2       ;
; can_top:u_can_top|r_rtr_req~3                                                                            ; 2       ;
; can_top:u_can_top|r_cnt[3]~13                                                                            ; 2       ;
; can_top:u_can_top|always4~1                                                                              ; 2       ;
; can_top:u_can_top|can_level_packet:u_can_level_packet|rx_id[11]                                          ; 2       ;
; can_top:u_can_top|can_level_packet:u_can_level_packet|rx_id[12]                                          ; 2       ;
; can_top:u_can_top|can_level_packet:u_can_level_packet|rx_id[13]                                          ; 2       ;
; can_top:u_can_top|can_level_packet:u_can_level_packet|rx_id[15]                                          ; 2       ;
; can_top:u_can_top|can_level_packet:u_can_level_packet|rx_id[16]                                          ; 2       ;
; can_top:u_can_top|can_level_packet:u_can_level_packet|rx_id[14]                                          ; 2       ;
; can_top:u_can_top|can_level_packet:u_can_level_packet|rx_id[17]                                          ; 2       ;
; can_top:u_can_top|can_level_packet:u_can_level_packet|rx_id[19]                                          ; 2       ;
; can_top:u_can_top|can_level_packet:u_can_level_packet|rx_id[18]                                          ; 2       ;
; can_top:u_can_top|can_level_packet:u_can_level_packet|rx_id[20]                                          ; 2       ;
; can_top:u_can_top|can_level_packet:u_can_level_packet|rx_id[22]                                          ; 2       ;
; can_top:u_can_top|can_level_packet:u_can_level_packet|rx_id[23]                                          ; 2       ;
; can_top:u_can_top|can_level_packet:u_can_level_packet|rx_id[24]                                          ; 2       ;
; can_top:u_can_top|can_level_packet:u_can_level_packet|rx_id[21]                                          ; 2       ;
; can_top:u_can_top|can_level_packet:u_can_level_packet|rx_id[26]                                          ; 2       ;
; can_top:u_can_top|can_level_packet:u_can_level_packet|rx_id[27]                                          ; 2       ;
; can_top:u_can_top|can_level_packet:u_can_level_packet|rx_id[25]                                          ; 2       ;
; can_top:u_can_top|always4~0                                                                              ; 2       ;
; can_top:u_can_top|can_level_packet:u_can_level_packet|stat~94                                            ; 2       ;
; can_top:u_can_top|can_level_packet:u_can_level_packet|stat~91                                            ; 2       ;
; can_top:u_can_top|can_level_packet:u_can_level_packet|stat~74                                            ; 2       ;
; can_top:u_can_top|can_level_packet:u_can_level_packet|stat~70                                            ; 2       ;
; can_top:u_can_top|can_level_packet:u_can_level_packet|tx_crc[12]                                         ; 2       ;
; can_top:u_can_top|t_rtr_req                                                                              ; 2       ;
; can_top:u_can_top|can_level_packet:u_can_level_packet|tx_done                                            ; 2       ;
; can_top:u_can_top|can_level_packet:u_can_level_packet|Selector15~0                                       ; 2       ;
; can_top:u_can_top|can_level_packet:u_can_level_packet|cnt[1]~33                                          ; 2       ;
; can_top:u_can_top|can_level_packet:u_can_level_packet|stat~67                                            ; 2       ;
; can_top:u_can_top|can_level_packet:u_can_level_packet|cnt[7]~11                                          ; 2       ;
; can_top:u_can_top|can_level_packet:u_can_level_packet|stat~61                                            ; 2       ;
; can_top:u_can_top|can_level_packet:u_can_level_packet|stat~56                                            ; 2       ;
; can_top:u_can_top|can_level_packet:u_can_level_packet|stat~49                                            ; 2       ;
; can_top:u_can_top|can_level_packet:u_can_level_packet|stat~48                                            ; 2       ;
; can_top:u_can_top|can_level_packet:u_can_level_packet|rx_history[6]                                      ; 2       ;
; can_top:u_can_top|can_level_packet:u_can_level_packet|LessThan1~0                                        ; 2       ;
; can_top:u_can_top|can_level_packet:u_can_level_packet|tx_shift[71]~4                                     ; 2       ;
; can_top:u_can_top|can_level_packet:u_can_level_packet|WideOr7~0                                          ; 2       ;
; can_top:u_can_top|can_level_packet:u_can_level_packet|always2~0                                          ; 2       ;
; can_top:u_can_top|can_level_packet:u_can_level_packet|tx_crc[13]                                         ; 2       ;
; can_top:u_can_top|can_level_packet:u_can_level_packet|can_level_bit:u_can_level_bit|rbit~2               ; 2       ;
; uart_tx:u_uart_tx|rptr[10]                                                                               ; 2       ;
; uart_tx:u_uart_tx|rptr[9]                                                                                ; 2       ;
; uart_tx:u_uart_tx|rptr[8]                                                                                ; 2       ;
; uart_tx:u_uart_tx|rptr[6]                                                                                ; 2       ;
; uart_tx:u_uart_tx|rptr[7]                                                                                ; 2       ;
; uart_tx:u_uart_tx|rptr[4]                                                                                ; 2       ;
; uart_tx:u_uart_tx|rptr[5]                                                                                ; 2       ;
; uart_tx:u_uart_tx|rptr[2]                                                                                ; 2       ;
; uart_tx:u_uart_tx|rptr[3]                                                                                ; 2       ;
; uart_tx:u_uart_tx|rptr[0]                                                                                ; 2       ;
; uart_tx:u_uart_tx|rptr[1]                                                                                ; 2       ;
; can_top:u_can_top|can_level_packet:u_can_level_packet|can_level_bit:u_can_level_bit|inframe~2            ; 2       ;
; can_top:u_can_top|can_level_packet:u_can_level_packet|can_level_bit:u_can_level_bit|rbit~1               ; 2       ;
; can_top:u_can_top|can_level_packet:u_can_level_packet|rx_ack_latch                                       ; 2       ;
; can_top:u_can_top|can_level_packet:u_can_level_packet|Equal6~4                                           ; 2       ;
; can_top:u_can_top|can_level_packet:u_can_level_packet|rx_crc[0]                                          ; 2       ;
; can_top:u_can_top|can_level_packet:u_can_level_packet|rx_crc[1]                                          ; 2       ;
; can_top:u_can_top|can_level_packet:u_can_level_packet|rx_crc[2]                                          ; 2       ;
; can_top:u_can_top|can_level_packet:u_can_level_packet|rx_crc[5]                                          ; 2       ;
; can_top:u_can_top|can_level_packet:u_can_level_packet|rx_crc[6]                                          ; 2       ;
; can_top:u_can_top|can_level_packet:u_can_level_packet|rx_crc[9]                                          ; 2       ;
; can_top:u_can_top|can_level_packet:u_can_level_packet|rx_crc[11]                                         ; 2       ;
; can_top:u_can_top|can_level_packet:u_can_level_packet|rx_crc[12]                                         ; 2       ;
; can_top:u_can_top|can_level_packet:u_can_level_packet|rx_crc[13]                                         ; 2       ;
; can_top:u_can_top|can_level_packet:u_can_level_packet|stat~44                                            ; 2       ;
; can_top:u_can_top|can_level_packet:u_can_level_packet|Equal5~0                                           ; 2       ;
; can_top:u_can_top|can_level_packet:u_can_level_packet|Equal4~0                                           ; 2       ;
; can_top:u_can_top|can_level_packet:u_can_level_packet|tx_history[3]                                      ; 2       ;
; uart_tx:u_uart_tx|f_tvalid                                                                               ; 2       ;
; uart_tx:u_uart_tx|Selector0~0                                                                            ; 2       ;
; uart_tx:u_uart_tx|LessThan2~10                                                                           ; 2       ;
; can_top:u_can_top|can_level_packet:u_can_level_packet|can_level_bit:u_can_level_bit|rbit~0               ; 2       ;
; can_top:u_can_top|can_level_packet:u_can_level_packet|can_level_bit:u_can_level_bit|can_tx~2             ; 2       ;
; can_top:u_can_top|can_level_packet:u_can_level_packet|can_level_bit:u_can_level_bit|can_tx~1             ; 2       ;
; can_top:u_can_top|can_level_packet:u_can_level_packet|can_level_bit:u_can_level_bit|can_tx~0             ; 2       ;
; can_top:u_can_top|can_level_packet:u_can_level_packet|can_level_bit:u_can_level_bit|always1~0            ; 2       ;
; can_top:u_can_top|can_level_packet:u_can_level_packet|can_level_bit:u_can_level_bit|can_tx               ; 2       ;
; can_tx_data[41]                                                                                          ; 2       ;
; can_tx_data[42]                                                                                          ; 2       ;
; can_tx_data[43]                                                                                          ; 2       ;
; can_tx_data[44]                                                                                          ; 2       ;
; can_tx_data[45]                                                                                          ; 2       ;
; can_tx_data[46]                                                                                          ; 2       ;
; can_tx_data[47]                                                                                          ; 2       ;
; can_tx_data[48]                                                                                          ; 2       ;
; can_tx_data[49]                                                                                          ; 2       ;
; can_tx_data[50]                                                                                          ; 2       ;
; can_tx_data[51]                                                                                          ; 2       ;
; can_tx_data[52]                                                                                          ; 2       ;
; can_tx_data[53]                                                                                          ; 2       ;
; can_tx_data[54]                                                                                          ; 2       ;
; can_tx_data[55]                                                                                          ; 2       ;
; can_tx_data[56]                                                                                          ; 2       ;
; can_tx_data[57]                                                                                          ; 2       ;
; can_tx_data[58]                                                                                          ; 2       ;
; can_tx_data[59]                                                                                          ; 2       ;
; can_tx_data[60]                                                                                          ; 2       ;
; can_tx_data[61]                                                                                          ; 2       ;
; can_tx_data[62]                                                                                          ; 2       ;
; can_tx_data[63]                                                                                          ; 2       ;
; can_tx_cnt[25]                                                                                           ; 2       ;
; can_tx_cnt[24]                                                                                           ; 2       ;
; can_tx_cnt[23]                                                                                           ; 2       ;
; can_tx_cnt[22]                                                                                           ; 2       ;
; can_tx_cnt[21]                                                                                           ; 2       ;
; can_tx_cnt[20]                                                                                           ; 2       ;
; can_tx_cnt[19]                                                                                           ; 2       ;
; can_tx_cnt[18]                                                                                           ; 2       ;
; can_tx_cnt[17]                                                                                           ; 2       ;
; can_tx_cnt[16]                                                                                           ; 2       ;
; can_tx_cnt[11]                                                                                           ; 2       ;
; can_tx_cnt[10]                                                                                           ; 2       ;
; can_tx_cnt[9]                                                                                            ; 2       ;
; can_tx_cnt[8]                                                                                            ; 2       ;
; can_tx_cnt[7]                                                                                            ; 2       ;
; can_tx_cnt[6]                                                                                            ; 2       ;
; can_tx_cnt[5]                                                                                            ; 2       ;
; can_tx_cnt[4]                                                                                            ; 2       ;
; can_tx_cnt[3]                                                                                            ; 2       ;
; can_tx_cnt[2]                                                                                            ; 2       ;
; can_tx_cnt[1]                                                                                            ; 2       ;
; can_tx_cnt[0]                                                                                            ; 2       ;
; can_tx_cnt[15]                                                                                           ; 2       ;
; can_tx_cnt[14]                                                                                           ; 2       ;
; can_tx_cnt[13]                                                                                           ; 2       ;
; can_tx_cnt[12]                                                                                           ; 2       ;
; can_tx_cnt[63]                                                                                           ; 2       ;
; can_tx_cnt[62]                                                                                           ; 2       ;
; can_tx_cnt[61]                                                                                           ; 2       ;
; can_tx_cnt[60]                                                                                           ; 2       ;
; can_tx_cnt[59]                                                                                           ; 2       ;
; can_tx_cnt[58]                                                                                           ; 2       ;
; can_tx_cnt[57]                                                                                           ; 2       ;
; can_tx_cnt[56]                                                                                           ; 2       ;
; can_tx_cnt[55]                                                                                           ; 2       ;
; can_tx_cnt[54]                                                                                           ; 2       ;
; can_tx_cnt[53]                                                                                           ; 2       ;
; can_tx_cnt[52]                                                                                           ; 2       ;
; can_tx_cnt[51]                                                                                           ; 2       ;
; can_tx_cnt[50]                                                                                           ; 2       ;
; can_tx_cnt[49]                                                                                           ; 2       ;
; can_tx_cnt[48]                                                                                           ; 2       ;
; can_tx_cnt[47]                                                                                           ; 2       ;
; can_tx_cnt[46]                                                                                           ; 2       ;
; can_tx_cnt[45]                                                                                           ; 2       ;
; can_tx_cnt[44]                                                                                           ; 2       ;
; can_tx_cnt[43]                                                                                           ; 2       ;
; can_tx_cnt[42]                                                                                           ; 2       ;
; can_tx_cnt[41]                                                                                           ; 2       ;
; can_tx_cnt[40]                                                                                           ; 2       ;
; can_tx_cnt[39]                                                                                           ; 2       ;
; can_tx_cnt[38]                                                                                           ; 2       ;
; can_tx_cnt[37]                                                                                           ; 2       ;
; can_tx_cnt[36]                                                                                           ; 2       ;
; can_tx_cnt[35]                                                                                           ; 2       ;
; can_tx_cnt[34]                                                                                           ; 2       ;
; can_tx_cnt[33]                                                                                           ; 2       ;
; can_tx_cnt[32]                                                                                           ; 2       ;
; can_tx_cnt[31]                                                                                           ; 2       ;
; can_tx_cnt[30]                                                                                           ; 2       ;
; can_tx_cnt[29]                                                                                           ; 2       ;
; can_tx_cnt[28]                                                                                           ; 2       ;
; can_tx_cnt[27]                                                                                           ; 2       ;
; can_tx_cnt[26]                                                                                           ; 2       ;
; can_top:u_can_top|can_level_packet:u_can_level_packet|tx_acked                                           ; 2       ;
; uart_tx:u_uart_tx|Add0~20                                                                                ; 2       ;
; can_top:u_can_top|can_level_packet:u_can_level_packet|rx_crc[3]                                          ; 2       ;
; can_top:u_can_top|can_level_packet:u_can_level_packet|rx_crc[4]                                          ; 2       ;
; can_top:u_can_top|can_level_packet:u_can_level_packet|rx_crc[7]                                          ; 2       ;
; can_top:u_can_top|can_level_packet:u_can_level_packet|rx_crc[8]                                          ; 2       ;
; can_top:u_can_top|can_level_packet:u_can_level_packet|rx_crc[10]                                         ; 2       ;
; uart_tx:u_uart_tx|txcnt[29]                                                                              ; 2       ;
; uart_tx:u_uart_tx|txcnt[28]                                                                              ; 2       ;
; uart_tx:u_uart_tx|txcnt[31]                                                                              ; 2       ;
; uart_tx:u_uart_tx|txcnt[30]                                                                              ; 2       ;
; uart_tx:u_uart_tx|txcnt[27]                                                                              ; 2       ;
; uart_tx:u_uart_tx|txcnt[26]                                                                              ; 2       ;
; uart_tx:u_uart_tx|txcnt[25]                                                                              ; 2       ;
; uart_tx:u_uart_tx|txcnt[24]                                                                              ; 2       ;
; uart_tx:u_uart_tx|txcnt[23]                                                                              ; 2       ;
; uart_tx:u_uart_tx|txcnt[22]                                                                              ; 2       ;
; uart_tx:u_uart_tx|txcnt[21]                                                                              ; 2       ;
; uart_tx:u_uart_tx|txcnt[20]                                                                              ; 2       ;
; uart_tx:u_uart_tx|txcnt[19]                                                                              ; 2       ;
; uart_tx:u_uart_tx|txcnt[18]                                                                              ; 2       ;
; uart_tx:u_uart_tx|txcnt[17]                                                                              ; 2       ;
; uart_tx:u_uart_tx|txcnt[16]                                                                              ; 2       ;
; uart_tx:u_uart_tx|txcnt[15]                                                                              ; 2       ;
; uart_tx:u_uart_tx|txcnt[14]                                                                              ; 2       ;
; uart_tx:u_uart_tx|txcnt[13]                                                                              ; 2       ;
; uart_tx:u_uart_tx|txcnt[12]                                                                              ; 2       ;
; uart_tx:u_uart_tx|txcnt[11]                                                                              ; 2       ;
; uart_tx:u_uart_tx|txcnt[10]                                                                              ; 2       ;
; uart_tx:u_uart_tx|txcnt[9]                                                                               ; 2       ;
; uart_tx:u_uart_tx|txcnt[8]                                                                               ; 2       ;
; uart_tx:u_uart_tx|txcnt[7]                                                                               ; 2       ;
; uart_tx:u_uart_tx|txcnt[6]                                                                               ; 2       ;
; uart_tx:u_uart_tx|txcnt[5]                                                                               ; 2       ;
; uart_tx:u_uart_tx|txcnt[4]                                                                               ; 2       ;
; uart_tx:u_uart_tx|txcnt[3]                                                                               ; 2       ;
; uart_tx:u_uart_tx|txcnt[2]                                                                               ; 2       ;
; uart_tx:u_uart_tx|txcnt[1]                                                                               ; 2       ;
; uart_tx:u_uart_tx|txcnt[0]                                                                               ; 2       ;
; uart_tx:u_uart_tx|cycle[28]                                                                              ; 2       ;
; uart_tx:u_uart_tx|cycle[27]                                                                              ; 2       ;
; uart_tx:u_uart_tx|cycle[26]                                                                              ; 2       ;
; uart_tx:u_uart_tx|cycle[25]                                                                              ; 2       ;
; uart_tx:u_uart_tx|cycle[31]                                                                              ; 2       ;
; uart_tx:u_uart_tx|cycle[30]                                                                              ; 2       ;
; uart_tx:u_uart_tx|cycle[29]                                                                              ; 2       ;
; uart_tx:u_uart_tx|cycle[6]                                                                               ; 2       ;
; uart_tx:u_uart_tx|cycle[5]                                                                               ; 2       ;
; uart_tx:u_uart_tx|cycle[4]                                                                               ; 2       ;
; uart_tx:u_uart_tx|cycle[3]                                                                               ; 2       ;
; uart_tx:u_uart_tx|cycle[2]                                                                               ; 2       ;
; uart_tx:u_uart_tx|cycle[1]                                                                               ; 2       ;
; uart_tx:u_uart_tx|cycle[8]                                                                               ; 2       ;
; uart_tx:u_uart_tx|cycle[24]                                                                              ; 2       ;
; uart_tx:u_uart_tx|cycle[23]                                                                              ; 2       ;
; uart_tx:u_uart_tx|cycle[22]                                                                              ; 2       ;
; uart_tx:u_uart_tx|cycle[21]                                                                              ; 2       ;
; uart_tx:u_uart_tx|cycle[20]                                                                              ; 2       ;
; uart_tx:u_uart_tx|cycle[19]                                                                              ; 2       ;
; uart_tx:u_uart_tx|cycle[18]                                                                              ; 2       ;
; uart_tx:u_uart_tx|cycle[17]                                                                              ; 2       ;
; uart_tx:u_uart_tx|cycle[16]                                                                              ; 2       ;
; uart_tx:u_uart_tx|cycle[15]                                                                              ; 2       ;
; uart_tx:u_uart_tx|cycle[14]                                                                              ; 2       ;
; uart_tx:u_uart_tx|cycle[13]                                                                              ; 2       ;
; uart_tx:u_uart_tx|cycle[12]                                                                              ; 2       ;
; uart_tx:u_uart_tx|cycle[11]                                                                              ; 2       ;
; uart_tx:u_uart_tx|cycle[10]                                                                              ; 2       ;
; uart_tx:u_uart_tx|cycle[9]                                                                               ; 2       ;
; uart_tx:u_uart_tx|cycle[7]                                                                               ; 2       ;
; rstn_shift[0]~feeder                                                                                     ; 1       ;
; can_top:u_can_top|can_level_packet:u_can_level_packet|stat.INIT~feeder                                   ; 1       ;
; can_tx_data[1]~69                                                                                        ; 1       ;
; can_tx_valid~0                                                                                           ; 1       ;
; can_top:u_can_top|can_level_packet:u_can_level_packet|rx_history[0]~0                                    ; 1       ;
; can_top:u_can_top|can_level_packet:u_can_level_packet|can_level_bit:u_can_level_bit|rx_buf~0             ; 1       ;
; can_top:u_can_top|r_rtr_req~4                                                                            ; 1       ;
; can_top:u_can_top|r_cnt[3]~17                                                                            ; 1       ;
; can_top:u_can_top|can_level_packet:u_can_level_packet|stat~99                                            ; 1       ;
; can_top:u_can_top|can_level_packet:u_can_level_packet|LessThan8~3                                        ; 1       ;
; can_top:u_can_top|can_level_packet:u_can_level_packet|can_level_bit:u_can_level_bit|inframe~3            ; 1       ;
; can_top:u_can_top|can_level_packet:u_can_level_packet|can_level_bit:u_can_level_bit|stat~19              ; 1       ;
; can_top:u_can_top|can_level_packet:u_can_level_packet|can_level_bit:u_can_level_bit|cnt~27               ; 1       ;
; can_top:u_can_top|can_level_packet:u_can_level_packet|can_level_bit:u_can_level_bit|cnt~26               ; 1       ;
; can_top:u_can_top|can_level_packet:u_can_level_packet|can_level_bit:u_can_level_bit|cnt~25               ; 1       ;
; can_top:u_can_top|can_level_packet:u_can_level_packet|Selector227~4                                      ; 1       ;
; can_top:u_can_top|can_level_packet:u_can_level_packet|Selector227~3                                      ; 1       ;
; can_top:u_can_top|can_level_packet:u_can_level_packet|Selector227~2                                      ; 1       ;
; can_top:u_can_top|keepdata[1]                                                                            ; 1       ;
; can_top:u_can_top|can_level_packet:u_can_level_packet|Selector226~0                                      ; 1       ;
; can_top:u_can_top|pkt_tx_data[1]                                                                         ; 1       ;
; can_top:u_can_top|keepdata[2]                                                                            ; 1       ;
; can_top:u_can_top|can_level_packet:u_can_level_packet|Selector225~0                                      ; 1       ;
; can_top:u_can_top|can_level_packet:u_can_level_packet|tx_shift[1]                                        ; 1       ;
; can_top:u_can_top|pkt_tx_data[2]                                                                         ; 1       ;
; can_top:u_can_top|keepdata[3]                                                                            ; 1       ;
; can_top:u_can_top|can_level_packet:u_can_level_packet|Selector224~0                                      ; 1       ;
; can_top:u_can_top|can_level_packet:u_can_level_packet|tx_shift[2]                                        ; 1       ;
; can_top:u_can_top|pkt_tx_data[3]                                                                         ; 1       ;
; can_top:u_can_top|keepdata[4]                                                                            ; 1       ;
; can_top:u_can_top|can_level_packet:u_can_level_packet|Selector223~0                                      ; 1       ;
; can_top:u_can_top|can_level_packet:u_can_level_packet|tx_shift[3]                                        ; 1       ;
; can_top:u_can_top|pkt_tx_data[4]                                                                         ; 1       ;
; can_top:u_can_top|keepdata[5]                                                                            ; 1       ;
; can_top:u_can_top|can_level_packet:u_can_level_packet|Selector222~0                                      ; 1       ;
; can_top:u_can_top|can_level_packet:u_can_level_packet|tx_shift[4]                                        ; 1       ;
; can_top:u_can_top|pkt_tx_data[5]                                                                         ; 1       ;
; can_top:u_can_top|keepdata[6]                                                                            ; 1       ;
; can_top:u_can_top|can_level_packet:u_can_level_packet|Selector221~0                                      ; 1       ;
; can_top:u_can_top|can_level_packet:u_can_level_packet|tx_shift[5]                                        ; 1       ;
; can_top:u_can_top|pkt_tx_data[6]                                                                         ; 1       ;
; can_top:u_can_top|keepdata[7]                                                                            ; 1       ;
; can_top:u_can_top|can_level_packet:u_can_level_packet|Selector220~0                                      ; 1       ;
; can_top:u_can_top|can_level_packet:u_can_level_packet|tx_shift[6]                                        ; 1       ;
; can_top:u_can_top|pkt_tx_data[7]                                                                         ; 1       ;
; can_top:u_can_top|keepdata[8]                                                                            ; 1       ;
; can_top:u_can_top|can_level_packet:u_can_level_packet|Selector219~0                                      ; 1       ;
; can_top:u_can_top|can_level_packet:u_can_level_packet|tx_shift[7]                                        ; 1       ;
; can_top:u_can_top|pkt_tx_data[8]                                                                         ; 1       ;
; can_top:u_can_top|keepdata[9]                                                                            ; 1       ;
; can_top:u_can_top|can_level_packet:u_can_level_packet|Selector218~0                                      ; 1       ;
; can_top:u_can_top|can_level_packet:u_can_level_packet|tx_shift[8]                                        ; 1       ;
; can_top:u_can_top|pkt_tx_data[9]                                                                         ; 1       ;
; can_top:u_can_top|keepdata[10]                                                                           ; 1       ;
; can_top:u_can_top|can_level_packet:u_can_level_packet|Selector217~0                                      ; 1       ;
; can_top:u_can_top|can_level_packet:u_can_level_packet|tx_shift[9]                                        ; 1       ;
; can_top:u_can_top|pkt_tx_data[10]                                                                        ; 1       ;
; can_top:u_can_top|keepdata[11]                                                                           ; 1       ;
; can_top:u_can_top|can_level_packet:u_can_level_packet|Selector216~0                                      ; 1       ;
; can_top:u_can_top|can_level_packet:u_can_level_packet|tx_shift[10]                                       ; 1       ;
; can_top:u_can_top|pkt_tx_data[11]                                                                        ; 1       ;
; can_top:u_can_top|keepdata[12]                                                                           ; 1       ;
; can_top:u_can_top|can_level_packet:u_can_level_packet|Selector215~0                                      ; 1       ;
; can_top:u_can_top|can_level_packet:u_can_level_packet|tx_shift[11]                                       ; 1       ;
; can_top:u_can_top|pkt_tx_data[12]                                                                        ; 1       ;
; can_top:u_can_top|keepdata[13]                                                                           ; 1       ;
; can_top:u_can_top|can_level_packet:u_can_level_packet|Selector214~0                                      ; 1       ;
; can_top:u_can_top|can_level_packet:u_can_level_packet|tx_shift[12]                                       ; 1       ;
; can_top:u_can_top|pkt_tx_data[13]                                                                        ; 1       ;
; can_top:u_can_top|keepdata[14]                                                                           ; 1       ;
; can_top:u_can_top|can_level_packet:u_can_level_packet|Selector213~0                                      ; 1       ;
; can_top:u_can_top|can_level_packet:u_can_level_packet|tx_shift[13]                                       ; 1       ;
; can_top:u_can_top|pkt_tx_data[14]                                                                        ; 1       ;
; can_top:u_can_top|keepdata[15]                                                                           ; 1       ;
; can_top:u_can_top|can_level_packet:u_can_level_packet|Selector212~0                                      ; 1       ;
; can_top:u_can_top|can_level_packet:u_can_level_packet|tx_shift[14]                                       ; 1       ;
; can_top:u_can_top|pkt_tx_data[15]                                                                        ; 1       ;
; can_top:u_can_top|keepdata[16]                                                                           ; 1       ;
; can_top:u_can_top|can_level_packet:u_can_level_packet|Selector211~0                                      ; 1       ;
; can_top:u_can_top|can_level_packet:u_can_level_packet|tx_shift[15]                                       ; 1       ;
; can_top:u_can_top|pkt_tx_data[16]                                                                        ; 1       ;
; can_top:u_can_top|keepdata[17]                                                                           ; 1       ;
; can_top:u_can_top|can_level_packet:u_can_level_packet|Selector210~0                                      ; 1       ;
; can_top:u_can_top|can_level_packet:u_can_level_packet|tx_shift[16]                                       ; 1       ;
; can_top:u_can_top|pkt_tx_data[17]                                                                        ; 1       ;
; can_top:u_can_top|keepdata[18]                                                                           ; 1       ;
; can_top:u_can_top|can_level_packet:u_can_level_packet|Selector209~0                                      ; 1       ;
; can_top:u_can_top|can_level_packet:u_can_level_packet|tx_shift[17]                                       ; 1       ;
; can_top:u_can_top|pkt_tx_data[18]                                                                        ; 1       ;
; can_top:u_can_top|keepdata[19]                                                                           ; 1       ;
; can_top:u_can_top|can_level_packet:u_can_level_packet|Selector208~0                                      ; 1       ;
; can_top:u_can_top|can_level_packet:u_can_level_packet|tx_shift[18]                                       ; 1       ;
; can_top:u_can_top|pkt_tx_data[19]                                                                        ; 1       ;
; can_top:u_can_top|keepdata[20]                                                                           ; 1       ;
; can_top:u_can_top|can_level_packet:u_can_level_packet|Selector207~0                                      ; 1       ;
; can_top:u_can_top|can_level_packet:u_can_level_packet|tx_shift[19]                                       ; 1       ;
; can_top:u_can_top|pkt_tx_data[20]                                                                        ; 1       ;
; can_top:u_can_top|keepdata[21]                                                                           ; 1       ;
; can_top:u_can_top|can_level_packet:u_can_level_packet|Selector206~0                                      ; 1       ;
; can_top:u_can_top|can_level_packet:u_can_level_packet|tx_shift[20]                                       ; 1       ;
; can_top:u_can_top|pkt_tx_data[21]                                                                        ; 1       ;
; can_top:u_can_top|keepdata[22]                                                                           ; 1       ;
; can_top:u_can_top|can_level_packet:u_can_level_packet|Selector205~0                                      ; 1       ;
; can_top:u_can_top|can_level_packet:u_can_level_packet|tx_shift[21]                                       ; 1       ;
; can_top:u_can_top|pkt_tx_data[22]                                                                        ; 1       ;
; can_top:u_can_top|keepdata[23]                                                                           ; 1       ;
; can_top:u_can_top|can_level_packet:u_can_level_packet|Selector204~0                                      ; 1       ;
; can_top:u_can_top|can_level_packet:u_can_level_packet|tx_shift[22]                                       ; 1       ;
; can_top:u_can_top|pkt_tx_data[23]                                                                        ; 1       ;
; can_top:u_can_top|keepdata[24]                                                                           ; 1       ;
; can_top:u_can_top|can_level_packet:u_can_level_packet|Selector203~0                                      ; 1       ;
; can_top:u_can_top|can_level_packet:u_can_level_packet|tx_shift[23]                                       ; 1       ;
; can_top:u_can_top|pkt_tx_data[24]                                                                        ; 1       ;
; can_top:u_can_top|keepdata[25]                                                                           ; 1       ;
; can_top:u_can_top|can_level_packet:u_can_level_packet|Selector202~0                                      ; 1       ;
; can_top:u_can_top|can_level_packet:u_can_level_packet|tx_shift[24]                                       ; 1       ;
; can_top:u_can_top|pkt_tx_data[25]                                                                        ; 1       ;
; can_top:u_can_top|keepdata[26]                                                                           ; 1       ;
; can_top:u_can_top|can_level_packet:u_can_level_packet|Selector201~0                                      ; 1       ;
; can_top:u_can_top|can_level_packet:u_can_level_packet|tx_shift[25]                                       ; 1       ;
; can_top:u_can_top|pkt_tx_data[26]                                                                        ; 1       ;
; can_top:u_can_top|keepdata[27]                                                                           ; 1       ;
; can_top:u_can_top|can_level_packet:u_can_level_packet|Selector200~0                                      ; 1       ;
; can_top:u_can_top|can_level_packet:u_can_level_packet|tx_shift[26]                                       ; 1       ;
; can_top:u_can_top|pkt_tx_data[27]                                                                        ; 1       ;
; can_top:u_can_top|keepdata[28]                                                                           ; 1       ;
; can_top:u_can_top|can_level_packet:u_can_level_packet|Selector199~0                                      ; 1       ;
; can_top:u_can_top|can_level_packet:u_can_level_packet|tx_shift[27]                                       ; 1       ;
; can_top:u_can_top|pkt_tx_data[28]                                                                        ; 1       ;
; can_top:u_can_top|keepdata[29]                                                                           ; 1       ;
; can_top:u_can_top|can_level_packet:u_can_level_packet|Selector198~0                                      ; 1       ;
; can_top:u_can_top|can_level_packet:u_can_level_packet|tx_shift[28]                                       ; 1       ;
; can_top:u_can_top|pkt_tx_data[29]                                                                        ; 1       ;
; can_top:u_can_top|keepdata[30]                                                                           ; 1       ;
; can_top:u_can_top|can_level_packet:u_can_level_packet|Selector197~0                                      ; 1       ;
; can_top:u_can_top|can_level_packet:u_can_level_packet|tx_shift[29]                                       ; 1       ;
; can_top:u_can_top|pkt_tx_data[30]                                                                        ; 1       ;
; can_top:u_can_top|keepdata[31]                                                                           ; 1       ;
; can_top:u_can_top|can_level_packet:u_can_level_packet|Selector196~0                                      ; 1       ;
; can_top:u_can_top|can_level_packet:u_can_level_packet|tx_shift[30]                                       ; 1       ;
; can_top:u_can_top|pkt_tx_data[31]                                                                        ; 1       ;
; can_top:u_can_top|keepdata[32]                                                                           ; 1       ;
; can_top:u_can_top|can_level_packet:u_can_level_packet|Selector195~0                                      ; 1       ;
; can_top:u_can_top|can_level_packet:u_can_level_packet|tx_shift[31]                                       ; 1       ;
; can_top:u_can_top|pkt_tx_data[32]                                                                        ; 1       ;
; can_top:u_can_top|keepdata[33]                                                                           ; 1       ;
; can_top:u_can_top|can_level_packet:u_can_level_packet|Selector194~0                                      ; 1       ;
; can_top:u_can_top|can_level_packet:u_can_level_packet|tx_shift[32]                                       ; 1       ;
; can_top:u_can_top|pkt_tx_data[33]                                                                        ; 1       ;
; can_top:u_can_top|keepdata[34]                                                                           ; 1       ;
; can_top:u_can_top|can_level_packet:u_can_level_packet|Selector193~0                                      ; 1       ;
; can_top:u_can_top|can_level_packet:u_can_level_packet|tx_shift[33]                                       ; 1       ;
; can_top:u_can_top|pkt_tx_data[34]                                                                        ; 1       ;
; can_top:u_can_top|keepdata[35]                                                                           ; 1       ;
; can_top:u_can_top|can_level_packet:u_can_level_packet|Selector192~0                                      ; 1       ;
; can_top:u_can_top|can_level_packet:u_can_level_packet|tx_shift[34]                                       ; 1       ;
; can_top:u_can_top|pkt_tx_data[35]                                                                        ; 1       ;
; can_top:u_can_top|keepdata[36]                                                                           ; 1       ;
; can_top:u_can_top|can_level_packet:u_can_level_packet|Selector191~0                                      ; 1       ;
; can_top:u_can_top|can_level_packet:u_can_level_packet|tx_shift[35]                                       ; 1       ;
; can_top:u_can_top|pkt_tx_data[36]                                                                        ; 1       ;
; can_top:u_can_top|keepdata[37]                                                                           ; 1       ;
; can_top:u_can_top|can_level_packet:u_can_level_packet|Selector190~0                                      ; 1       ;
; can_top:u_can_top|can_level_packet:u_can_level_packet|tx_shift[36]                                       ; 1       ;
; can_top:u_can_top|pkt_tx_data[37]                                                                        ; 1       ;
; can_top:u_can_top|keepdata[38]                                                                           ; 1       ;
; can_top:u_can_top|can_level_packet:u_can_level_packet|Selector189~0                                      ; 1       ;
; can_top:u_can_top|can_level_packet:u_can_level_packet|tx_shift[37]                                       ; 1       ;
; can_top:u_can_top|pkt_tx_data[38]                                                                        ; 1       ;
; can_top:u_can_top|keepdata[39]                                                                           ; 1       ;
; can_top:u_can_top|can_level_packet:u_can_level_packet|Selector188~0                                      ; 1       ;
; can_top:u_can_top|can_level_packet:u_can_level_packet|tx_shift[38]                                       ; 1       ;
; can_top:u_can_top|pkt_tx_data[39]                                                                        ; 1       ;
; can_top:u_can_top|keepdata[40]                                                                           ; 1       ;
; can_top:u_can_top|can_level_packet:u_can_level_packet|Selector187~0                                      ; 1       ;
; can_top:u_can_top|can_level_packet:u_can_level_packet|tx_shift[39]                                       ; 1       ;
; can_top:u_can_top|pkt_tx_data[40]                                                                        ; 1       ;
; can_top:u_can_top|keepdata[41]                                                                           ; 1       ;
; can_top:u_can_top|can_level_packet:u_can_level_packet|Selector186~0                                      ; 1       ;
; can_top:u_can_top|can_level_packet:u_can_level_packet|tx_shift[40]                                       ; 1       ;
; can_top:u_can_top|pkt_tx_data[41]                                                                        ; 1       ;
; can_top:u_can_top|keepdata[42]                                                                           ; 1       ;
; can_top:u_can_top|can_level_packet:u_can_level_packet|Selector185~0                                      ; 1       ;
; can_top:u_can_top|can_level_packet:u_can_level_packet|tx_shift[41]                                       ; 1       ;
; can_top:u_can_top|pkt_tx_data[42]                                                                        ; 1       ;
; can_top:u_can_top|keepdata[43]                                                                           ; 1       ;
; can_top:u_can_top|can_level_packet:u_can_level_packet|Selector184~0                                      ; 1       ;
; can_top:u_can_top|can_level_packet:u_can_level_packet|tx_shift[42]                                       ; 1       ;
; can_top:u_can_top|pkt_tx_data[43]                                                                        ; 1       ;
; can_top:u_can_top|keepdata[44]                                                                           ; 1       ;
; can_top:u_can_top|can_level_packet:u_can_level_packet|Selector183~0                                      ; 1       ;
; can_top:u_can_top|can_level_packet:u_can_level_packet|tx_shift[43]                                       ; 1       ;
; can_top:u_can_top|pkt_tx_data[44]                                                                        ; 1       ;
; can_top:u_can_top|keepdata[45]                                                                           ; 1       ;
; can_top:u_can_top|can_level_packet:u_can_level_packet|Selector182~0                                      ; 1       ;
; can_top:u_can_top|can_level_packet:u_can_level_packet|tx_shift[44]                                       ; 1       ;
; can_top:u_can_top|pkt_tx_data[45]                                                                        ; 1       ;
; can_top:u_can_top|keepdata[46]                                                                           ; 1       ;
; can_top:u_can_top|can_level_packet:u_can_level_packet|Selector181~0                                      ; 1       ;
; can_top:u_can_top|can_level_packet:u_can_level_packet|tx_shift[45]                                       ; 1       ;
; can_top:u_can_top|pkt_tx_data[46]                                                                        ; 1       ;
; can_top:u_can_top|keepdata[47]                                                                           ; 1       ;
; can_top:u_can_top|can_level_packet:u_can_level_packet|Selector180~0                                      ; 1       ;
; can_top:u_can_top|can_level_packet:u_can_level_packet|tx_shift[46]                                       ; 1       ;
; can_top:u_can_top|pkt_tx_data[47]                                                                        ; 1       ;
; can_top:u_can_top|keepdata[48]                                                                           ; 1       ;
; can_top:u_can_top|can_level_packet:u_can_level_packet|Selector179~0                                      ; 1       ;
; can_top:u_can_top|can_level_packet:u_can_level_packet|tx_shift[47]                                       ; 1       ;
; can_top:u_can_top|pkt_tx_data[48]                                                                        ; 1       ;
; can_top:u_can_top|keepdata[49]                                                                           ; 1       ;
; can_top:u_can_top|can_level_packet:u_can_level_packet|Selector178~0                                      ; 1       ;
; can_top:u_can_top|can_level_packet:u_can_level_packet|tx_shift[48]                                       ; 1       ;
; can_top:u_can_top|pkt_tx_data[49]                                                                        ; 1       ;
; can_top:u_can_top|keepdata[50]                                                                           ; 1       ;
; can_top:u_can_top|can_level_packet:u_can_level_packet|Selector177~0                                      ; 1       ;
; can_top:u_can_top|can_level_packet:u_can_level_packet|tx_shift[49]                                       ; 1       ;
; can_top:u_can_top|pkt_tx_data[50]                                                                        ; 1       ;
; can_top:u_can_top|keepdata[51]                                                                           ; 1       ;
; can_top:u_can_top|can_level_packet:u_can_level_packet|Selector176~0                                      ; 1       ;
; can_top:u_can_top|can_level_packet:u_can_level_packet|tx_shift[50]                                       ; 1       ;
; can_top:u_can_top|pkt_tx_data[51]                                                                        ; 1       ;
; can_top:u_can_top|keepdata[52]                                                                           ; 1       ;
; can_top:u_can_top|can_level_packet:u_can_level_packet|Selector175~0                                      ; 1       ;
; can_top:u_can_top|can_level_packet:u_can_level_packet|tx_shift[51]                                       ; 1       ;
; can_top:u_can_top|pkt_tx_data[52]                                                                        ; 1       ;
; can_top:u_can_top|keepdata[53]                                                                           ; 1       ;
; can_top:u_can_top|can_level_packet:u_can_level_packet|Selector174~0                                      ; 1       ;
; can_top:u_can_top|can_level_packet:u_can_level_packet|tx_shift[52]                                       ; 1       ;
; can_top:u_can_top|pkt_tx_data[53]                                                                        ; 1       ;
; can_top:u_can_top|keepdata[54]                                                                           ; 1       ;
; can_top:u_can_top|can_level_packet:u_can_level_packet|Selector173~0                                      ; 1       ;
; can_top:u_can_top|can_level_packet:u_can_level_packet|tx_shift[53]                                       ; 1       ;
; can_top:u_can_top|pkt_tx_data[54]                                                                        ; 1       ;
; can_top:u_can_top|keepdata[55]                                                                           ; 1       ;
; can_top:u_can_top|can_level_packet:u_can_level_packet|Selector172~0                                      ; 1       ;
; can_top:u_can_top|can_level_packet:u_can_level_packet|tx_shift[54]                                       ; 1       ;
; can_top:u_can_top|pkt_tx_data[55]                                                                        ; 1       ;
; can_top:u_can_top|keepdata[56]                                                                           ; 1       ;
; can_top:u_can_top|can_level_packet:u_can_level_packet|Selector171~0                                      ; 1       ;
; can_top:u_can_top|can_level_packet:u_can_level_packet|tx_shift[55]                                       ; 1       ;
; can_top:u_can_top|pkt_tx_data[56]                                                                        ; 1       ;
; can_top:u_can_top|keepdata[57]                                                                           ; 1       ;
; can_top:u_can_top|can_level_packet:u_can_level_packet|Selector170~0                                      ; 1       ;
; can_top:u_can_top|can_level_packet:u_can_level_packet|tx_shift[56]                                       ; 1       ;
; can_top:u_can_top|pkt_tx_data[57]                                                                        ; 1       ;
; can_top:u_can_top|keepdata[58]                                                                           ; 1       ;
; can_top:u_can_top|can_level_packet:u_can_level_packet|Selector169~0                                      ; 1       ;
; can_top:u_can_top|can_level_packet:u_can_level_packet|tx_shift[57]                                       ; 1       ;
; can_top:u_can_top|pkt_tx_data[58]                                                                        ; 1       ;
; can_top:u_can_top|keepdata[59]                                                                           ; 1       ;
; can_top:u_can_top|can_level_packet:u_can_level_packet|Selector168~0                                      ; 1       ;
; can_top:u_can_top|can_level_packet:u_can_level_packet|tx_shift[58]                                       ; 1       ;
; can_top:u_can_top|pkt_tx_data[59]                                                                        ; 1       ;
; can_top:u_can_top|keepdata[60]                                                                           ; 1       ;
; can_top:u_can_top|can_level_packet:u_can_level_packet|Selector167~0                                      ; 1       ;
; can_top:u_can_top|can_level_packet:u_can_level_packet|tx_shift[59]                                       ; 1       ;
; can_top:u_can_top|pkt_tx_data[60]                                                                        ; 1       ;
; can_top:u_can_top|keepdata[61]                                                                           ; 1       ;
; can_top:u_can_top|can_level_packet:u_can_level_packet|Selector166~0                                      ; 1       ;
; can_top:u_can_top|can_level_packet:u_can_level_packet|tx_shift[60]                                       ; 1       ;
; can_top:u_can_top|pkt_tx_data[61]                                                                        ; 1       ;
; can_top:u_can_top|keepdata[62]                                                                           ; 1       ;
; can_top:u_can_top|can_level_packet:u_can_level_packet|Selector165~0                                      ; 1       ;
; can_top:u_can_top|can_level_packet:u_can_level_packet|tx_shift[61]                                       ; 1       ;
; can_top:u_can_top|pkt_tx_data[62]                                                                        ; 1       ;
; can_top:u_can_top|keepdata[63]                                                                           ; 1       ;
; can_top:u_can_top|can_level_packet:u_can_level_packet|Selector164~0                                      ; 1       ;
; can_top:u_can_top|can_level_packet:u_can_level_packet|tx_shift[62]                                       ; 1       ;
; can_top:u_can_top|pkt_tx_data[63]                                                                        ; 1       ;
; can_top:u_can_top|r_data~64                                                                              ; 1       ;
; can_top:u_can_top|can_level_packet:u_can_level_packet|Selector163~0                                      ; 1       ;
; can_top:u_can_top|can_level_packet:u_can_level_packet|tx_shift[63]                                       ; 1       ;
; can_top:u_can_top|r_data~63                                                                              ; 1       ;
; can_top:u_can_top|r_data~62                                                                              ; 1       ;
; can_top:u_can_top|r_data[7]                                                                              ; 1       ;
; can_top:u_can_top|can_level_packet:u_can_level_packet|Selector162~0                                      ; 1       ;
; can_top:u_can_top|can_level_packet:u_can_level_packet|tx_shift[64]                                       ; 1       ;
; can_top:u_can_top|r_data~61                                                                              ; 1       ;
; can_top:u_can_top|r_data~60                                                                              ; 1       ;
; can_top:u_can_top|r_data[6]                                                                              ; 1       ;
; can_top:u_can_top|r_data~59                                                                              ; 1       ;
; can_top:u_can_top|r_data[15]                                                                             ; 1       ;
; can_top:u_can_top|can_level_packet:u_can_level_packet|Selector161~0                                      ; 1       ;
; can_top:u_can_top|can_level_packet:u_can_level_packet|tx_shift[65]                                       ; 1       ;
; can_top:u_can_top|can_level_packet:u_can_level_packet|Selector111~0                                      ; 1       ;
; can_top:u_can_top|can_level_packet:u_can_level_packet|Selector112~0                                      ; 1       ;
; can_top:u_can_top|r_data~58                                                                              ; 1       ;
; can_top:u_can_top|r_data~57                                                                              ; 1       ;
; can_top:u_can_top|r_data[5]                                                                              ; 1       ;
; can_top:u_can_top|r_data~56                                                                              ; 1       ;
; can_top:u_can_top|r_data[14]                                                                             ; 1       ;
; can_top:u_can_top|r_data~55                                                                              ; 1       ;
; can_top:u_can_top|r_data[23]                                                                             ; 1       ;
; can_top:u_can_top|can_level_packet:u_can_level_packet|Selector160~0                                      ; 1       ;
; can_top:u_can_top|can_level_packet:u_can_level_packet|tx_shift[66]                                       ; 1       ;
; can_top:u_can_top|can_level_packet:u_can_level_packet|comb~0                                             ; 1       ;
; can_top:u_can_top|can_level_packet:u_can_level_packet|Selector145~0                                      ; 1       ;
; can_top:u_can_top|can_level_packet:u_can_level_packet|Selector103~0                                      ; 1       ;
; can_top:u_can_top|can_level_packet:u_can_level_packet|Selector110~0                                      ; 1       ;
; can_top:u_can_top|can_level_packet:u_can_level_packet|Selector113~0                                      ; 1       ;
; can_top:u_can_top|can_level_packet:u_can_level_packet|Selector104~0                                      ; 1       ;
; can_top:u_can_top|r_data~54                                                                              ; 1       ;
; can_top:u_can_top|r_data~53                                                                              ; 1       ;
; can_top:u_can_top|r_data[4]                                                                              ; 1       ;
; can_top:u_can_top|r_data~52                                                                              ; 1       ;
; can_top:u_can_top|r_data[13]                                                                             ; 1       ;
; can_top:u_can_top|r_data~51                                                                              ; 1       ;
; can_top:u_can_top|r_data[22]                                                                             ; 1       ;
; can_top:u_can_top|r_data~50                                                                              ; 1       ;
; can_top:u_can_top|r_data[31]                                                                             ; 1       ;
; can_top:u_can_top|can_level_packet:u_can_level_packet|Selector159~0                                      ; 1       ;
; can_top:u_can_top|can_level_packet:u_can_level_packet|tx_shift[67]                                       ; 1       ;
; can_top:u_can_top|can_level_packet:u_can_level_packet|Selector144~0                                      ; 1       ;
; can_top:u_can_top|can_level_packet:u_can_level_packet|Selector95~0                                       ; 1       ;
; can_top:u_can_top|can_level_packet:u_can_level_packet|Selector102~0                                      ; 1       ;
; can_top:u_can_top|can_level_packet:u_can_level_packet|Selector109~0                                      ; 1       ;
; can_top:u_can_top|can_level_packet:u_can_level_packet|Selector114~0                                      ; 1       ;
; can_top:u_can_top|can_level_packet:u_can_level_packet|Selector105~0                                      ; 1       ;
; can_top:u_can_top|r_data~49                                                                              ; 1       ;
; can_top:u_can_top|can_level_packet:u_can_level_packet|Selector96~0                                       ; 1       ;
; can_top:u_can_top|r_data~48                                                                              ; 1       ;
; can_top:u_can_top|r_data[3]                                                                              ; 1       ;
; can_top:u_can_top|r_data~47                                                                              ; 1       ;
; can_top:u_can_top|r_data[12]                                                                             ; 1       ;
; can_top:u_can_top|r_data~46                                                                              ; 1       ;
; can_top:u_can_top|r_data[21]                                                                             ; 1       ;
; can_top:u_can_top|r_data~45                                                                              ; 1       ;
; can_top:u_can_top|r_data[30]                                                                             ; 1       ;
; can_top:u_can_top|r_data~44                                                                              ; 1       ;
; can_top:u_can_top|r_data[39]                                                                             ; 1       ;
; can_top:u_can_top|can_level_packet:u_can_level_packet|Selector158~0                                      ; 1       ;
; can_top:u_can_top|can_level_packet:u_can_level_packet|tx_shift[68]                                       ; 1       ;
; can_top:u_can_top|can_level_packet:u_can_level_packet|Selector143~0                                      ; 1       ;
; can_top:u_can_top|can_level_packet:u_can_level_packet|Selector87~0                                       ; 1       ;
; can_top:u_can_top|can_level_packet:u_can_level_packet|Selector94~0                                       ; 1       ;
; can_top:u_can_top|can_level_packet:u_can_level_packet|Selector101~0                                      ; 1       ;
; can_top:u_can_top|can_level_packet:u_can_level_packet|Selector108~0                                      ; 1       ;
; can_top:u_can_top|can_level_packet:u_can_level_packet|Selector115~0                                      ; 1       ;
; can_top:u_can_top|can_level_packet:u_can_level_packet|Selector106~0                                      ; 1       ;
; can_top:u_can_top|r_data~43                                                                              ; 1       ;
; can_top:u_can_top|can_level_packet:u_can_level_packet|Selector97~0                                       ; 1       ;
; can_top:u_can_top|r_data~42                                                                              ; 1       ;
; can_top:u_can_top|r_data[2]                                                                              ; 1       ;
; can_top:u_can_top|can_level_packet:u_can_level_packet|Selector88~0                                       ; 1       ;
; can_top:u_can_top|r_data~41                                                                              ; 1       ;
; can_top:u_can_top|r_data[11]                                                                             ; 1       ;
; can_top:u_can_top|r_data~40                                                                              ; 1       ;
; can_top:u_can_top|r_data[20]                                                                             ; 1       ;
; can_top:u_can_top|r_data~39                                                                              ; 1       ;
; can_top:u_can_top|r_data[29]                                                                             ; 1       ;
; can_top:u_can_top|r_data~38                                                                              ; 1       ;
; can_top:u_can_top|r_data[38]                                                                             ; 1       ;
; can_top:u_can_top|can_level_packet:u_can_level_packet|Selector52~0                                       ; 1       ;
; can_top:u_can_top|r_data~37                                                                              ; 1       ;
; can_top:u_can_top|r_data[47]                                                                             ; 1       ;
; can_top:u_can_top|can_level_packet:u_can_level_packet|Selector157~0                                      ; 1       ;
; can_top:u_can_top|can_level_packet:u_can_level_packet|tx_shift[69]                                       ; 1       ;
; can_top:u_can_top|can_level_packet:u_can_level_packet|tx_crc_next[3]                                     ; 1       ;
; can_top:u_can_top|can_level_packet:u_can_level_packet|Selector142~0                                      ; 1       ;
; can_top:u_can_top|can_level_packet:u_can_level_packet|Selector79~0                                       ; 1       ;
; can_top:u_can_top|can_level_packet:u_can_level_packet|Selector86~0                                       ; 1       ;
; can_top:u_can_top|can_level_packet:u_can_level_packet|Selector93~0                                       ; 1       ;
; can_top:u_can_top|can_level_packet:u_can_level_packet|Selector100~0                                      ; 1       ;
; can_top:u_can_top|can_level_packet:u_can_level_packet|Selector107~0                                      ; 1       ;
; can_top:u_can_top|r_data~36                                                                              ; 1       ;
; can_top:u_can_top|can_level_packet:u_can_level_packet|Selector98~0                                       ; 1       ;
; can_top:u_can_top|r_data~35                                                                              ; 1       ;
; can_top:u_can_top|r_data[1]                                                                              ; 1       ;
; can_top:u_can_top|can_level_packet:u_can_level_packet|Selector89~0                                       ; 1       ;
; can_top:u_can_top|r_data~34                                                                              ; 1       ;
; can_top:u_can_top|r_data[10]                                                                             ; 1       ;
; can_top:u_can_top|can_level_packet:u_can_level_packet|Selector80~0                                       ; 1       ;
; can_top:u_can_top|r_data~33                                                                              ; 1       ;
+----------------------------------------------------------------------------------------------------------+---------+


+--------------------------------------------------------------------------------------------------------------------------------------------------------------------------------------------------------------------------------------------------------------------------------------------------------------------------------------------------------------------------------------------------------------------------------------------------------------------------------------------------------------------------------------------------------------------------------------------------------------------------------------------------+
; Fitter RAM Summary                                                                                                                                                                                                                                                                                                                                                                                                                                                                                                                                                                                                                               ;
+-------------------------------------------------------------------------------------+------+------------------+--------------+--------------+--------------+--------------+--------------+------------------------+-------------------------+------------------------+-------------------------+-------+-----------------------------+-----------------------------+-----------------------------+-----------------------------+---------------------+------+------+--------------------------------------------------------------------------------------------------+----------------------+-----------------+-----------------+---------------+
; Name                                                                                ; Type ; Mode             ; Clock Mode   ; Port A Depth ; Port A Width ; Port B Depth ; Port B Width ; Port A Input Registers ; Port A Output Registers ; Port B Input Registers ; Port B Output Registers ; Size  ; Implementation Port A Depth ; Implementation Port A Width ; Implementation Port B Depth ; Implementation Port B Width ; Implementation Bits ; M9Ks ; MIF  ; Location                                                                                         ; Mixed Width RDW Mode ; Port A RDW Mode ; Port B RDW Mode ; Fits in MLABs ;
+-------------------------------------------------------------------------------------+------+------------------+--------------+--------------+--------------+--------------+--------------+------------------------+-------------------------+------------------------+-------------------------+-------+-----------------------------+-----------------------------+-----------------------------+-----------------------------+---------------------+------+------+--------------------------------------------------------------------------------------------------+----------------------+-----------------+-----------------+---------------+
; can_top:u_can_top|altsyncram:buffer_rtl_0|altsyncram_c9h1:auto_generated|ALTSYNCRAM ; AUTO ; Simple Dual Port ; Single Clock ; 1024         ; 63           ; 1024         ; 63           ; yes                    ; no                      ; yes                    ; no                      ; 64512 ; 1024                        ; 63                          ; 1024                        ; 63                          ; 64512               ; 7    ; None ; M9K_X7_Y1_N0, M9K_X7_Y5_N0, M9K_X7_Y2_N0, M9K_X7_Y3_N0, M9K_X7_Y6_N0, M9K_X7_Y7_N0, M9K_X7_Y4_N0 ; Old data             ; Old data        ; Old data        ; No - Unknown  ;
; uart_tx:u_uart_tx|altsyncram:buffer_rtl_0|altsyncram_c6h1:auto_generated|ALTSYNCRAM ; AUTO ; Simple Dual Port ; Single Clock ; 1024         ; 9            ; 1024         ; 9            ; yes                    ; no                      ; yes                    ; no                      ; 9216  ; 1024                        ; 9                           ; 1024                        ; 9                           ; 9216                ; 1    ; None ; M9K_X7_Y11_N0                                                                                    ; Old data             ; Old data        ; Old data        ; No - Unknown  ;
+-------------------------------------------------------------------------------------+------+------------------+--------------+--------------+--------------+--------------+--------------+------------------------+-------------------------+------------------------+-------------------------+-------+-----------------------------+-----------------------------+-----------------------------+-----------------------------+---------------------+------+------+--------------------------------------------------------------------------------------------------+----------------------+-----------------+-----------------+---------------+
Note: Fitter may spread logical memories into multiple blocks to improve timing. The actual required RAM blocks can be found in the Fitter Resource Usage section.


+------------------------------------------------------------+
; Routing Usage Summary                                      ;
+-----------------------------------+------------------------+
; Routing Resource Type             ; Usage                  ;
+-----------------------------------+------------------------+
; Block interconnects               ; 1,563 / 42,960 ( 4 % ) ;
; C16 interconnects                 ; 3 / 1,518 ( < 1 % )    ;
; C4 interconnects                  ; 408 / 26,928 ( 2 % )   ;
; Direct links                      ; 540 / 42,960 ( 1 % )   ;
; GXB block output buffers          ; 0 / 1,200 ( 0 % )      ;
; Global clocks                     ; 2 / 20 ( 10 % )        ;
; Interquad Reference Clock Outputs ; 0 / 1 ( 0 % )          ;
; Interquad TXRX Clocks             ; 0 / 8 ( 0 % )          ;
; Interquad TXRX PCSRX outputs      ; 0 / 4 ( 0 % )          ;
; Interquad TXRX PCSTX outputs      ; 0 / 4 ( 0 % )          ;
; Local interconnects               ; 732 / 14,400 ( 5 % )   ;
; R24 interconnects                 ; 3 / 1,710 ( < 1 % )    ;
; R4 interconnects                  ; 576 / 37,740 ( 2 % )   ;
+-----------------------------------+------------------------+


+-----------------------------------------------------------------------------+
; LAB Logic Elements                                                          ;
+---------------------------------------------+-------------------------------+
; Number of Logic Elements  (Average = 12.82) ; Number of LABs  (Total = 102) ;
+---------------------------------------------+-------------------------------+
; 1                                           ; 6                             ;
; 2                                           ; 4                             ;
; 3                                           ; 3                             ;
; 4                                           ; 2                             ;
; 5                                           ; 3                             ;
; 6                                           ; 1                             ;
; 7                                           ; 1                             ;
; 8                                           ; 1                             ;
; 9                                           ; 1                             ;
; 10                                          ; 1                             ;
; 11                                          ; 3                             ;
; 12                                          ; 3                             ;
; 13                                          ; 1                             ;
; 14                                          ; 4                             ;
; 15                                          ; 4                             ;
; 16                                          ; 64                            ;
+---------------------------------------------+-------------------------------+


+--------------------------------------------------------------------+
; LAB-wide Signals                                                   ;
+------------------------------------+-------------------------------+
; LAB-wide Signals  (Average = 2.09) ; Number of LABs  (Total = 102) ;
+------------------------------------+-------------------------------+
; 1 Async. clear                     ; 73                            ;
; 1 Clock                            ; 74                            ;
; 1 Clock enable                     ; 40                            ;
; 1 Sync. clear                      ; 11                            ;
; 1 Sync. load                       ; 3                             ;
; 2 Clock enables                    ; 12                            ;
+------------------------------------+-------------------------------+


+------------------------------------------------------------------------------+
; LAB Signals Sourced                                                          ;
+----------------------------------------------+-------------------------------+
; Number of Signals Sourced  (Average = 20.42) ; Number of LABs  (Total = 102) ;
+----------------------------------------------+-------------------------------+
; 0                                            ; 0                             ;
; 1                                            ; 5                             ;
; 2                                            ; 3                             ;
; 3                                            ; 3                             ;
; 4                                            ; 3                             ;
; 5                                            ; 2                             ;
; 6                                            ; 1                             ;
; 7                                            ; 1                             ;
; 8                                            ; 2                             ;
; 9                                            ; 1                             ;
; 10                                           ; 0                             ;
; 11                                           ; 2                             ;
; 12                                           ; 2                             ;
; 13                                           ; 0                             ;
; 14                                           ; 1                             ;
; 15                                           ; 1                             ;
; 16                                           ; 10                            ;
; 17                                           ; 5                             ;
; 18                                           ; 1                             ;
; 19                                           ; 2                             ;
; 20                                           ; 2                             ;
; 21                                           ; 4                             ;
; 22                                           ; 1                             ;
; 23                                           ; 3                             ;
; 24                                           ; 3                             ;
; 25                                           ; 1                             ;
; 26                                           ; 4                             ;
; 27                                           ; 2                             ;
; 28                                           ; 5                             ;
; 29                                           ; 1                             ;
; 30                                           ; 2                             ;
; 31                                           ; 0                             ;
; 32                                           ; 29                            ;
+----------------------------------------------+-------------------------------+


+---------------------------------------------------------------------------------+
; LAB Signals Sourced Out                                                         ;
+-------------------------------------------------+-------------------------------+
; Number of Signals Sourced Out  (Average = 8.77) ; Number of LABs  (Total = 102) ;
+-------------------------------------------------+-------------------------------+
; 0                                               ; 0                             ;
; 1                                               ; 19                            ;
; 2                                               ; 6                             ;
; 3                                               ; 6                             ;
; 4                                               ; 1                             ;
; 5                                               ; 4                             ;
; 6                                               ; 1                             ;
; 7                                               ; 6                             ;
; 8                                               ; 10                            ;
; 9                                               ; 5                             ;
; 10                                              ; 2                             ;
; 11                                              ; 3                             ;
; 12                                              ; 8                             ;
; 13                                              ; 4                             ;
; 14                                              ; 6                             ;
; 15                                              ; 3                             ;
; 16                                              ; 15                            ;
; 17                                              ; 0                             ;
; 18                                              ; 0                             ;
; 19                                              ; 0                             ;
; 20                                              ; 0                             ;
; 21                                              ; 0                             ;
; 22                                              ; 0                             ;
; 23                                              ; 1                             ;
; 24                                              ; 1                             ;
; 25                                              ; 0                             ;
; 26                                              ; 0                             ;
; 27                                              ; 0                             ;
; 28                                              ; 0                             ;
; 29                                              ; 0                             ;
; 30                                              ; 0                             ;
; 31                                              ; 0                             ;
; 32                                              ; 1                             ;
+-------------------------------------------------+-------------------------------+


+------------------------------------------------------------------------------+
; LAB Distinct Inputs                                                          ;
+----------------------------------------------+-------------------------------+
; Number of Distinct Inputs  (Average = 13.29) ; Number of LABs  (Total = 102) ;
+----------------------------------------------+-------------------------------+
; 0                                            ; 0                             ;
; 1                                            ; 1                             ;
; 2                                            ; 2                             ;
; 3                                            ; 2                             ;
; 4                                            ; 7                             ;
; 5                                            ; 4                             ;
; 6                                            ; 1                             ;
; 7                                            ; 4                             ;
; 8                                            ; 9                             ;
; 9                                            ; 1                             ;
; 10                                           ; 3                             ;
; 11                                           ; 9                             ;
; 12                                           ; 9                             ;
; 13                                           ; 3                             ;
; 14                                           ; 5                             ;
; 15                                           ; 4                             ;
; 16                                           ; 4                             ;
; 17                                           ; 8                             ;
; 18                                           ; 1                             ;
; 19                                           ; 4                             ;
; 20                                           ; 2                             ;
; 21                                           ; 4                             ;
; 22                                           ; 2                             ;
; 23                                           ; 3                             ;
; 24                                           ; 1                             ;
; 25                                           ; 2                             ;
; 26                                           ; 1                             ;
; 27                                           ; 1                             ;
; 28                                           ; 1                             ;
; 29                                           ; 2                             ;
; 30                                           ; 0                             ;
; 31                                           ; 0                             ;
; 32                                           ; 1                             ;
+----------------------------------------------+-------------------------------+


+------------------------------------------+
; I/O Rules Summary                        ;
+----------------------------------+-------+
; I/O Rules Statistic              ; Total ;
+----------------------------------+-------+
; Total I/O Rules                  ; 30    ;
; Number of I/O Rules Passed       ; 9     ;
; Number of I/O Rules Failed       ; 0     ;
; Number of I/O Rules Unchecked    ; 0     ;
; Number of I/O Rules Inapplicable ; 21    ;
+----------------------------------+-------+


+-----------------------------------------------------------------------------------------------------------------------------------------------------------------------------------------------------------------------------------------------------------------------------------------------------+
; I/O Rules Details                                                                                                                                                                                                                                                                                   ;
+--------------+-----------+-----------------------------------+------------------------------------------------------------------------------------------------------+----------+--------------------------------------------------------------------------+---------------------+-------------------+
; Status       ; ID        ; Category                          ; Rule Description                                                                                     ; Severity ; Information                                                              ; Area                ; Extra Information ;
+--------------+-----------+-----------------------------------+------------------------------------------------------------------------------------------------------+----------+--------------------------------------------------------------------------+---------------------+-------------------+
; Inapplicable ; IO_000001 ; Capacity Checks                   ; Number of pins in an I/O bank should not exceed the number of locations available.                   ; Critical ; No Location assignments found.                                           ; I/O                 ;                   ;
; Inapplicable ; IO_000002 ; Capacity Checks                   ; Number of clocks in an I/O bank should not exceed the number of clocks available.                    ; Critical ; No Global Signal assignments found.                                      ; I/O                 ;                   ;
; Inapplicable ; IO_000003 ; Capacity Checks                   ; Number of pins in a Vrefgroup should not exceed the number of locations available.                   ; Critical ; No Location assignments found.                                           ; I/O                 ;                   ;
; Inapplicable ; IO_000004 ; Voltage Compatibility Checks      ; The I/O bank should support the requested VCCIO.                                                     ; Critical ; No IOBANK_VCCIO assignments found.                                       ; I/O                 ;                   ;
; Inapplicable ; IO_000005 ; Voltage Compatibility Checks      ; The I/O bank should not have competing VREF values.                                                  ; Critical ; No VREF I/O Standard assignments found.                                  ; I/O                 ;                   ;
; Pass         ; IO_000006 ; Voltage Compatibility Checks      ; The I/O bank should not have competing VCCIO values.                                                 ; Critical ; 0 such failures found.                                                   ; I/O                 ;                   ;
; Inapplicable ; IO_000007 ; Valid Location Checks             ; Checks for unavailable locations.                                                                    ; Critical ; No Location assignments found.                                           ; I/O                 ;                   ;
; Inapplicable ; IO_000008 ; Valid Location Checks             ; Checks for reserved locations.                                                                       ; Critical ; No reserved LogicLock region found.                                      ; I/O                 ;                   ;
; Pass         ; IO_000009 ; I/O Properties Checks for One I/O ; The location should support the requested I/O standard.                                              ; Critical ; 0 such failures found.                                                   ; I/O                 ;                   ;
; Pass         ; IO_000010 ; I/O Properties Checks for One I/O ; The location should support the requested I/O direction.                                             ; Critical ; 0 such failures found.                                                   ; I/O                 ;                   ;
; Inapplicable ; IO_000011 ; I/O Properties Checks for One I/O ; The location should support the requested Current Strength.                                          ; Critical ; No Current Strength assignments found.                                   ; I/O                 ;                   ;
; Pass         ; IO_000012 ; I/O Properties Checks for One I/O ; The location should support the requested On Chip Termination value.                                 ; Critical ; 0 such failures found.                                                   ; I/O                 ;                   ;
; Inapplicable ; IO_000013 ; I/O Properties Checks for One I/O ; The location should support the requested Bus Hold value.                                            ; Critical ; No Enable Bus-Hold Circuitry assignments found.                          ; I/O                 ;                   ;
; Inapplicable ; IO_000014 ; I/O Properties Checks for One I/O ; The location should support the requested Weak Pull Up value.                                        ; Critical ; No Weak Pull-Up Resistor assignments found.                              ; I/O                 ;                   ;
; Pass         ; IO_000015 ; I/O Properties Checks for One I/O ; The location should support the requested PCI Clamp Diode.                                           ; Critical ; 0 such failures found.                                                   ; I/O                 ;                   ;
; Inapplicable ; IO_000018 ; I/O Properties Checks for One I/O ; The I/O standard should support the requested Current Strength.                                      ; Critical ; No Current Strength assignments found.                                   ; I/O                 ;                   ;
; Pass         ; IO_000019 ; I/O Properties Checks for One I/O ; The I/O standard should support the requested On Chip Termination value.                             ; Critical ; 0 such failures found.                                                   ; I/O                 ;                   ;
; Pass         ; IO_000020 ; I/O Properties Checks for One I/O ; The I/O standard should support the requested PCI Clamp Diode.                                       ; Critical ; 0 such failures found.                                                   ; I/O                 ;                   ;
; Inapplicable ; IO_000021 ; I/O Properties Checks for One I/O ; The I/O standard should support the requested Weak Pull Up value.                                    ; Critical ; No Weak Pull-Up Resistor assignments found.                              ; I/O                 ;                   ;
; Inapplicable ; IO_000022 ; I/O Properties Checks for One I/O ; The I/O standard should support the requested Bus Hold value.                                        ; Critical ; No Enable Bus-Hold Circuitry assignments found.                          ; I/O                 ;                   ;
; Inapplicable ; IO_000023 ; I/O Properties Checks for One I/O ; The I/O standard should support the Open Drain value.                                                ; Critical ; No open drain assignments found.                                         ; I/O                 ;                   ;
; Pass         ; IO_000024 ; I/O Properties Checks for One I/O ; The I/O direction should support the On Chip Termination value.                                      ; Critical ; 0 such failures found.                                                   ; I/O                 ;                   ;
; Inapplicable ; IO_000026 ; I/O Properties Checks for One I/O ; On Chip Termination and Current Strength should not be used at the same time.                        ; Critical ; No Current Strength assignments found.                                   ; I/O                 ;                   ;
; Inapplicable ; IO_000027 ; I/O Properties Checks for One I/O ; Weak Pull Up and Bus Hold should not be used at the same time.                                       ; Critical ; No Enable Bus-Hold Circuitry or Weak Pull-Up Resistor assignments found. ; I/O                 ;                   ;
; Inapplicable ; IO_000045 ; I/O Properties Checks for One I/O ; The I/O standard should support the requested Slew Rate value.                                       ; Critical ; No Slew Rate assignments found.                                          ; I/O                 ;                   ;
; Inapplicable ; IO_000046 ; I/O Properties Checks for One I/O ; The location should support the requested Slew Rate value.                                           ; Critical ; No Slew Rate assignments found.                                          ; I/O                 ;                   ;
; Inapplicable ; IO_000047 ; I/O Properties Checks for One I/O ; On Chip Termination and Slew Rate should not be used at the same time.                               ; Critical ; No Slew Rate assignments found.                                          ; I/O                 ;                   ;
; Pass         ; IO_000033 ; Electromigration Checks           ; Current density for consecutive I/Os should not exceed 240mA for row I/Os and 240mA for column I/Os. ; Critical ; 0 such failures found.                                                   ; I/O                 ;                   ;
; Inapplicable ; IO_000034 ; SI Related Distance Checks        ; Single-ended outputs should be 5 LAB row(s) away from a differential I/O.                            ; High     ; No Differential I/O Standard assignments found.                          ; I/O                 ;                   ;
; Inapplicable ; IO_000042 ; SI Related SSO Limit Checks       ; No more than 20 outputs are allowed in a VREF group when VREF is being read from.                    ; High     ; No VREF I/O Standard assignments found.                                  ; I/O                 ;                   ;
; ----         ; ----      ; Disclaimer                        ; OCT rules are checked but not reported.                                                              ; None     ; ----                                                                     ; On Chip Termination ;                   ;
+--------------+-----------+-----------------------------------+------------------------------------------------------------------------------------------------------+----------+--------------------------------------------------------------------------+---------------------+-------------------+


+--------------------------------------------------------------------------------------------------------------------------------------------------------------------------------------------------------------------------------------------------------------------------------------------------------------------------------------------------------------------------------------------------------------------------------------------------------------------------+
; I/O Rules Matrix                                                                                                                                                                                                                                                                                                                                                                                                                                                         ;
+--------------------+--------------+--------------+--------------+--------------+--------------+-----------+--------------+--------------+-----------+-----------+--------------+--------------+--------------+--------------+--------------+--------------+--------------+--------------+--------------+--------------+--------------+--------------+--------------+--------------+--------------+--------------+--------------+-----------+--------------+--------------+
; Pin/Rules          ; IO_000001    ; IO_000002    ; IO_000003    ; IO_000004    ; IO_000005    ; IO_000006 ; IO_000007    ; IO_000008    ; IO_000009 ; IO_000010 ; IO_000011    ; IO_000012    ; IO_000013    ; IO_000014    ; IO_000015    ; IO_000018    ; IO_000019    ; IO_000020    ; IO_000021    ; IO_000022    ; IO_000023    ; IO_000024    ; IO_000026    ; IO_000027    ; IO_000045    ; IO_000046    ; IO_000047    ; IO_000033 ; IO_000034    ; IO_000042    ;
+--------------------+--------------+--------------+--------------+--------------+--------------+-----------+--------------+--------------+-----------+-----------+--------------+--------------+--------------+--------------+--------------+--------------+--------------+--------------+--------------+--------------+--------------+--------------+--------------+--------------+--------------+--------------+--------------+-----------+--------------+--------------+
; Total Pass         ; 0            ; 0            ; 0            ; 0            ; 0            ; 4         ; 0            ; 0            ; 4         ; 4         ; 0            ; 2            ; 0            ; 0            ; 2            ; 0            ; 2            ; 2            ; 0            ; 0            ; 0            ; 2            ; 0            ; 0            ; 0            ; 0            ; 0            ; 4         ; 0            ; 0            ;
; Total Unchecked    ; 0            ; 0            ; 0            ; 0            ; 0            ; 0         ; 0            ; 0            ; 0         ; 0         ; 0            ; 0            ; 0            ; 0            ; 0            ; 0            ; 0            ; 0            ; 0            ; 0            ; 0            ; 0            ; 0            ; 0            ; 0            ; 0            ; 0            ; 0         ; 0            ; 0            ;
; Total Inapplicable ; 4            ; 4            ; 4            ; 4            ; 4            ; 0         ; 4            ; 4            ; 0         ; 0         ; 4            ; 2            ; 4            ; 4            ; 2            ; 4            ; 2            ; 2            ; 4            ; 4            ; 4            ; 2            ; 4            ; 4            ; 4            ; 4            ; 4            ; 0         ; 4            ; 4            ;
; Total Fail         ; 0            ; 0            ; 0            ; 0            ; 0            ; 0         ; 0            ; 0            ; 0         ; 0         ; 0            ; 0            ; 0            ; 0            ; 0            ; 0            ; 0            ; 0            ; 0            ; 0            ; 0            ; 0            ; 0            ; 0            ; 0            ; 0            ; 0            ; 0         ; 0            ; 0            ;
; UART_TX            ; Inapplicable ; Inapplicable ; Inapplicable ; Inapplicable ; Inapplicable ; Pass      ; Inapplicable ; Inapplicable ; Pass      ; Pass      ; Inapplicable ; Pass         ; Inapplicable ; Inapplicable ; Inapplicable ; Inapplicable ; Pass         ; Inapplicable ; Inapplicable ; Inapplicable ; Inapplicable ; Pass         ; Inapplicable ; Inapplicable ; Inapplicable ; Inapplicable ; Inapplicable ; Pass      ; Inapplicable ; Inapplicable ;
; CAN_TX             ; Inapplicable ; Inapplicable ; Inapplicable ; Inapplicable ; Inapplicable ; Pass      ; Inapplicable ; Inapplicable ; Pass      ; Pass      ; Inapplicable ; Pass         ; Inapplicable ; Inapplicable ; Inapplicable ; Inapplicable ; Pass         ; Inapplicable ; Inapplicable ; Inapplicable ; Inapplicable ; Pass         ; Inapplicable ; Inapplicable ; Inapplicable ; Inapplicable ; Inapplicable ; Pass      ; Inapplicable ; Inapplicable ;
; CLK50M             ; Inapplicable ; Inapplicable ; Inapplicable ; Inapplicable ; Inapplicable ; Pass      ; Inapplicable ; Inapplicable ; Pass      ; Pass      ; Inapplicable ; Inapplicable ; Inapplicable ; Inapplicable ; Pass         ; Inapplicable ; Inapplicable ; Pass         ; Inapplicable ; Inapplicable ; Inapplicable ; Inapplicable ; Inapplicable ; Inapplicable ; Inapplicable ; Inapplicable ; Inapplicable ; Pass      ; Inapplicable ; Inapplicable ;
; CAN_RX             ; Inapplicable ; Inapplicable ; Inapplicable ; Inapplicable ; Inapplicable ; Pass      ; Inapplicable ; Inapplicable ; Pass      ; Pass      ; Inapplicable ; Inapplicable ; Inapplicable ; Inapplicable ; Pass         ; Inapplicable ; Inapplicable ; Pass         ; Inapplicable ; Inapplicable ; Inapplicable ; Inapplicable ; Inapplicable ; Inapplicable ; Inapplicable ; Inapplicable ; Inapplicable ; Pass      ; Inapplicable ; Inapplicable ;
+--------------------+--------------+--------------+--------------+--------------+--------------+-----------+--------------+--------------+-----------+-----------+--------------+--------------+--------------+--------------+--------------+--------------+--------------+--------------+--------------+--------------+--------------+--------------+--------------+--------------+--------------+--------------+--------------+-----------+--------------+--------------+


+-----------------------------------------------------------------------------------------------+
; Fitter Device Options                                                                         ;
+------------------------------------------------------------------+----------------------------+
; Option                                                           ; Setting                    ;
+------------------------------------------------------------------+----------------------------+
; Enable user-supplied start-up clock (CLKUSR)                     ; Off                        ;
; Enable device-wide reset (DEV_CLRn)                              ; Off                        ;
; Enable device-wide output enable (DEV_OE)                        ; Off                        ;
; Enable INIT_DONE output                                          ; Off                        ;
; Configuration scheme                                             ; Active Serial              ;
; Error detection CRC                                              ; Off                        ;
; Enable input tri-state on active configuration pins in user mode ; Off                        ;
; Active Serial clock source                                       ; 40 MHz Internal Oscillator ;
; Configuration Voltage Level                                      ; Auto                       ;
; Force Configuration Voltage Level                                ; Off                        ;
; nCEO                                                             ; As output driving ground   ;
; Data[0]                                                          ; As input tri-stated        ;
; Data[1]/ASDO                                                     ; As input tri-stated        ;
; Data[7..2]                                                       ; Unreserved                 ;
; FLASH_nCE/nCSO                                                   ; As input tri-stated        ;
; DCLK                                                             ; As output driving ground   ;
; Base pin-out file on sameframe device                            ; Off                        ;
+------------------------------------------------------------------+----------------------------+


+------------------------------------+
; Operating Settings and Conditions  ;
+---------------------------+--------+
; Setting                   ; Value  ;
+---------------------------+--------+
; Nominal Core Voltage      ; 1.20 V ;
; Low Junction Temperature  ; 0 °C   ;
; High Junction Temperature ; 85 °C  ;
+---------------------------+--------+


+------------------------------------------------------------+
; Estimated Delay Added for Hold Timing Summary              ;
+-----------------+----------------------+-------------------+
; Source Clock(s) ; Destination Clock(s) ; Delay Added in ns ;
+-----------------+----------------------+-------------------+
; CLK50M          ; CLK50M               ; 1.7               ;
+-----------------+----------------------+-------------------+
Note: For more information on problematic transfers, consider running the Fitter again with the Optimize hold timing option (Settings Menu) turned off.
This will disable optimization of problematic paths and expose them for further analysis using the TimeQuest Timing Analyzer.


+-----------------------------------------------------------------------------------------------------------------------------------------------------------+
; Estimated Delay Added for Hold Timing Details                                                                                                             ;
+---------------------------+-----------------------------------------------------------------------------------------------------------+-------------------+
; Source Register           ; Destination Register                                                                                      ; Delay Added in ns ;
+---------------------------+-----------------------------------------------------------------------------------------------------------+-------------------+
; uart_tx:u_uart_tx|wptr[0] ; uart_tx:u_uart_tx|altsyncram:buffer_rtl_0|altsyncram_c6h1:auto_generated|ram_block1a8~porta_address_reg0  ; 0.187             ;
; can_top:u_can_top|rptr[4] ; can_top:u_can_top|altsyncram:buffer_rtl_0|altsyncram_c9h1:auto_generated|ram_block1a9~portb_address_reg0  ; 0.096             ;
; can_top:u_can_top|rptr[3] ; can_top:u_can_top|altsyncram:buffer_rtl_0|altsyncram_c9h1:auto_generated|ram_block1a9~portb_address_reg0  ; 0.096             ;
; can_top:u_can_top|rptr[9] ; can_top:u_can_top|altsyncram:buffer_rtl_0|altsyncram_c9h1:auto_generated|ram_block1a9~portb_address_reg0  ; 0.096             ;
; can_top:u_can_top|rptr[5] ; can_top:u_can_top|altsyncram:buffer_rtl_0|altsyncram_c9h1:auto_generated|ram_block1a9~portb_address_reg0  ; 0.096             ;
; can_top:u_can_top|rptr[2] ; can_top:u_can_top|altsyncram:buffer_rtl_0|altsyncram_c9h1:auto_generated|ram_block1a9~portb_address_reg0  ; 0.096             ;
; can_top:u_can_top|wptr[7] ; can_top:u_can_top|altsyncram:buffer_rtl_0|altsyncram_c9h1:auto_generated|ram_block1a36~porta_address_reg0 ; 0.095             ;
; can_top:u_can_top|wptr[6] ; can_top:u_can_top|altsyncram:buffer_rtl_0|altsyncram_c9h1:auto_generated|ram_block1a36~porta_address_reg0 ; 0.095             ;
; can_top:u_can_top|wptr[8] ; can_top:u_can_top|altsyncram:buffer_rtl_0|altsyncram_c9h1:auto_generated|ram_block1a36~porta_address_reg0 ; 0.095             ;
; can_top:u_can_top|wptr[5] ; can_top:u_can_top|altsyncram:buffer_rtl_0|altsyncram_c9h1:auto_generated|ram_block1a36~porta_address_reg0 ; 0.095             ;
; can_top:u_can_top|rptr[8] ; can_top:u_can_top|altsyncram:buffer_rtl_0|altsyncram_c9h1:auto_generated|ram_block1a9~portb_address_reg0  ; 0.095             ;
; can_top:u_can_top|rptr[6] ; can_top:u_can_top|altsyncram:buffer_rtl_0|altsyncram_c9h1:auto_generated|ram_block1a9~portb_address_reg0  ; 0.095             ;
; can_top:u_can_top|rptr[7] ; can_top:u_can_top|altsyncram:buffer_rtl_0|altsyncram_c9h1:auto_generated|ram_block1a9~portb_address_reg0  ; 0.095             ;
; can_top:u_can_top|wptr[9] ; can_top:u_can_top|altsyncram:buffer_rtl_0|altsyncram_c9h1:auto_generated|ram_block1a36~porta_address_reg0 ; 0.094             ;
; can_top:u_can_top|wptr[4] ; can_top:u_can_top|altsyncram:buffer_rtl_0|altsyncram_c9h1:auto_generated|ram_block1a36~porta_address_reg0 ; 0.094             ;
; can_top:u_can_top|wptr[3] ; can_top:u_can_top|altsyncram:buffer_rtl_0|altsyncram_c9h1:auto_generated|ram_block1a36~porta_address_reg0 ; 0.094             ;
; can_top:u_can_top|wptr[2] ; can_top:u_can_top|altsyncram:buffer_rtl_0|altsyncram_c9h1:auto_generated|ram_block1a36~porta_address_reg0 ; 0.093             ;
+---------------------------+-----------------------------------------------------------------------------------------------------------+-------------------+
Note: This table only shows the top 17 path(s) that have the largest delay added for hold.


+-----------------+
; Fitter Messages ;
+-----------------+
Info (20030): Parallel compilation is enabled and will use 16 of the 20 processors detected
Info (119004): Automatically selected device EP4CGX15BF14C6 for design FPGA
Info (21076): High junction temperature operating condition is not set. Assuming a default value of '85'.
Info (21076): Low junction temperature operating condition is not set. Assuming a default value of '0'.
Info (171003): Fitter is performing an Auto Fit compilation, which may decrease Fitter effort to reduce compilation time
Info (176444): Device migration not selected. If you intend to use device migration later, you may need to change the pin assignments as they may be incompatible with other devices
    Info (176445): Device EP4CGX30BF14C6 is compatible
    Info (176445): Device EP4CGX22BF14C6 is compatible
Info (169124): Fitter converted 5 user pins into dedicated programming pins
    Info (169125): Pin ~ALTERA_NCEO~ is reserved at location N5
    Info (169125): Pin ~ALTERA_DATA0~ is reserved at location A5
    Info (169125): Pin ~ALTERA_ASDO~ is reserved at location B5
    Info (169125): Pin ~ALTERA_NCSO~ is reserved at location C5
    Info (169125): Pin ~ALTERA_DCLK~ is reserved at location A4
Warning (15714): Some pins have incomplete I/O assignments. Refer to the I/O Assignment Warnings report for details
Info (176045): Design uses memory blocks. Violating setup or hold times of memory block address registers for either read or write operations could cause memory contents to be corrupted. Make sure that all memory block address registers meet the setup and hold time requirements.
Critical Warning (169085): No exact pin location assignment(s) for 4 pins of 4 total pins
    Info (169086): Pin UART_TX not assigned to an exact location on the device
    Info (169086): Pin CAN_TX not assigned to an exact location on the device
    Info (169086): Pin CLK50M not assigned to an exact location on the device
    Info (169086): Pin CAN_RX not assigned to an exact location on the device
Critical Warning (332012): Synopsys Design Constraints File file not found: 'FPGA.sdc'. A Synopsys Design Constraints File is required by the TimeQuest Timing Analyzer to get proper timing constraints. Without it, the Compiler will not properly optimize the design.
Info (332144): No user constrained base clocks found in the design
Info (332143): No user constrained clock uncertainty found in the design. Calling "derive_clock_uncertainty"
Info (332154): The derive_clock_uncertainty command did not apply clock uncertainty to any clock-to-clock transfers.
Info (332130): Timing requirements not specified -- quality metrics such as performance may be sacrificed to reduce compilation time.
Info (176353): Automatically promoted node CLK50M~input (placed in PIN J7 (CLK13, DIFFCLK_7n, REFCLK0n))
    Info (176355): Automatically promoted destinations to use location or clock signal Global Clock CLKCTRL_G17
Info (176353): Automatically promoted node rstn 
    Info (176355): Automatically promoted destinations to use location or clock signal Global Clock
Info (176233): Starting register packing
Info (176235): Finished register packing
    Extra Info (176219): No registers were packed into other blocks
Info (176214): Statistics of I/O pins that need to be placed that use the same VCCIO and VREF, before I/O pin placement
    Info (176211): Number of I/O pins in group: 3 (unused VREF, 2.5V VCCIO, 1 input, 2 output, 0 bidirectional)
        Info (176212): I/O standards used: 2.5 V.
Info (176215): I/O bank details before I/O pin placement
    Info (176214): Statistics of I/O banks
        Info (176213): I/O bank number QL0 does not use VREF pins and has undetermined VCCIO pins. 0 total pin(s) used --  0 pins available
        Info (176213): I/O bank number 3 does not use VREF pins and has undetermined VCCIO pins. 1 total pin(s) used --  7 pins available
        Info (176213): I/O bank number 3A does not use VREF pins and has undetermined VCCIO pins. 1 total pin(s) used --  1 pins available
        Info (176213): I/O bank number 4 does not use VREF pins and has undetermined VCCIO pins. 0 total pin(s) used --  14 pins available
        Info (176213): I/O bank number 5 does not use VREF pins and has undetermined VCCIO pins. 0 total pin(s) used --  12 pins available
        Info (176213): I/O bank number 6 does not use VREF pins and has undetermined VCCIO pins. 0 total pin(s) used --  12 pins available
        Info (176213): I/O bank number 7 does not use VREF pins and has undetermined VCCIO pins. 0 total pin(s) used --  14 pins available
        Info (176213): I/O bank number 8A does not use VREF pins and has undetermined VCCIO pins. 0 total pin(s) used --  2 pins available
        Info (176213): I/O bank number 8 does not use VREF pins and has undetermined VCCIO pins. 0 total pin(s) used --  5 pins available
        Info (176213): I/O bank number 9 does not use VREF pins and has undetermined VCCIO pins. 4 total pin(s) used --  0 pins available
Info (171121): Fitter preparation operations ending: elapsed time is 00:00:01
Info (170189): Fitter placement preparation operations beginning
Info (170190): Fitter placement preparation operations ending: elapsed time is 00:00:00
Info (170191): Fitter placement operations beginning
Info (170137): Fitter placement was successful
Info (170192): Fitter placement operations ending: elapsed time is 00:00:01
Info (170193): Fitter routing operations beginning
Info (170195): Router estimated average interconnect usage is 1% of the available device resources
    Info (170196): Router estimated peak interconnect usage is 4% of the available device resources in the region that extends from location X0_Y0 to location X10_Y9
Info (170194): Fitter routing operations ending: elapsed time is 00:00:01
Info (170199): The Fitter performed an Auto Fit compilation.  Optimizations were skipped to reduce compilation time.
    Info (170201): Optimizations that may affect the design's routability were skipped
Info (11888): Total time spent on timing analysis during the Fitter is 1.34 seconds.
Info (334003): Started post-fitting delay annotation
Info (334004): Delay annotation completed successfully
Info (334003): Started post-fitting delay annotation
Info (334004): Delay annotation completed successfully
Info (11218): Fitter post-fit operations ending: elapsed time is 00:00:01
Warning (169177): 1 pins must meet Altera requirements for 3.3-, 3.0-, and 2.5-V interfaces. For more information, refer to AN 447: Interfacing Cyclone IV GX Devices with 3.3/3.0/2.5-V LVTTL/LVCMOS I/O Systems.
    Info (169178): Pin CLK50M uses I/O standard 2.5 V at J7
Info (144001): Generated suppressed messages file D:/Project/Work/FPGA/FPGA.fit.smsg
Info: Quartus II 64-Bit Fitter was successful. 0 errors, 4 warnings
    Info: Peak virtual memory: 6628 megabytes
    Info: Processing ended: Tue Jul 28 16:58:20 2026
    Info: Elapsed time: 00:00:07
    Info: Total CPU time (on all processors): 00:00:11


+----------------------------+
; Fitter Suppressed Messages ;
+----------------------------+
The suppressed messages can be found in D:/Project/Work/FPGA/FPGA.fit.smsg.


